name,display_name,description,units,doc_range_min,doc_range_max,values,bitmask,user_level,reboot_required,xplorer_default,xplorer_readonly,xplorer_user_visible,xplorer_clamp_min,xplorer_clamp_max,source
ADSB_EMIT_TYPE,Emitter type,ADSB classification for the type of vehicle emitting the transponder signal. Default value is 14 (UAV).,,,,"0:NoInfo, 1:Light, 2:Small, 3:Large, 4:HighVortexlarge, 5:Heavy, 6:HighlyManuv, 7:Rotocraft, 8:RESERVED, 9:Glider, 10:LightAir, 11:Parachute, 12:UltraLight, 13:RESERVED, 14:UAV, 15:Space, 16:RESERVED, 17:EmergencySurface, 18:ServiceSurface, 19:PointObstacle",,Advanced,,14,True,False,,,apm.pdef.json (@Param metadata)
ADSB_ICAO_ID,ICAO_ID vehicle identification number,"ICAO_ID unique vehicle identification number of this aircraft. This is an integer limited to 24bits. If set to 0 then one will be randomly generated. If set to -1 then static information is not sent, transceiver is assumed pre-programmed.",,-1,16777215,,,Advanced,,0,True,False,,,apm.pdef.json (@Param metadata)
ADSB_ICAO_SPECL,ICAO_ID of special vehicle,ICAO_ID of special vehicle that ignores ADSB_LIST_RADIUS and ADSB_LIST_ALT. The vehicle is always tracked. Use 0 to disable.,,,,,,Advanced,,0,True,False,,,apm.pdef.json (@Param metadata)
ADSB_LEN_WIDTH,Aircraft length and width,"Aircraft length and width dimension options in Length and Width in meters. In most cases, use a value of 1 for smallest size.",,,,"0:NO_DATA, 1:L15W23, 2:L25W28P5, 3:L25W34, 4:L35W33, 5:L35W38, 6:L45W39P5, 7:L45W45, 8:L55W45, 9:L55W52, 10:L65W59P5, 11:L65W67, 12:L75W72P5, 13:L75W80, 14:L85W80, 15:L85W90",,Advanced,,1,True,False,,,apm.pdef.json (@Param metadata)
ADSB_LIST_ALT,ADSB vehicle list altitude filter,ADSB vehicle list altitude filter. Vehicles detected more than this altitude above our own altitude will be completely ignored. They will not show up in the SRx_ADSB stream to the GCS and will not be considered in any avoidance calculations. A value of 0 will disable this filter.,m,0,32767,,,Advanced,,0,True,False,,,apm.pdef.json (@Param metadata)
ADSB_LIST_MAX,ADSB vehicle list size,ADSB list size of nearest vehicles. Longer lists take longer to refresh with lower SRx_ADSB values.,,1,100,,,Advanced,True,25,True,False,,,apm.pdef.json (@Param metadata)
ADSB_LIST_RADIUS,ADSB vehicle list radius filter,ADSB vehicle list radius filter. Vehicles detected outside this radius will be completely ignored. They will not show up in the SRx_ADSB stream to the GCS and will not be considered in any avoidance calculations. A value of 0 will disable this filter.,m,0,100000,,,Advanced,,10000,True,False,,,apm.pdef.json (@Param metadata)
ADSB_LOG,ADS-B logging,"0: no logging, 1: log only special ID, 2:log all",,,,"0:no logging, 1:log only special ID, 2:log all",,Advanced,,1,True,False,,,apm.pdef.json (@Param metadata)
ADSB_OFFSET_LAT,GPS antenna lateral offset,GPS antenna lateral offset. This describes the physical location offset from center of the GPS antenna on the aircraft.,,,,"0:NoData, 1:Left2m, 2:Left4m, 3:Left6m, 4:Center, 5:Right2m, 6:Right4m, 7:Right6m",,Advanced,,4,True,False,,,apm.pdef.json (@Param metadata)
ADSB_OFFSET_LON,GPS antenna longitudinal offset,"GPS antenna longitudinal offset. This is usually set to 1, Applied By Sensor",,,,"0:NO_DATA, 1:AppliedBySensor",,Advanced,,1,True,False,,,apm.pdef.json (@Param metadata)
ADSB_OPTIONS,ADS-B Options,Options for emergency failsafe codes and device capabilities,,,,,"0:Ping200X Send GPS, 1:Squawk 7400 on RC failsafe, 2:Squawk 7400 on GCS failsafe, 3:Sagetech MXS use External Config",Advanced,,0,True,False,,,apm.pdef.json (@Param metadata)
ADSB_RF_CAPABLE,RF capabilities,Describes your hardware RF In/Out capabilities.,,,,,"0:UAT_in, 1:1090ES_in, 2:UAT_out, 3:1090ES_out",Advanced,,0,True,False,,,apm.pdef.json (@Param metadata)
ADSB_RF_SELECT,Transceiver RF selection,Transceiver RF selection for Rx enable and/or Tx enable. This only effects devices that can Tx and/or Rx. Rx-only devices should override this to always be Rx-only.,,,,,"0:Rx, 1:Tx",Advanced,,1,True,False,,,apm.pdef.json (@Param metadata)
ADSB_SQUAWK,Squawk code,"VFR squawk (Mode 3/A) code is a pre-programmed default code when the pilot is flying VFR and not in contact with ATC. In the USA, the VFR squawk code is octal 1200 (hex 0x280, decimal 640) and in most parts of Europe the VFR squawk code is octal 7000. If an invalid octal number is set then it will be reset to 1200.",octal,0,7777,,,Advanced,,1200,True,False,,,apm.pdef.json (@Param metadata)
ADSB_TYPE,ADSB Type,Type of ADS-B hardware for ADSB-in and ADSB-out configuration and operation. If any type is selected then MAVLink based ADSB-in messages will always be enabled,,,,"0:Disabled, 1:uAvionix-MAVLink, 2:Sagetech, 3:uAvionix-UCP, 4:Sagetech MX Series",,Standard,True,1,True,False,,,apm.pdef.json (@Param metadata)
AHRS_COMP_BETA,AHRS Velocity Complementary Filter Beta Coefficient,This controls the time constant for the cross-over frequency used to fuse AHRS (airspeed and heading) and GPS data to estimate ground velocity. Time constant is 0.1/beta. A larger time constant will use GPS data less and a small time constant will use air data less.,,0.001,0.5,,,Advanced,,0.1,True,True,,,apm.pdef.json (@Param metadata)
AHRS_EKF_TYPE,Use NavEKF Kalman filter for attitude and position estimation,This controls which NavEKF Kalman filter version is used for attitude and position estimation,,,,"0:Disabled, 2:Enable EKF2, 3:Enable EKF3, 11:ExternalAHRS",,Advanced,,3,True,True,,,apm.pdef.json (@Param metadata)
AHRS_GPS_GAIN,AHRS GPS gain,This controls how much to use the GPS to correct the attitude. This should never be set to zero for a plane as it would result in the plane losing control in turns. For a plane please use the default value of 1.0.,,0.0,1.0,,,Advanced,,1,True,True,,,apm.pdef.json (@Param metadata)
AHRS_GPS_MINSATS,AHRS GPS Minimum satellites,"Minimum number of satellites visible to use GPS for velocity based corrections attitude correction. This defaults to 6, which is about the point at which the velocity numbers from a GPS become too unreliable for accurate correction of the accelerometers.",,0,10,,,Advanced,,6,True,True,,,apm.pdef.json (@Param metadata)
AHRS_GPS_USE,AHRS use GPS for DCM navigation and position-down,"This controls whether to use dead-reckoning or GPS based navigation. If set to 0 then the GPS won't be used for navigation, and only dead reckoning will be used. A value of zero should never be used for normal flight. Currently this affects only the DCM-based AHRS: the EKF uses GPS according to its own parameters. A value of 2 means to use GPS for height as well as position - both in DCM estimation and when determining altitude-above-home.",,,,"0:Disabled, 1:Use GPS for DCM position, 2:Use GPS for DCM position and height",,Advanced,,1,True,True,,,apm.pdef.json (@Param metadata)
AHRS_OPTIONS,Optional AHRS behaviour,This controls optional AHRS behaviour. Setting DisableDCMFallbackFW will change the AHRS behaviour for fixed wing aircraft in fly-forward flight to not fall back to DCM when the EKF stops navigating. Setting DisableDCMFallbackVTOL will change the AHRS behaviour for fixed wing aircraft in non fly-forward (VTOL) flight to not fall back to DCM when the EKF stops navigating. Setting DontDisableAirspeedUsingEKF disables the EKF based innovation check for airspeed consistency,,,,,"0:DisableDCMFallbackFW, 1:DisableDCMFallbackVTOL, 2:DontDisableAirspeedUsingEKF",Advanced,,0,True,True,,,apm.pdef.json (@Param metadata)
AHRS_ORIENTATION,Board Orientation,"Overall board orientation relative to the standard orientation for the board type. This rotates the IMU and compass readings to allow the board to be oriented in your vehicle at any 90 or 45 degree angle. The label for each option is specified in the order of rotations for that orientation. This option takes affect on next boot. After changing you will need to re-level your vehicle. Firmware versions 4.2 and prior can use a CUSTOM (100) rotation to set the AHRS_CUSTOM_ROLL/PIT/YAW angles for AHRS orientation. Later versions provide two general custom rotations which can be used, Custom 1 and Custom 2, with CUST_ROT1_ROLL/PIT/YAW or CUST_ROT2_ROLL/PIT/YAW angles.",,,,"0:None, 1:Yaw45, 2:Yaw90, 3:Yaw135, 4:Yaw180, 5:Yaw225, 6:Yaw270, 7:Yaw315, 8:Roll180, 9:Yaw45Roll180, 10:Yaw90Roll180, 11:Yaw135Roll180, 12:Pitch180, 13:Yaw225Roll180, 14:Yaw270Roll180, 15:Yaw315Roll180, 16:Roll90, 17:Yaw45Roll90, 18:Yaw90Roll90, 19:Yaw135Roll90, 20:Roll270, 21:Yaw45Roll270, 22:Yaw90Roll270, 23:Yaw135Roll270, 24:Pitch90, 25:Pitch270, 26:Yaw90Pitch180, 27:Yaw270Pitch180, 28:Pitch90Roll90, 29:Pitch90Roll180, 30:Pitch90Roll270, 31:Pitch180Roll90, 32:Pitch180Roll270, 33:Pitch270Roll90, 34:Pitch270Roll180, 35:Pitch270Roll270, 36:Yaw90Pitch180Roll90, 37:Yaw270Roll90, 38:Yaw293Pitch68Roll180, 39:Pitch315, 40:Pitch315Roll90, 42:Roll45, 43:Roll315, 100:Custom 4.1 and older, 101:Custom 1, 102:Custom 2",,Advanced,,8,True,True,,,apm.pdef.json (@Param metadata)
AHRS_RP_P,AHRS RP_P,This controls how fast the accelerometers correct the attitude,,0.1,0.4,,,Advanced,,0.2,True,True,,,apm.pdef.json (@Param metadata)
AHRS_TRIM_X,AHRS Trim Roll,Compensates for the roll angle difference between the control board and the frame. Positive values make the vehicle roll right.,rad,-0.1745,+0.1745,,,Standard,,,False,True,,,apm.pdef.json (@Param metadata)
AHRS_TRIM_Y,AHRS Trim Pitch,Compensates for the pitch angle difference between the control board and the frame. Positive values make the vehicle pitch up/back.,rad,-0.1745,+0.1745,,,Standard,,,False,True,,,apm.pdef.json (@Param metadata)
AHRS_TRIM_Z,AHRS Trim Yaw,Not Used,rad,-0.1745,+0.1745,,,Advanced,,,False,True,,,apm.pdef.json (@Param metadata)
AHRS_WIND_MAX,Maximum wind,This sets the maximum allowable difference between ground speed and airspeed. A value of zero means to use the airspeed as is. This allows the plane to cope with a failing airspeed sensor by clipping it to groundspeed plus/minus this limit. See ARSPD_OPTIONS and ARSPD_WIND_MAX to disable airspeed sensors.,m/s,0,127,,,Advanced,,0,True,True,,,apm.pdef.json (@Param metadata)
AHRS_YAW_P,Yaw P,This controls the weight the compass or GPS has on the heading. A higher value means the heading will track the yaw source (GPS or compass) more rapidly.,,0.1,0.4,,,Advanced,,0.2,True,True,,,apm.pdef.json (@Param metadata)
ANGLE_MAX,Angle Max,Maximum lean angle in all flight modes,cdeg,1000,8000,,,Advanced,,3500,False,True,2000,3500,apm.pdef.json (@Param metadata)
ARMING_ACCTHRESH,Accelerometer error threshold,Accelerometer error threshold used to determine inconsistent accelerometers. Compares this error range to other accelerometers to detect a hardware or calibration error. Lower value means tighter check and harder to pass arming check. Not all accelerometers are created equal.,m/s/s,0.25,3.0,,,Advanced,,0.75,True,True,,,apm.pdef.json (@Param metadata)
ARMING_CHECK,Arm Checks to Perform (bitmask),"Checks prior to arming motor. This is a bitmask of checks that will be performed before allowing arming. For most users it is recommended to leave this at the default of 1 (all checks enabled). You can select whatever checks you prefer by adding together the values of each check type to set this parameter. For example, to only allow arming when you have GPS lock and no RC failsafe you would set ARMING_CHECK to 72.",,,,,"0:All, 1:Barometer, 2:Compass, 3:GPS lock, 4:INS, 5:Parameters, 6:RC Channels, 7:Board voltage, 8:Battery Level, 10:Logging Available, 11:Hardware safety switch, 12:GPS Configuration, 13:System, 14:Mission, 15:Rangefinder, 16:Camera, 17:AuxAuth, 18:VisualOdometry, 19:FFT",Standard,,540146,False,True,,,apm.pdef.json (@Param metadata)
ARMING_CRSDP_IGN,Disable CrashDump Arming check,"Must have value ""1"" if crashdump data is present on the system, or a prearm failure will be raised. Do not set this parameter unless the risks of doing so are fully understood. The presence of a crash dump means that the firmware currently installed has suffered a critical software failure which resulted in the autopilot immediately rebooting. The crashdump file gives diagnostic information which can help in finding the issue, please contact the ArduPIlot support team. If this crashdump data is present, the vehicle is likely unsafe to fly. Check the ArduPilot documentation for more details.",,,,"0:Crash Dump arming check active, 1:Crash Dump arming check deactivated",,Advanced,,0,True,True,,,apm.pdef.json (@Param metadata)
ARMING_MAGTHRESH,Compass magnetic field strength error threshold vs earth magnetic model,"Compass magnetic field strength error threshold vs earth magnetic model. X and y axis are compared using this threhold, Z axis uses 2x this threshold. 0 to disable check",mGauss,0,500,,,Advanced,,100,True,True,,,apm.pdef.json (@Param metadata)
ARMING_MIS_ITEMS,Required mission items,Bitmask of mission items that are required to be planned in order to arm the aircraft,,,,,"0:Land, 1:VTOL Land, 2:DO_LAND_START, 3:Takeoff, 4:VTOL Takeoff, 5:Rallypoint, 6:RTL",Advanced,,0,True,True,,,apm.pdef.json (@Param metadata)
ARMING_NEED_LOC,Require vehicle location,Require that the vehicle have an absolute position before it arms. This can help ensure that the vehicle can Return To Launch.,,,,"0:Do not require location, 1:Require Location",,Advanced,,0,True,True,,,apm.pdef.json (@Param metadata)
ARMING_OPTIONS,Arming options,Options that can be applied to change arming behaviour,,,,,"0:Disable prearm display, 1:Do not send status text on state change",Advanced,,0,True,True,,,apm.pdef.json (@Param metadata)
ARMING_RUDDER,Arming with Rudder enable/disable,"Allow arm/disarm by rudder input. When enabled arming can be done with right rudder, disarming with left rudder. Rudder arming only works with throttle at zero +- deadzone (RCx_DZ). Depending on vehicle type, arming in certain modes is prevented. See the wiki for each vehicle. Caution is recommended when arming if it is allowed in an auto-throttle mode!",,,,"0:Disabled, 1:ArmingOnly, 2:ArmOrDisarm",,Advanced,,2,True,True,,,apm.pdef.json (@Param metadata)
ARSPD_ENABLE,Airspeed Enable,Enable airspeed sensor support,,,,"0:Disable, 1:Enable",,Standard,,0,True,True,,,apm.pdef.json (@Param metadata)
ATC_ACCEL_P_MAX,Acceleration Max for Pitch,Maximum acceleration in pitch axis,cdeg/s/s,0,180000,"0:Disabled, 30000:VerySlow, 72000:Slow, 108000:Medium, 162000:Fast",,Advanced,,70000,True,True,,,apm.pdef.json (@Param metadata)
ATC_ACCEL_R_MAX,Acceleration Max for Roll,Maximum acceleration in roll axis,cdeg/s/s,0,180000,"0:Disabled, 30000:VerySlow, 72000:Slow, 108000:Medium, 162000:Fast",,Advanced,,70000,True,True,,,apm.pdef.json (@Param metadata)
ATC_ACCEL_Y_MAX,Acceleration Max for Yaw,Maximum acceleration in yaw axis,cdeg/s/s,0,72000,"0:Disabled, 9000:VerySlow, 18000:Slow, 36000:Medium, 54000:Fast",,Advanced,,16000,True,True,,,apm.pdef.json (@Param metadata)
ATC_ANGLE_BOOST,Angle Boost,Angle Boost increases output throttle as the vehicle leans to reduce loss of altitude,,,,"0:Disabled, 1:Enabled",,Advanced,,1,True,True,,,apm.pdef.json (@Param metadata)
ATC_ANG_LIM_TC,Angle Limit (to maintain altitude) Time Constant,Angle Limit (to maintain altitude) Time Constant,,0.5,10.0,,,Advanced,,1,True,True,,,apm.pdef.json (@Param metadata)
ATC_ANG_PIT_P,Pitch axis angle controller P gain,Pitch axis angle controller P gain. Converts the error between the desired pitch angle and actual angle to a desired pitch rate,,3.000,12.000,,,Standard,,6.5,True,True,,,apm.pdef.json (@Param metadata)
ATC_ANG_RLL_P,Roll axis angle controller P gain,Roll axis angle controller P gain. Converts the error between the desired roll angle and actual angle to a desired roll rate,,3.000,12.000,,,Standard,,6.5,True,True,,,apm.pdef.json (@Param metadata)
ATC_ANG_YAW_P,Yaw axis angle controller P gain,Yaw axis angle controller P gain. Converts the error between the desired yaw angle and actual angle to a desired yaw rate,,3.000,12.000,,,Standard,,6.5,True,True,,,apm.pdef.json (@Param metadata)
ATC_INPUT_TC,Attitude control input time constant,"Attitude control input time constant. Low numbers lead to sharper response, higher numbers to softer response",s,0,1,"0.05:Very Crisp, 0.1:Crisp, 0.15:Medium, 0.2:Soft, 0.5:Very Soft",,Standard,,0.15,True,True,,,apm.pdef.json (@Param metadata)
ATC_LAND_P_MULT,Landed pitch gain multiplier,Pitch gain multiplier active when landed. A factor of 1.0 means no reduction in gain while landed. Reduce this factor to reduce ground oscitation in the pitch axis.,,0.25,1.0,,,Advanced,,1,True,True,,,apm.pdef.json (@Param metadata)
ATC_LAND_R_MULT,Landed roll gain multiplier,Roll gain multiplier active when landed. A factor of 1.0 means no reduction in gain while landed. Reduce this factor to reduce ground oscitation in the roll axis.,,0.25,1.0,,,Advanced,,1,True,True,,,apm.pdef.json (@Param metadata)
ATC_LAND_Y_MULT,Landed yaw gain multiplier,Yaw gain multiplier active when landed. A factor of 1.0 means no reduction in gain while landed. Reduce this factor to reduce ground oscitation in the yaw axis.,,0.25,1.0,,,Advanced,,1,True,True,,,apm.pdef.json (@Param metadata)
ATC_RATE_FF_ENAB,Rate Feedforward Enable,Controls whether body-frame rate feedforward is enabled or disabled,,,,"0:Disabled, 1:Enabled",,Advanced,,1,True,True,,,apm.pdef.json (@Param metadata)
ATC_RATE_P_MAX,Angular Velocity Max for Pitch,Maximum angular velocity in pitch axis,deg/s,0,1080,"0:Disabled, 60:Slow, 180:Medium, 360:Fast",,Advanced,,0,True,True,,,apm.pdef.json (@Param metadata)
ATC_RATE_R_MAX,Angular Velocity Max for Roll,Maximum angular velocity in roll axis,deg/s,0,1080,"0:Disabled, 60:Slow, 180:Medium, 360:Fast",,Advanced,,0,True,True,,,apm.pdef.json (@Param metadata)
ATC_RATE_Y_MAX,Angular Velocity Max for Yaw,Maximum angular velocity in yaw axis,deg/s,0,1080,"0:Disabled, 60:Slow, 180:Medium, 360:Fast",,Advanced,,0,True,True,,,apm.pdef.json (@Param metadata)
ATC_RAT_PIT_D,Pitch axis rate controller D gain,Pitch axis rate controller D gain. Compensates for short-term change in desired pitch rate vs actual pitch rate,,0.0,0.03,,,Standard,,0.0115,True,True,,,apm.pdef.json (@Param metadata)
ATC_RAT_PIT_D_FF,Pitch Derivative FeedForward Gain,FF D Gain which produces an output that is proportional to the rate of change of the target,,0,0.02,,,Advanced,,0,True,True,,,apm.pdef.json (@Param metadata)
ATC_RAT_PIT_FF,Pitch axis rate controller feed forward,Pitch axis rate controller feed forward,,0.05,0.5,,,Standard,,0,True,True,,,apm.pdef.json (@Param metadata)
ATC_RAT_PIT_FLTD,Pitch axis rate controller derivative frequency in Hz,Pitch axis rate controller derivative frequency in Hz,Hz,0,50,,,Standard,,12.5,True,True,,,apm.pdef.json (@Param metadata)
ATC_RAT_PIT_FLTE,Pitch axis rate controller error frequency in Hz,Pitch axis rate controller error frequency in Hz,Hz,5,50,,,Standard,,0,True,True,,,apm.pdef.json (@Param metadata)
ATC_RAT_PIT_FLTT,Pitch axis rate controller target frequency in Hz,Pitch axis rate controller target frequency in Hz,Hz,5,50,,,Standard,,12.5,True,True,,,apm.pdef.json (@Param metadata)
ATC_RAT_PIT_I,Pitch axis rate controller I gain,Pitch axis rate controller I gain. Corrects long-term difference in desired pitch rate vs actual pitch rate,,0.0,0.6,,,Standard,,0.08,True,True,,,apm.pdef.json (@Param metadata)
ATC_RAT_PIT_IMAX,Pitch axis rate controller I gain maximum,Pitch axis rate controller I gain maximum. Constrains the maximum that the I term will output,,0,1,,,Standard,,0.5,True,True,,,apm.pdef.json (@Param metadata)
ATC_RAT_PIT_NEF,Pitch Error notch filter index,Pitch Error notch filter index,,1,8,,,Advanced,,0,True,True,,,apm.pdef.json (@Param metadata)
ATC_RAT_PIT_NTF,Pitch Target notch filter index,Pitch Target notch filter index,,1,8,,,Advanced,,0,True,True,,,apm.pdef.json (@Param metadata)
ATC_RAT_PIT_P,Pitch axis rate controller P gain,Pitch axis rate controller P gain. Corrects in proportion to the difference between the desired pitch rate vs actual pitch rate,,0.0,0.35,,,Standard,,0.08,True,True,,,apm.pdef.json (@Param metadata)
ATC_RAT_PIT_PDMX,Pitch axis rate controller PD sum maximum,Pitch axis rate controller PD sum maximum. The maximum/minimum value that the sum of the P and D term can output,,0,1,,,,,0,True,True,,,apm.pdef.json (@Param metadata)
ATC_RAT_PIT_SMAX,Pitch slew rate limit,"Sets an upper limit on the slew rate produced by the combined P and D gains. If the amplitude of the control action produced by the rate feedback exceeds this value, then the D+P gain is reduced to respect the limit. This limits the amplitude of high frequency oscillations caused by an excessive gain. The limit should be set to no more than 25% of the actuators maximum slew rate to allow for load effects. Note: The gain will not be reduced to less than 10% of the nominal value. A value of zero will disable this feature.",,0,200,,,Advanced,,0,True,True,,,apm.pdef.json (@Param metadata)
ATC_RAT_RLL_D,Roll axis rate controller D gain,Roll axis rate controller D gain. Compensates for short-term change in desired roll rate vs actual roll rate,,0.0,0.03,,,Standard,,0.0115,True,True,,,apm.pdef.json (@Param metadata)
ATC_RAT_RLL_D_FF,Roll Derivative FeedForward Gain,FF D Gain which produces an output that is proportional to the rate of change of the target,,0,0.02,,,Advanced,,0,True,True,,,apm.pdef.json (@Param metadata)
ATC_RAT_RLL_FF,Roll axis rate controller feed forward,Roll axis rate controller feed forward,,0.05,0.5,,,Standard,,0,True,True,,,apm.pdef.json (@Param metadata)
ATC_RAT_RLL_FLTD,Roll axis rate controller derivative frequency in Hz,Roll axis rate controller derivative frequency in Hz,Hz,0,50,,,Standard,,12.5,True,True,,,apm.pdef.json (@Param metadata)
ATC_RAT_RLL_FLTE,Roll axis rate controller error frequency in Hz,Roll axis rate controller error frequency in Hz,Hz,5,50,,,Standard,,0,True,True,,,apm.pdef.json (@Param metadata)
ATC_RAT_RLL_FLTT,Roll axis rate controller target frequency in Hz,Roll axis rate controller target frequency in Hz,Hz,5,50,,,Standard,,12.5,True,True,,,apm.pdef.json (@Param metadata)
ATC_RAT_RLL_I,Roll axis rate controller I gain,Roll axis rate controller I gain. Corrects long-term difference in desired roll rate vs actual roll rate,,0.0,0.6,,,Standard,,0.08,True,True,,,apm.pdef.json (@Param metadata)
ATC_RAT_RLL_IMAX,Roll axis rate controller I gain maximum,Roll axis rate controller I gain maximum. Constrains the maximum that the I term will output,,0,1,,,Standard,,0.5,True,True,,,apm.pdef.json (@Param metadata)
ATC_RAT_RLL_NEF,Roll Error notch filter index,Roll Error notch filter index,,1,8,,,Advanced,,0,True,True,,,apm.pdef.json (@Param metadata)
ATC_RAT_RLL_NTF,Roll Target notch filter index,Roll Target notch filter index,,1,8,,,Advanced,,0,True,True,,,apm.pdef.json (@Param metadata)
ATC_RAT_RLL_P,Roll axis rate controller P gain,Roll axis rate controller P gain. Corrects in proportion to the difference between the desired roll rate vs actual roll rate,,0.0,0.35,,,Standard,,0.08,True,True,,,apm.pdef.json (@Param metadata)
ATC_RAT_RLL_PDMX,Roll axis rate controller PD sum maximum,Roll axis rate controller PD sum maximum. The maximum/minimum value that the sum of the P and D term can output,,0,1,,,,,0,True,True,,,apm.pdef.json (@Param metadata)
ATC_RAT_RLL_SMAX,Roll slew rate limit,"Sets an upper limit on the slew rate produced by the combined P and D gains. If the amplitude of the control action produced by the rate feedback exceeds this value, then the D+P gain is reduced to respect the limit. This limits the amplitude of high frequency oscillations caused by an excessive gain. The limit should be set to no more than 25% of the actuators maximum slew rate to allow for load effects. Note: The gain will not be reduced to less than 10% of the nominal value. A value of zero will disable this feature.",,0,200,,,Advanced,,0,True,True,,,apm.pdef.json (@Param metadata)
ATC_RAT_YAW_D,Yaw axis rate controller D gain,Yaw axis rate controller D gain. Compensates for short-term change in desired yaw rate vs actual yaw rate,,0.000,0.02,,,Standard,,0,True,True,,,apm.pdef.json (@Param metadata)
ATC_RAT_YAW_D_FF,Yaw Derivative FeedForward Gain,FF D Gain which produces an output that is proportional to the rate of change of the target,,0,0.02,,,Advanced,,0,True,True,,,apm.pdef.json (@Param metadata)
ATC_RAT_YAW_FF,Yaw axis rate controller feed forward,Yaw axis rate controller feed forward,,0,0.5,,,Standard,,0,True,True,,,apm.pdef.json (@Param metadata)
ATC_RAT_YAW_FLTD,Yaw axis rate controller derivative frequency in Hz,Yaw axis rate controller derivative frequency in Hz,Hz,0,50,,,Standard,,20,True,True,,,apm.pdef.json (@Param metadata)
ATC_RAT_YAW_FLTE,Yaw axis rate controller error frequency in Hz,Yaw axis rate controller error frequency in Hz,Hz,5,50,,,Standard,,2.993685,True,True,,,apm.pdef.json (@Param metadata)
ATC_RAT_YAW_FLTT,Yaw axis rate controller target frequency in Hz,Yaw axis rate controller target frequency in Hz,Hz,5,50,,,Standard,,12.5,True,True,,,apm.pdef.json (@Param metadata)
ATC_RAT_YAW_I,Yaw axis rate controller I gain,Yaw axis rate controller I gain. Corrects long-term difference in desired yaw rate vs actual yaw rate,,0.01,0.2,,,Standard,,0.0365,True,True,,,apm.pdef.json (@Param metadata)
ATC_RAT_YAW_IMAX,Yaw axis rate controller I gain maximum,Yaw axis rate controller I gain maximum. Constrains the maximum that the I term will output,,0,1,,,Standard,,0.5,True,True,,,apm.pdef.json (@Param metadata)
ATC_RAT_YAW_NEF,Yaw Error notch filter index,Yaw Error notch filter index,,1,8,,,Advanced,,0,True,True,,,apm.pdef.json (@Param metadata)
ATC_RAT_YAW_NTF,Yaw Target notch filter index,Yaw Target notch filter index,Hz,1,8,,,Advanced,,0,True,True,,,apm.pdef.json (@Param metadata)
ATC_RAT_YAW_P,Yaw axis rate controller P gain,Yaw axis rate controller P gain. Corrects in proportion to the difference between the desired yaw rate vs actual yaw rate,,0.180,0.60,,,Standard,,0.365,True,True,,,apm.pdef.json (@Param metadata)
ATC_RAT_YAW_PDMX,Yaw axis rate controller PD sum maximum,Yaw axis rate controller PD sum maximum. The maximum/minimum value that the sum of the P and D term can output,,0,1,,,,,0,True,True,,,apm.pdef.json (@Param metadata)
ATC_RAT_YAW_SMAX,Yaw slew rate limit,"Sets an upper limit on the slew rate produced by the combined P and D gains. If the amplitude of the control action produced by the rate feedback exceeds this value, then the D+P gain is reduced to respect the limit. This limits the amplitude of high frequency oscillations caused by an excessive gain. The limit should be set to no more than 25% of the actuators maximum slew rate to allow for load effects. Note: The gain will not be reduced to less than 10% of the nominal value. A value of zero will disable this feature.",,0,200,,,Advanced,,0,True,True,,,apm.pdef.json (@Param metadata)
ATC_SLEW_YAW,Yaw target slew rate,Maximum rate the yaw target can be updated in RTL and Auto flight modes,cdeg/s,500,18000,,,Advanced,,6000,False,True,3000,7000,apm.pdef.json (@Param metadata)
ATC_THR_G_BOOST,Throttle-gain boost,"Throttle-gain boost ratio. A value of 0 means no boosting is applied, a value of 1 means full boosting is applied. Describes the ratio increase that is applied to angle P and PD on pitch and roll.",,0,1,,,Advanced,,0,True,True,,,apm.pdef.json (@Param metadata)
ATC_THR_MIX_MAN,Throttle Mix Manual,Throttle vs attitude control prioritisation used during manual flight (higher values mean we prioritise attitude control over throttle),,0.1,0.9,,,Advanced,,0.1,True,True,,,apm.pdef.json (@Param metadata)
ATC_THR_MIX_MAX,Throttle Mix Maximum,Throttle vs attitude control prioritisation used during active flight (higher values mean we prioritise attitude control over throttle),,0.5,0.9,,,Advanced,,0.5,True,True,,,apm.pdef.json (@Param metadata)
ATC_THR_MIX_MIN,Throttle Mix Minimum,Throttle vs attitude control prioritisation used when landing (higher values mean we prioritise attitude control over throttle),,0.1,0.25,,,Advanced,,0.1,True,True,,,apm.pdef.json (@Param metadata)
AUTOTUNE_AGGR,Autotune aggressiveness,Autotune aggressiveness. Defines the bounce back used to detect size of the D term.,,0.05,0.10,,,Standard,,0.075,True,True,,,apm.pdef.json (@Param metadata)
AUTOTUNE_AXES,Autotune axis bitmask,1-byte bitmap of axes to autotune,,,,,"0:Roll, 1:Pitch, 2:Yaw",Standard,,4,True,True,,,apm.pdef.json (@Param metadata)
AUTOTUNE_MIN_D,AutoTune minimum D,Defines the minimum D gain,,0.0001,0.005,,,Standard,,0.0005,True,True,,,apm.pdef.json (@Param metadata)
AUTO_OPTIONS,Auto mode options,A range of options that can be applied to change auto mode behaviour. Allow Arming allows the copter to be armed in Auto. Allow Takeoff Without Raising Throttle allows takeoff without the pilot having to raise the throttle. Ignore pilot yaw overrides the pilot's yaw stick being used while in auto.,,,,,"0:Allow Arming, 1:Allow Takeoff Without Raising Throttle, 2:Ignore pilot yaw, 7:Allow weathervaning",Advanced,,0,False,True,,,apm.pdef.json (@Param metadata)
AUTO_RSM_CLIMB,Auto-Mode Resume Climb Enable,"When enabled, the first waypoint after entering AUTO triggers a vertical climb to that WP's altitude before flying horizontally, but only if the vehicle is airborne and below the WP altitude. This avoids diagonal flight into obstacles when resuming a mission mid-air. The behavior is skipped on the ground (NAV_TAKEOFF handles takeoff) and skipped if the WP is at or below current altitude.",,,,"0:Disabled, 1:Enabled",,Standard,,1,False,True,,,apm.pdef.json (@Param metadata)
AUTO_TILT_DN,Auto-Mode Camera Tilt-Down Angle,Pitch angle in degrees commanded to the camera when AUTO mode is entered. Negative values point the camera down; -90 is straight down (nadir). Has no effect if AUTO_TILT_EN is 0.,deg,-90,30,,,Standard,,-90,False,True,-90,0,apm.pdef.json (@Param metadata)
AUTO_TILT_EN,Auto-Mode Camera Tilt Enable,"When enabled, the camera gimbal pitch is automatically commanded down (AUTO_TILT_DN) when entering AUTO mode and back to a neutral angle (AUTO_TILT_UP) when leaving AUTO. Mission gimbal commands (MAV_CMD_DO_MOUNT_CONTROL etc.) still take effect after the initial entry command, so mission-driven gimbal control is preserved.",,,,"0:Disabled, 1:Enabled",,Standard,,1,False,True,0,1,apm.pdef.json (@Param metadata)
AUTO_TILT_UP,Auto-Mode Camera Tilt-Up Angle,Pitch angle in degrees commanded to the camera when AUTO mode is exited. 0 is level/forward; positive values angle the camera up. Has no effect if AUTO_TILT_EN is 0.,deg,-90,30,,,Standard,,0,False,True,-45,20,apm.pdef.json (@Param metadata)
AVD_ENABLE,Enable Avoidance using ADSB,Enable Avoidance using ADSB,,,,"0:Disabled, 1:Enabled",,Advanced,,0,True,False,,,apm.pdef.json (@Param metadata)
AVOID_ENABLE,Avoidance control enable/disable,Enabled/disable avoidance input sources,,,,,"0:UseFence, 1:UseProximitySensor, 2:UseBeaconFence",Standard,,0,True,False,,,apm.pdef.json (@Param metadata)
BARO1_DEVID,Baro ID,"Barometer sensor ID, taking into account its type, bus and instance",,,,,,Advanced,,721442,True,True,,,apm.pdef.json (@Param metadata)
BARO1_GND_PRESS,Ground Pressure,calibrated ground pressure in Pascals,Pa,,,,,Advanced,,98307.42,True,True,,,apm.pdef.json (@Param metadata)
BARO1_WCF_ENABLE,Wind coefficient enable,This enables the use of wind coefficients for barometer compensation,,,,"0:Disabled, 1:Enabled",,Advanced,,0,True,True,,,apm.pdef.json (@Param metadata)
BARO2_DEVID,Baro ID2,"Barometer2 sensor ID, taking into account its type, bus and instance",,,,,,Advanced,,721674,True,True,,,apm.pdef.json (@Param metadata)
BARO2_GND_PRESS,Ground Pressure,calibrated ground pressure in Pascals,Pa,,,,,Advanced,,98251.39,True,True,,,apm.pdef.json (@Param metadata)
BARO2_WCF_ENABLE,Wind coefficient enable,This enables the use of wind coefficients for barometer compensation,,,,"0:Disabled, 1:Enabled",,Advanced,,0,True,True,,,apm.pdef.json (@Param metadata)
BARO3_DEVID,Baro ID3,"Barometer3 sensor ID, taking into account its type, bus and instance",,,,,,Advanced,,0,True,True,,,apm.pdef.json (@Param metadata)
BARO3_GND_PRESS,Absolute Pressure,calibrated ground pressure in Pascals,Pa,,,,,Advanced,,0,True,True,,,apm.pdef.json (@Param metadata)
BARO3_WCF_ENABLE,Wind coefficient enable,This enables the use of wind coefficients for barometer compensation,,,,"0:Disabled, 1:Enabled",,Advanced,,0,True,True,,,apm.pdef.json (@Param metadata)
BARO_ALTERR_MAX,Altitude error maximum,"This is the maximum acceptable altitude discrepancy between GPS altitude and barometric presssure altitude calculated against a standard atmosphere for arming checks to pass. If you are getting an arming error due to this parameter then you may have a faulty or substituted barometer. A common issue is vendors replacing a MS5611 in a ""Pixhawk"" with a MS5607. If you have that issue then please see BARO_OPTIONS parameter to force the MS5611 to be treated as a MS5607. This check is disabled if the value is zero.",m,0,5000,,,Advanced,,2000,True,True,,,apm.pdef.json (@Param metadata)
BARO_ALT_OFFSET,altitude offset,altitude offset in meters added to barometric altitude. This is used to allow for automatic adjustment of the base barometric altitude by a ground station equipped with a barometer. The value is added to the barometric altitude read by the aircraft. It is automatically reset to 0 when the barometer is calibrated on each reboot or when a preflight calibration is performed.,m,,,,,Advanced,,0,True,True,,,apm.pdef.json (@Param metadata)
BARO_EXT_BUS,External baro bus,This selects the bus number for looking for an I2C barometer. When set to -1 it will probe all external i2c buses based on the BARO_PROBE_EXT parameter.,,,,"-1:Disabled, 0:Bus0, 1:Bus1, 6:Bus6",,Advanced,,-1,True,True,,,apm.pdef.json (@Param metadata)
BARO_FIELD_ELV,field elevation,User provided field elevation in meters. This is used to improve the calculation of the altitude the vehicle is at. This parameter is not persistent and will be reset to 0 every time the vehicle is rebooted. Changes to this parameter will only be used when disarmed. A value of 0 means the EKF origin height is used for takeoff height above sea level.,m,,,,,Advanced,,0,True,True,,,apm.pdef.json (@Param metadata)
BARO_FLTR_RNG,Range in which sample is accepted,This sets the range around the average value that new samples must be within to be accepted. This can help reduce the impact of noise on sensors that are on long I2C cables. The value is a percentage from the average value. A value of zero disables this filter.,%,0,100,,,,,0,True,True,,,apm.pdef.json (@Param metadata)
BARO_GND_TEMP,ground temperature,User provided ambient ground temperature in degrees Celsius. This is used to improve the calculation of the altitude the vehicle is at. This parameter is not persistent and will be reset to 0 every time the vehicle is rebooted. A value of 0 means use the internal measurement ambient temperature.,degC,,,,,Advanced,,0,True,True,,,apm.pdef.json (@Param metadata)
BARO_OPTIONS,Barometer options,Barometer options,,,,,0:Treat MS5611 as MS5607,Advanced,,0,True,True,,,apm.pdef.json (@Param metadata)
BARO_PRIMARY,Primary barometer,This selects which barometer will be the primary if multiple barometers are found,,,,"0:FirstBaro, 1:2ndBaro, 2:3rdBaro",,Advanced,,0,True,True,,,apm.pdef.json (@Param metadata)
BARO_PROBE_EXT,External barometers to probe,"This sets which types of external i2c barometer to look for. It is a bitmask of barometer types. The I2C buses to probe is based on BARO_EXT_BUS. If BARO_EXT_BUS is -1 then it will probe all external buses, otherwise it will probe just the bus number given in BARO_EXT_BUS.",,,,,"0:BMP085, 1:BMP280, 2:MS5611, 3:MS5607, 4:MS5637, 5:FBM320, 6:DPS280, 7:LPS25H, 8:Keller, 9:MS5837, 10:BMP388, 11:SPL06, 12:MSP, 13:BMP581",Advanced,,0,True,True,,,apm.pdef.json (@Param metadata)
BATT2_ARM_MAH,Required arming remaining capacity,"Battery capacity remaining which is required to arm the aircraft. Set to 0 to allow arming at any capacity. Note that execept for smart batteries rebooting the vehicle will always reset the remaining capacity estimate, which can lead to this check not providing sufficent protection, it is recommended to always use this in conjunction with the BATT2_ARM_VOLT parameter.",mAh,,,,,Advanced,,0,True,True,,,apm.pdef.json (@Param metadata)
BATT2_ARM_SOC,Required arming state of charge,"Minimum battery state of charge (percentage remaining) required to arm the aircraft. Set to 0 to disable the check. Only functions with battery monitors that report a state of charge (eg. smart batteries over DroneCAN). Unlike the arming voltage and capacity checks this reflects the battery's own charge estimate, so it is not reset by rebooting the vehicle.",%,0,100,,,Standard,,0,False,True,,,apm.pdef.json (@Param metadata)
BATT2_ARM_VOLT,Required arming voltage,Battery voltage level which is required to arm the aircraft. Set to 0 to allow arming at any voltage.,V,,,,,Advanced,,20,False,True,,,apm.pdef.json (@Param metadata)
BATT2_CAPACITY,Battery capacity,Capacity of the battery in mAh when full,mAh,,,,,Standard,,10000,False,True,8000,20000,apm.pdef.json (@Param metadata)
BATT2_CRT_MAH,Battery critical capacity,Battery capacity at which the critical battery failsafe is triggered. Set to 0 to disable battery remaining failsafe. If the battery capacity drops below this level the vehicle will perform the failsafe specified by the BATT2_FS_CRT_ACT parameter.,mAh,,,,,Standard,,0,True,True,,,apm.pdef.json (@Param metadata)
BATT2_CRT_SOC,Critical battery state of charge,State of charge (percentage remaining) that triggers a critical battery failsafe. Set to 0 to disable. Only functions with battery monitors that report a state of charge (eg. smart batteries over DroneCAN). If the state of charge drops below this level continuously for more than the period specified by the BATT2_LOW_TIMER parameter then the vehicle will perform the failsafe specified by the BATT2_FS_CRT_ACT parameter.,%,0,100,,,Standard,,20,False,True,,,apm.pdef.json (@Param metadata)
BATT2_CRT_VOLT,Critical battery voltage,Battery voltage that triggers a critical battery failsafe. Set to 0 to disable. If the battery voltage drops below this voltage continuously for more then the period specified by the BATT2_LOW_TIMER parameter then the vehicle will perform the failsafe specified by the BATT2_FS_CRT_ACT parameter.,V,,,,,Standard,,18.5,False,True,,,apm.pdef.json (@Param metadata)
BATT2_CURR_MULT,Scales reported power monitor current,Multiplier applied to all current related reports to allow for adjustment if no UAVCAN param access or current splitting applications,,.1,10,,,Advanced,,1,True,True,,,apm.pdef.json (@Param metadata)
BATT2_FS_CRT_ACT,Critical battery failsafe action,What action the vehicle should perform if it hits a critical battery failsafe,,,,"0:None, 1:Land, 2:RTL, 3:SmartRTL or RTL, 4:SmartRTL or Land, 5:Terminate, 6:Auto DO_LAND_START or RTL, 7:Brake or Land",,Standard,,1,False,True,,,apm.pdef.json (@Param metadata)
BATT2_FS_LOW_ACT,Low battery failsafe action,What action the vehicle should perform if it hits a low battery failsafe,,,,"0:None, 1:Land, 2:RTL, 3:SmartRTL or RTL, 4:SmartRTL or Land, 5:Terminate, 6:Auto DO_LAND_START or RTL, 7:Brake or Land",,Standard,,2,False,True,,,apm.pdef.json (@Param metadata)
BATT2_FS_VOLTSRC,Failsafe voltage source,Voltage type used for detection of low voltage event,,,,"0:Raw Voltage, 1:Sag Compensated Voltage",,Advanced,,0,True,True,,,apm.pdef.json (@Param metadata)
BATT2_LOW_MAH,Low battery capacity,Battery capacity at which the low battery failsafe is triggered. Set to 0 to disable battery remaining failsafe. If the battery capacity drops below this level the vehicle will perform the failsafe specified by the BATT2_FS_LOW_ACT parameter.,mAh,,,,,Standard,,0,True,True,,,apm.pdef.json (@Param metadata)
BATT2_LOW_SOC,Low battery state of charge,State of charge (percentage remaining) that triggers a low battery failsafe. Set to 0 to disable. Only functions with battery monitors that report a state of charge (eg. smart batteries over DroneCAN). If the state of charge drops below this level continuously for more than the period specified by the BATT2_LOW_TIMER parameter then the vehicle will perform the failsafe specified by the BATT2_FS_LOW_ACT parameter.,%,0,100,,,Standard,,30,False,True,,,apm.pdef.json (@Param metadata)
BATT2_LOW_TIMER,Low voltage timeout,This is the timeout in seconds before a low voltage event will be triggered. For aircraft with low C batteries it may be necessary to raise this in order to cope with low voltage on long takeoffs. A value of zero disables low voltage errors.,s,0,120,,,Advanced,,10,True,True,,,apm.pdef.json (@Param metadata)
BATT2_LOW_VOLT,Low battery voltage,Battery voltage that triggers a low battery failsafe. Set to 0 to disable. If the battery voltage drops below this voltage continuously for more then the period specified by the BATT2_LOW_TIMER parameter then the vehicle will perform the failsafe specified by the BATT2_FS_LOW_ACT parameter.,V,,,,,Standard,,19,False,True,,,apm.pdef.json (@Param metadata)
BATT2_MONITOR,Battery monitoring,Controls enabling monitoring of the battery's voltage and current,,,,"0:Disabled, 3:Analog Voltage Only, 4:Analog Voltage and Current, 5:Solo, 6:Bebop, 7:SMBus-Generic, 8:DroneCAN-BatteryInfo, 9:ESC, 10:Sum Of Selected Monitors, 11:FuelFlow, 12:FuelLevelPWM, 13:SMBUS-SUI3, 14:SMBUS-SUI6, 15:NeoDesign, 16:SMBus-Maxell, 17:Generator-Elec, 18:Generator-Fuel, 19:Rotoye, 20:MPPT, 21:INA2XX, 22:LTC2946, 23:Torqeedo, 24:FuelLevelAnalog, 25:Synthetic Current and Analog Voltage, 26:INA239_SPI, 27:EFI, 28:AD7091R5, 29:Scripting",,Standard,True,8,True,True,,,apm.pdef.json (@Param metadata)
BATT2_OPTIONS,Battery monitor options,This sets options to change the behaviour of the battery monitor,,,,,"0:Ignore DroneCAN SoC, 1:MPPT reports input voltage and current, 2:MPPT Powered off when disarmed, 3:MPPT Powered on when armed, 4:MPPT Powered off at boot, 5:MPPT Powered on at boot, 6:Send resistance compensated voltage to GCS, 7:Allow DroneCAN InfoAux to be from a different CAN node, 8:Battery is for internal autopilot use only, 9:Sum monitor measures minimum voltage instead of average",Advanced,,128,True,True,,,apm.pdef.json (@Param metadata)
BATT2_SERIAL_NUM,Battery serial number,"Battery serial number, automatically filled in for SMBus batteries, otherwise will be -1. With DroneCan it is the battery_id.",,,,,,Advanced,,1,True,True,,,apm.pdef.json (@Param metadata)
BATT3_ARM_MAH,Required arming remaining capacity,"Battery capacity remaining which is required to arm the aircraft. Set to 0 to allow arming at any capacity. Note that execept for smart batteries rebooting the vehicle will always reset the remaining capacity estimate, which can lead to this check not providing sufficent protection, it is recommended to always use this in conjunction with the BATT3_ARM_VOLT parameter.",mAh,,,,,Advanced,,0,True,True,,,apm.pdef.json (@Param metadata)
BATT3_ARM_SOC,Required arming state of charge,"Minimum battery state of charge (percentage remaining) required to arm the aircraft. Set to 0 to disable the check. Only functions with battery monitors that report a state of charge (eg. smart batteries over DroneCAN). Unlike the arming voltage and capacity checks this reflects the battery's own charge estimate, so it is not reset by rebooting the vehicle.",%,0,100,,,Standard,,0,False,True,,,apm.pdef.json (@Param metadata)
BATT3_ARM_VOLT,Required arming voltage,Battery voltage level which is required to arm the aircraft. Set to 0 to allow arming at any voltage.,V,,,,,Advanced,,20,False,True,,,apm.pdef.json (@Param metadata)
BATT3_CAPACITY,Battery capacity,Capacity of the battery in mAh when full,mAh,,,,,Standard,,10000,False,True,8000,20000,apm.pdef.json (@Param metadata)
BATT3_CRT_MAH,Battery critical capacity,Battery capacity at which the critical battery failsafe is triggered. Set to 0 to disable battery remaining failsafe. If the battery capacity drops below this level the vehicle will perform the failsafe specified by the BATT3_FS_CRT_ACT parameter.,mAh,,,,,Standard,,0,True,True,,,apm.pdef.json (@Param metadata)
BATT3_CRT_SOC,Critical battery state of charge,State of charge (percentage remaining) that triggers a critical battery failsafe. Set to 0 to disable. Only functions with battery monitors that report a state of charge (eg. smart batteries over DroneCAN). If the state of charge drops below this level continuously for more than the period specified by the BATT3_LOW_TIMER parameter then the vehicle will perform the failsafe specified by the BATT3_FS_CRT_ACT parameter.,%,0,100,,,Standard,,20,False,True,,,apm.pdef.json (@Param metadata)
BATT3_CRT_VOLT,Critical battery voltage,Battery voltage that triggers a critical battery failsafe. Set to 0 to disable. If the battery voltage drops below this voltage continuously for more then the period specified by the BATT3_LOW_TIMER parameter then the vehicle will perform the failsafe specified by the BATT3_FS_CRT_ACT parameter.,V,,,,,Standard,,18.5,False,True,,,apm.pdef.json (@Param metadata)
BATT3_CURR_MULT,Scales reported power monitor current,Multiplier applied to all current related reports to allow for adjustment if no UAVCAN param access or current splitting applications,,.1,10,,,Advanced,,1,True,True,,,apm.pdef.json (@Param metadata)
BATT3_FS_CRT_ACT,Critical battery failsafe action,What action the vehicle should perform if it hits a critical battery failsafe,,,,"0:None, 1:Land, 2:RTL, 3:SmartRTL or RTL, 4:SmartRTL or Land, 5:Terminate, 6:Auto DO_LAND_START or RTL, 7:Brake or Land",,Standard,,1,False,True,,,apm.pdef.json (@Param metadata)
BATT3_FS_LOW_ACT,Low battery failsafe action,What action the vehicle should perform if it hits a low battery failsafe,,,,"0:None, 1:Land, 2:RTL, 3:SmartRTL or RTL, 4:SmartRTL or Land, 5:Terminate, 6:Auto DO_LAND_START or RTL, 7:Brake or Land",,Standard,,2,False,True,,,apm.pdef.json (@Param metadata)
BATT3_FS_VOLTSRC,Failsafe voltage source,Voltage type used for detection of low voltage event,,,,"0:Raw Voltage, 1:Sag Compensated Voltage",,Advanced,,0,True,True,,,apm.pdef.json (@Param metadata)
BATT3_LOW_MAH,Low battery capacity,Battery capacity at which the low battery failsafe is triggered. Set to 0 to disable battery remaining failsafe. If the battery capacity drops below this level the vehicle will perform the failsafe specified by the BATT3_FS_LOW_ACT parameter.,mAh,,,,,Standard,,0,True,True,,,apm.pdef.json (@Param metadata)
BATT3_LOW_SOC,Low battery state of charge,State of charge (percentage remaining) that triggers a low battery failsafe. Set to 0 to disable. Only functions with battery monitors that report a state of charge (eg. smart batteries over DroneCAN). If the state of charge drops below this level continuously for more than the period specified by the BATT3_LOW_TIMER parameter then the vehicle will perform the failsafe specified by the BATT3_FS_LOW_ACT parameter.,%,0,100,,,Standard,,30,False,True,,,apm.pdef.json (@Param metadata)
BATT3_LOW_TIMER,Low voltage timeout,This is the timeout in seconds before a low voltage event will be triggered. For aircraft with low C batteries it may be necessary to raise this in order to cope with low voltage on long takeoffs. A value of zero disables low voltage errors.,s,0,120,,,Advanced,,10,True,True,,,apm.pdef.json (@Param metadata)
BATT3_LOW_VOLT,Low battery voltage,Battery voltage that triggers a low battery failsafe. Set to 0 to disable. If the battery voltage drops below this voltage continuously for more then the period specified by the BATT3_LOW_TIMER parameter then the vehicle will perform the failsafe specified by the BATT3_FS_LOW_ACT parameter.,V,,,,,Standard,,19,False,True,,,apm.pdef.json (@Param metadata)
BATT3_MONITOR,Battery monitoring,Controls enabling monitoring of the battery's voltage and current,,,,"0:Disabled, 3:Analog Voltage Only, 4:Analog Voltage and Current, 5:Solo, 6:Bebop, 7:SMBus-Generic, 8:DroneCAN-BatteryInfo, 9:ESC, 10:Sum Of Selected Monitors, 11:FuelFlow, 12:FuelLevelPWM, 13:SMBUS-SUI3, 14:SMBUS-SUI6, 15:NeoDesign, 16:SMBus-Maxell, 17:Generator-Elec, 18:Generator-Fuel, 19:Rotoye, 20:MPPT, 21:INA2XX, 22:LTC2946, 23:Torqeedo, 24:FuelLevelAnalog, 25:Synthetic Current and Analog Voltage, 26:INA239_SPI, 27:EFI, 28:AD7091R5, 29:Scripting",,Standard,True,8,True,True,,,apm.pdef.json (@Param metadata)
BATT3_OPTIONS,Battery monitor options,This sets options to change the behaviour of the battery monitor,,,,,"0:Ignore DroneCAN SoC, 1:MPPT reports input voltage and current, 2:MPPT Powered off when disarmed, 3:MPPT Powered on when armed, 4:MPPT Powered off at boot, 5:MPPT Powered on at boot, 6:Send resistance compensated voltage to GCS, 7:Allow DroneCAN InfoAux to be from a different CAN node, 8:Battery is for internal autopilot use only, 9:Sum monitor measures minimum voltage instead of average",Advanced,,128,True,True,,,apm.pdef.json (@Param metadata)
BATT3_SERIAL_NUM,Battery serial number,"Battery serial number, automatically filled in for SMBus batteries, otherwise will be -1. With DroneCan it is the battery_id.",,,,,,Advanced,,2,True,True,,,apm.pdef.json (@Param metadata)
BATT4_MONITOR,Battery monitoring,Controls enabling monitoring of the battery's voltage and current,,,,"0:Disabled, 3:Analog Voltage Only, 4:Analog Voltage and Current, 5:Solo, 6:Bebop, 7:SMBus-Generic, 8:DroneCAN-BatteryInfo, 9:ESC, 10:Sum Of Selected Monitors, 11:FuelFlow, 12:FuelLevelPWM, 13:SMBUS-SUI3, 14:SMBUS-SUI6, 15:NeoDesign, 16:SMBus-Maxell, 17:Generator-Elec, 18:Generator-Fuel, 19:Rotoye, 20:MPPT, 21:INA2XX, 22:LTC2946, 23:Torqeedo, 24:FuelLevelAnalog, 25:Synthetic Current and Analog Voltage, 26:INA239_SPI, 27:EFI, 28:AD7091R5, 29:Scripting",,Standard,True,0,True,True,,,apm.pdef.json (@Param metadata)
BATT5_MONITOR,Battery monitoring,Controls enabling monitoring of the battery's voltage and current,,,,"0:Disabled, 3:Analog Voltage Only, 4:Analog Voltage and Current, 5:Solo, 6:Bebop, 7:SMBus-Generic, 8:DroneCAN-BatteryInfo, 9:ESC, 10:Sum Of Selected Monitors, 11:FuelFlow, 12:FuelLevelPWM, 13:SMBUS-SUI3, 14:SMBUS-SUI6, 15:NeoDesign, 16:SMBus-Maxell, 17:Generator-Elec, 18:Generator-Fuel, 19:Rotoye, 20:MPPT, 21:INA2XX, 22:LTC2946, 23:Torqeedo, 24:FuelLevelAnalog, 25:Synthetic Current and Analog Voltage, 26:INA239_SPI, 27:EFI, 28:AD7091R5, 29:Scripting",,Standard,True,0,True,True,,,apm.pdef.json (@Param metadata)
BATT6_MONITOR,Battery monitoring,Controls enabling monitoring of the battery's voltage and current,,,,"0:Disabled, 3:Analog Voltage Only, 4:Analog Voltage and Current, 5:Solo, 6:Bebop, 7:SMBus-Generic, 8:DroneCAN-BatteryInfo, 9:ESC, 10:Sum Of Selected Monitors, 11:FuelFlow, 12:FuelLevelPWM, 13:SMBUS-SUI3, 14:SMBUS-SUI6, 15:NeoDesign, 16:SMBus-Maxell, 17:Generator-Elec, 18:Generator-Fuel, 19:Rotoye, 20:MPPT, 21:INA2XX, 22:LTC2946, 23:Torqeedo, 24:FuelLevelAnalog, 25:Synthetic Current and Analog Voltage, 26:INA239_SPI, 27:EFI, 28:AD7091R5, 29:Scripting",,Standard,True,0,True,True,,,apm.pdef.json (@Param metadata)
BATT7_MONITOR,Battery monitoring,Controls enabling monitoring of the battery's voltage and current,,,,"0:Disabled, 3:Analog Voltage Only, 4:Analog Voltage and Current, 5:Solo, 6:Bebop, 7:SMBus-Generic, 8:DroneCAN-BatteryInfo, 9:ESC, 10:Sum Of Selected Monitors, 11:FuelFlow, 12:FuelLevelPWM, 13:SMBUS-SUI3, 14:SMBUS-SUI6, 15:NeoDesign, 16:SMBus-Maxell, 17:Generator-Elec, 18:Generator-Fuel, 19:Rotoye, 20:MPPT, 21:INA2XX, 22:LTC2946, 23:Torqeedo, 24:FuelLevelAnalog, 25:Synthetic Current and Analog Voltage, 26:INA239_SPI, 27:EFI, 28:AD7091R5, 29:Scripting",,Standard,True,0,True,True,,,apm.pdef.json (@Param metadata)
BATT8_MONITOR,Battery monitoring,Controls enabling monitoring of the battery's voltage and current,,,,"0:Disabled, 3:Analog Voltage Only, 4:Analog Voltage and Current, 5:Solo, 6:Bebop, 7:SMBus-Generic, 8:DroneCAN-BatteryInfo, 9:ESC, 10:Sum Of Selected Monitors, 11:FuelFlow, 12:FuelLevelPWM, 13:SMBUS-SUI3, 14:SMBUS-SUI6, 15:NeoDesign, 16:SMBus-Maxell, 17:Generator-Elec, 18:Generator-Fuel, 19:Rotoye, 20:MPPT, 21:INA2XX, 22:LTC2946, 23:Torqeedo, 24:FuelLevelAnalog, 25:Synthetic Current and Analog Voltage, 26:INA239_SPI, 27:EFI, 28:AD7091R5, 29:Scripting",,Standard,True,0,True,True,,,apm.pdef.json (@Param metadata)
BATT9_MONITOR,Battery monitoring,Controls enabling monitoring of the battery's voltage and current,,,,"0:Disabled, 3:Analog Voltage Only, 4:Analog Voltage and Current, 5:Solo, 6:Bebop, 7:SMBus-Generic, 8:DroneCAN-BatteryInfo, 9:ESC, 10:Sum Of Selected Monitors, 11:FuelFlow, 12:FuelLevelPWM, 13:SMBUS-SUI3, 14:SMBUS-SUI6, 15:NeoDesign, 16:SMBus-Maxell, 17:Generator-Elec, 18:Generator-Fuel, 19:Rotoye, 20:MPPT, 21:INA2XX, 22:LTC2946, 23:Torqeedo, 24:FuelLevelAnalog, 25:Synthetic Current and Analog Voltage, 26:INA239_SPI, 27:EFI, 28:AD7091R5, 29:Scripting",,Standard,True,0,True,True,,,apm.pdef.json (@Param metadata)
BATT_AMP_OFFSET,AMP offset,"Voltage offset at zero current on current sensor for Analog Sensors. For Synthetic Current sensor, this offset is the zero throttle system current and is added to the calculated throttle base current.",V,,,,,Standard,,1.645,True,True,,,apm.pdef.json (@Param metadata)
BATT_AMP_PERVLT,Amps per volt,"Number of amps that a 1V reading on the current sensor corresponds to. With a Pixhawk using the 3DR Power brick this should be set to 17. For the Pixhawk with the 3DR 4in1 ESC this should be 17. For Synthetic Current sensor monitors, this is the maximum, full throttle current draw.",A/V,,,,,Standard,,41.6666,True,True,,,apm.pdef.json (@Param metadata)
BATT_ARM_MAH,Required arming remaining capacity,"Battery capacity remaining which is required to arm the aircraft. Set to 0 to allow arming at any capacity. Note that execept for smart batteries rebooting the vehicle will always reset the remaining capacity estimate, which can lead to this check not providing sufficent protection, it is recommended to always use this in conjunction with the BATT_ARM_VOLT parameter.",mAh,,,,,Advanced,,0,True,True,,,apm.pdef.json (@Param metadata)
BATT_ARM_SOC,Required arming state of charge,"Minimum battery state of charge (percentage remaining) required to arm the aircraft. Set to 0 to disable the check. Only functions with battery monitors that report a state of charge (eg. smart batteries over DroneCAN). Unlike the arming voltage and capacity checks this reflects the battery's own charge estimate, so it is not reset by rebooting the vehicle.",%,0,100,,,Standard,,0,False,True,,,apm.pdef.json (@Param metadata)
BATT_ARM_VOLT,Required arming voltage,Battery voltage level which is required to arm the aircraft. Set to 0 to allow arming at any voltage.,V,,,,,Advanced,,0,False,True,,,apm.pdef.json (@Param metadata)
BATT_CAPACITY,Battery capacity,Capacity of the battery in mAh when full,mAh,,,,,Standard,,20000,False,True,8000,30000,apm.pdef.json (@Param metadata)
BATT_CRT_MAH,Battery critical capacity,Battery capacity at which the critical battery failsafe is triggered. Set to 0 to disable battery remaining failsafe. If the battery capacity drops below this level the vehicle will perform the failsafe specified by the BATT_FS_CRT_ACT parameter.,mAh,,,,,Standard,,0,True,True,,,apm.pdef.json (@Param metadata)
BATT_CRT_SOC,Critical battery state of charge,State of charge (percentage remaining) that triggers a critical battery failsafe. Set to 0 to disable. Only functions with battery monitors that report a state of charge (eg. smart batteries over DroneCAN). If the state of charge drops below this level continuously for more than the period specified by the BATT_LOW_TIMER parameter then the vehicle will perform the failsafe specified by the BATT_FS_CRT_ACT parameter.,%,0,100,,,Standard,,0,False,True,,,apm.pdef.json (@Param metadata)
BATT_CRT_VOLT,Critical battery voltage,Battery voltage that triggers a critical battery failsafe. Set to 0 to disable. If the battery voltage drops below this voltage continuously for more then the period specified by the BATT_LOW_TIMER parameter then the vehicle will perform the failsafe specified by the BATT_FS_CRT_ACT parameter.,V,,,,,Standard,,0,True,True,,,apm.pdef.json (@Param metadata)
BATT_CURR_PIN,Battery Current sensing pin,Sets the analog input pin that should be used for current monitoring.,,,,"-1:Disabled, 3:Pixhawk/Pixracer/Navio2/Pixhawk2_PM1, 4:CubeOrange_PM2/Navigator, 14:Pixhawk2_PM2, 15:CubeOrange, 17:Durandal, 101:PX4-v1",,Standard,True,15,True,True,,,apm.pdef.json (@Param metadata)
BATT_FS_CRT_ACT,Critical battery failsafe action,What action the vehicle should perform if it hits a critical battery failsafe,,,,"0:None, 1:Land, 2:RTL, 3:SmartRTL or RTL, 4:SmartRTL or Land, 5:Terminate, 6:Auto DO_LAND_START or RTL, 7:Brake or Land",,Standard,,0,True,True,,,apm.pdef.json (@Param metadata)
BATT_FS_LOW_ACT,Low battery failsafe action,What action the vehicle should perform if it hits a low battery failsafe,,,,"0:None, 1:Land, 2:RTL, 3:SmartRTL or RTL, 4:SmartRTL or Land, 5:Terminate, 6:Auto DO_LAND_START or RTL, 7:Brake or Land",,Standard,,0,True,True,,,apm.pdef.json (@Param metadata)
BATT_FS_VOLTSRC,Failsafe voltage source,Voltage type used for detection of low voltage event,,,,"0:Raw Voltage, 1:Sag Compensated Voltage",,Advanced,,0,True,True,,,apm.pdef.json (@Param metadata)
BATT_LOW_MAH,Low battery capacity,Battery capacity at which the low battery failsafe is triggered. Set to 0 to disable battery remaining failsafe. If the battery capacity drops below this level the vehicle will perform the failsafe specified by the BATT_FS_LOW_ACT parameter.,mAh,,,,,Standard,,0,True,True,,,apm.pdef.json (@Param metadata)
BATT_LOW_SOC,Low battery state of charge,State of charge (percentage remaining) that triggers a low battery failsafe. Set to 0 to disable. Only functions with battery monitors that report a state of charge (eg. smart batteries over DroneCAN). If the state of charge drops below this level continuously for more than the period specified by the BATT_LOW_TIMER parameter then the vehicle will perform the failsafe specified by the BATT_FS_LOW_ACT parameter.,%,0,100,,,Standard,,0,False,True,,,apm.pdef.json (@Param metadata)
BATT_LOW_TIMER,Low voltage timeout,This is the timeout in seconds before a low voltage event will be triggered. For aircraft with low C batteries it may be necessary to raise this in order to cope with low voltage on long takeoffs. A value of zero disables low voltage errors.,s,0,120,,,Advanced,,10,True,True,,,apm.pdef.json (@Param metadata)
BATT_LOW_VOLT,Low battery voltage,Battery voltage that triggers a low battery failsafe. Set to 0 to disable. If the battery voltage drops below this voltage continuously for more then the period specified by the BATT_LOW_TIMER parameter then the vehicle will perform the failsafe specified by the BATT_FS_LOW_ACT parameter.,V,,,,,Standard,,0,True,True,,,apm.pdef.json (@Param metadata)
BATT_MONITOR,Battery monitoring,Controls enabling monitoring of the battery's voltage and current,,,,"0:Disabled, 3:Analog Voltage Only, 4:Analog Voltage and Current, 5:Solo, 6:Bebop, 7:SMBus-Generic, 8:DroneCAN-BatteryInfo, 9:ESC, 10:Sum Of Selected Monitors, 11:FuelFlow, 12:FuelLevelPWM, 13:SMBUS-SUI3, 14:SMBUS-SUI6, 15:NeoDesign, 16:SMBus-Maxell, 17:Generator-Elec, 18:Generator-Fuel, 19:Rotoye, 20:MPPT, 21:INA2XX, 22:LTC2946, 23:Torqeedo, 24:FuelLevelAnalog, 25:Synthetic Current and Analog Voltage, 26:INA239_SPI, 27:EFI, 28:AD7091R5, 29:Scripting",,Standard,True,4,True,True,,,apm.pdef.json (@Param metadata)
BATT_OPTIONS,Battery monitor options,This sets options to change the behaviour of the battery monitor,,,,,"0:Ignore DroneCAN SoC, 1:MPPT reports input voltage and current, 2:MPPT Powered off when disarmed, 3:MPPT Powered on when armed, 4:MPPT Powered off at boot, 5:MPPT Powered on at boot, 6:Send resistance compensated voltage to GCS, 7:Allow DroneCAN InfoAux to be from a different CAN node, 8:Battery is for internal autopilot use only, 9:Sum monitor measures minimum voltage instead of average",Advanced,,256,True,True,,,apm.pdef.json (@Param metadata)
BATT_SERIAL_NUM,Battery serial number,"Battery serial number, automatically filled in for SMBus batteries, otherwise will be -1. With DroneCan it is the battery_id.",,,,,,Advanced,,1,True,True,,,apm.pdef.json (@Param metadata)
BATT_VLT_OFFSET,Voltage offset,Voltage offset on voltage pin. This allows for an offset due to a diode. This voltage is subtracted before the scaling is applied.,V,,,,,Advanced,,0,True,True,,,apm.pdef.json (@Param metadata)
BATT_VOLT_MULT,Voltage Multiplier,"Used to convert the voltage of the voltage sensing pin (BATT_VOLT_PIN) to the actual battery's voltage (pin_voltage * VOLT_MULT). For the 3DR Power brick with a Pixhawk, this should be set to 10.1. For the Pixhawk with the 3DR 4in1 ESC this should be 12.02. For the PX using the PX4IO power supply this should be set to 1.",,,,,,Advanced,,19,True,True,,,apm.pdef.json (@Param metadata)
BATT_VOLT_PIN,Battery Voltage sensing pin,Sets the analog input pin that should be used for voltage monitoring.,,,,"-1:Disabled, 2:Pixhawk/Pixracer/Navio2/Pixhawk2_PM1, 5:Navigator, 13:Pixhawk2_PM2/CubeOrange_PM2, 14:CubeOrange, 16:Durandal, 100:PX4-v1",,Standard,True,14,True,True,,,apm.pdef.json (@Param metadata)
BCN_TYPE,Beacon based position estimation device type,What type of beacon based position estimation device is connected,,,,"0:None, 1:Pozyx, 2:Marvelmind, 3:Nooploop, 10:SITL",,Advanced,,0,True,True,,,apm.pdef.json (@Param metadata)
BRD_ALT_CONFIG,Alternative HW config,Select an alternative hardware configuration. A value of zero selects the default configuration for this board. Other values are board specific. Please see the documentation for your board for details on any alternative configuration values that may be available.,,0,10,,,Advanced,True,0,True,True,,,apm.pdef.json (@Param metadata)
BRD_BOOT_DELAY,Boot delay,This adds a delay in milliseconds to boot to ensure peripherals initialise fully,ms,0,10000,,,Advanced,,0,False,True,,,apm.pdef.json (@Param metadata)
BRD_HEAT_I,Board Heater I gain,Board Heater integrator gain,,0,1,,,Advanced,,0.07,True,True,,,apm.pdef.json (@Param metadata)
BRD_HEAT_IMAX,Board Heater IMAX,Board Heater integrator maximum,,0,100,,,Advanced,,70,True,True,,,apm.pdef.json (@Param metadata)
BRD_HEAT_LOWMGN,Board heater temp lower margin,Arming check will fail if temp is lower than this margin below BRD_HEAT_TARG. 0 disables the low temperature check,degC,0,20,,,Advanced,,5,True,True,,,apm.pdef.json (@Param metadata)
BRD_HEAT_P,Board Heater P gain,Board Heater P gain,,1,500,,,Advanced,,50,True,True,,,apm.pdef.json (@Param metadata)
BRD_HEAT_TARG,Board heater temperature target,"Board heater target temperature for boards with controllable heating units. Set to -1 to disable the heater, please reboot after setting to -1.",degC,-1,80,,,Advanced,,45,True,True,,,apm.pdef.json (@Param metadata)
BRD_IO_DSHOT,Load DShot FW on IO,This loads the DShot firmware on the IO co-processor,,,,"0:StandardFW, 1:DshotFW",,Advanced,True,0,True,True,,,apm.pdef.json (@Param metadata)
BRD_IO_ENABLE,Enable IO co-processor,This allows for the IO co-processor on boards with an IOMCU to be disabled. Setting to 2 will enable the IOMCU but not attempt to update firmware on startup,,,,"0:Disabled, 1:Enabled, 2:EnableNoFWUpdate",,Advanced,True,1,True,True,,,apm.pdef.json (@Param metadata)
BRD_OPTIONS,Board options,Board specific option flags,,,,,"0:Enable hardware watchdog, 1:Disable MAVftp, 2:Enable set of internal parameters, 3:Enable Debug Pins, 4:Unlock flash on reboot, 5:Write protect firmware flash on reboot, 6:Write protect bootloader flash on reboot, 7:Skip board validation, 8:Disable board arming gpio output change on arm/disarm",Advanced,,1,True,True,,,apm.pdef.json (@Param metadata)
BRD_PWM_VOLT_SEL,Set PWM Out Voltage,"This sets the voltage max for PWM output pulses. 0 for 3.3V and 1 for 5V output. On boards with an IOMCU that support this parameter this option only affects the 8 main outputs, not the 6 auxiliary outputs. Using 5V output can help to reduce the impact of ESC noise interference corrupting signals to the ESCs.",,,,"0:3.3V, 1:5V",,Advanced,,0,True,True,,,apm.pdef.json (@Param metadata)
BRD_RTC_TYPES,Allowed sources of RTC time,Specifies which sources of UTC time will be accepted,,,,,"0:GPS, 1:MAVLINK_SYSTEM_TIME, 2:HW",Advanced,,1,True,True,,,apm.pdef.json (@Param metadata)
BRD_RTC_TZ_MIN,Timezone offset from UTC,Adds offset in +- minutes from UTC to calculate local time,,-720,+840,,,Advanced,,0,True,True,,,apm.pdef.json (@Param metadata)
BRD_SAFETYOPTION,Options for safety button behavior,"This controls the activation of the safety button. It allows you to control if the safety button can be used for safety enable and/or disable, and whether the button is only active when disarmed",,,,,"0:ActiveForSafetyDisable, 1:ActiveForSafetyEnable, 2:ActiveWhenArmed, 3:Force safety on when the aircraft disarms",Standard,,0,True,True,,,apm.pdef.json (@Param metadata)
BRD_SAFETY_DEFLT,Sets default state of the safety switch,This controls the default state of the safety switch at startup. When set to 1 the safety switch will start in the safe state (flashing) at boot. When set to zero the safety switch will start in the unsafe state (solid) at startup. Note that if a safety switch is fitted the user can still control the safety state after startup using the switch. The safety state can also be controlled in software using a MAVLink message.,,,,"0:Disabled, 1:Enabled",,Standard,True,0,True,True,,,apm.pdef.json (@Param metadata)
BRD_SAFETY_MASK,Outputs which ignore the safety switch state,A bitmask which controls what outputs can move while the safety switch has not been pressed,,,,,"0:Output1, 1:Output2, 2:Output3, 3:Output4, 4:Output5, 5:Output6, 6:Output7, 7:Output8, 8:Output9, 9:Output10, 10:Output11, 11:Output12, 12:Output13, 13:Output14",Advanced,True,16368,True,True,,,apm.pdef.json (@Param metadata)
BRD_SBUS_OUT, SBUS output rate,This sets the SBUS output frame rate in Hz,,,,"0:Disabled, 1:50Hz, 2:75Hz, 3:100Hz, 4:150Hz, 5:200Hz, 6:250Hz, 7:300Hz",,Advanced,True,0,False,True,,,apm.pdef.json (@Param metadata)
BRD_SD_FENCE, SDCard Fence size,This sets the amount of storage in kilobytes reserved on the microsd card in fence.stg for fence storage.,,0,64,,,Advanced,True,0,True,True,,,apm.pdef.json (@Param metadata)
BRD_SD_MISSION, SDCard Mission size,This sets the amount of storage in kilobytes reserved on the microsd card in mission.stg for waypoint storage. Each waypoint uses 15 bytes.,,0,64,,,Advanced,True,0,True,True,,,apm.pdef.json (@Param metadata)
BRD_SD_SLOWDOWN,microSD slowdown,This is a scaling factor to slow down microSD operation. It can be used on flight board and microSD card combinations where full speed is not reliable. For normal full speed operation a value of 0 should be used.,,0,32,,,Advanced,,0,True,True,,,apm.pdef.json (@Param metadata)
BRD_SER1_RTSCTS,Serial 1 flow control,"Enable flow control on serial 1 (telemetry 1). You must have the RTS and CTS pins connected to your radio. The standard DF13 6 pin connector for a 3DR radio does have those pins connected. If this is set to 2 then flow control will be auto-detected by checking for the output buffer filling on startup. Note that the PX4v1 does not have hardware flow control pins on this port, so you should leave this disabled.",,,,"0:Disabled, 1:Enabled, 2:Auto, 3:RS-485 Driver enable RTS pin",,Advanced,True,2,True,True,,,apm.pdef.json (@Param metadata)
BRD_SER2_RTSCTS,Serial 2 flow control,Enable flow control on serial 2 (telemetry 2). You must have the RTS and CTS pins connected to your radio. The standard DF13 6 pin connector for a 3DR radio does have those pins connected. If this is set to 2 then flow control will be auto-detected by checking for the output buffer filling on startup.,,,,"0:Disabled, 1:Enabled, 2:Auto, 3:RS-485 Driver enable RTS pin",,Advanced,True,2,True,True,,,apm.pdef.json (@Param metadata)
BRD_SERIAL_NUM,User-defined serial number,"User-defined serial number of this vehicle, it can be any arbitrary number you want and has no effect on the autopilot",,-8388608,8388607,,,Standard,,0,True,True,,,apm.pdef.json (@Param metadata)
BRD_TYPE,Board type,This allows selection of a PX4 or VRBRAIN board type. If set to zero then the board type is auto-detected (PX4),,,,"0:AUTO, 1:PX4V1, 2:Pixhawk, 3:Cube/Pixhawk2, 4:Pixracer, 5:PixhawkMini, 6:Pixhawk2Slim, 13:Intel Aero FC, 14:Pixhawk Pro, 20:AUAV2.1, 21:PCNC1, 22:MINDPXV2, 23:SP01, 24:CUAVv5/FMUV5, 30:VRX BRAIN51, 32:VRX BRAIN52, 33:VRX BRAIN52E, 34:VRX UBRAIN51, 35:VRX UBRAIN52, 36:VRX CORE10, 38:VRX BRAIN54, 39:PX4 FMUV6, 100:PX4 OLDDRIVERS",,Advanced,True,3,True,True,,,apm.pdef.json (@Param metadata)
BRD_VBUS_MIN,Autopilot board voltage requirement,Minimum voltage on the autopilot power rail to allow the aircraft to arm. 0 to disable the check.,V,4.0,5.5,,,Advanced,,4.3,True,True,,,apm.pdef.json (@Param metadata)
BRD_VSERVO_MIN,Servo voltage requirement,Minimum voltage on the servo rail to allow the aircraft to arm. 0 to disable the check.,V,3.3,12.0,,,Advanced,,0,True,True,,,apm.pdef.json (@Param metadata)
BTN_ENABLE,Enable button reporting,This enables the button checking module. When this is disabled the parameters for setting button inputs are not visible,,,,"0:Disabled, 1:Enabled",,Advanced,,0,True,True,,,apm.pdef.json (@Param metadata)
CAM1_DURATION,Camera shutter duration held open,Duration in seconds that the camera shutter is held open,s,0,5,,,Standard,,0.1,False,True,,,apm.pdef.json (@Param metadata)
CAM1_FEEDBAK_PIN,Camera feedback pin,"pin number to use for save accurate camera feedback messages. If set to -1 then don't use a pin flag for this, otherwise this is a pin number which if held high after a picture trigger order, will save camera messages when camera really takes a picture. A universal camera hot shoe is needed. The pin should be held high for at least 2 milliseconds for reliable trigger detection. Some common values are given, but see the Wiki's ""GPIOs"" page for how to determine the pin number for a given autopilot. See also the CAMx_FEEDBCK_POL option.",,,,"-1:Disabled, 50:AUX1, 51:AUX2, 52:AUX3, 53:AUX4, 54:AUX5, 55:AUX6",,Standard,True,-1,True,True,,,apm.pdef.json (@Param metadata)
CAM1_FEEDBAK_POL,Camera feedback pin polarity,Polarity for feedback pin. If this is 1 then the feedback pin should go high on trigger. If set to 0 then it should go low,,,,"0:TriggerLow, 1:TriggerHigh",,Standard,,1,True,True,,,apm.pdef.json (@Param metadata)
CAM1_HFOV,Camera horizontal field of view,Camera horizontal field of view. 0 if unknown,deg,0,360,,,Standard,,0,True,True,,,apm.pdef.json (@Param metadata)
CAM1_INTRVAL_MIN,Camera minimum time interval between photos,Postpone shooting if previous picture was taken less than this many seconds ago,s,0,10,,,Standard,,0,True,True,,,apm.pdef.json (@Param metadata)
CAM1_MNT_INST,Camera Mount instance,Mount instance camera is associated with. 0 means camera and mount have identical instance numbers e.g. camera1 and mount1,,,,,,Standard,,0,True,True,,,apm.pdef.json (@Param metadata)
CAM1_OPTIONS,Camera options,Camera options bitmask,,,,,"0:Recording Starts at arming and stops at disarming, 1:Use 3D distance for trigger (count altitude changes)",Standard,,0,False,True,,,apm.pdef.json (@Param metadata)
CAM1_RELAY_ON,Camera relay ON value,This sets whether the relay goes high or low when it triggers. Note that you should also set RELAY_DEFAULT appropriately for your camera,,,,"0:Low, 1:High",,Standard,,1,True,True,,,apm.pdef.json (@Param metadata)
CAM1_SERVO_OFF,Camera servo OFF PWM value,PWM value in microseconds to move servo to when shutter is deactivated,PWM,1000,2000,,,Standard,,1100,True,True,,,apm.pdef.json (@Param metadata)
CAM1_SERVO_ON,Camera servo ON PWM value,PWM value in microseconds to move servo to when shutter is activated,PWM,1000,2000,,,Standard,,1300,True,True,,,apm.pdef.json (@Param metadata)
CAM1_TRIGG_DIST,Camera trigger distance,"Distance in meters between camera triggers. If this value is non-zero then the camera will trigger whenever the position changes by this number of meters regardless of what mode the APM is in. Note that this parameter can also be set in an auto mission using the DO_SET_CAM_TRIGG_DIST command, allowing you to enable/disable the triggering of the camera during the flight.",m,0,1000,,,Standard,,0,False,True,,,apm.pdef.json (@Param metadata)
CAM1_TYPE,Camera shutter (trigger) type,how to trigger the camera to take a picture,,,,"0:None, 1:Servo, 2:Relay, 3:GoPro in Solo Gimbal, 4:Mount (Siyi/Topotek/Viewpro/Xacti), 5:MAVLink, 6:MAVLinkCamV2, 7:Scripting",,Standard,,5,False,True,,,apm.pdef.json (@Param metadata)
CAM1_VFOV,Camera vertical field of view,Camera vertical field of view. 0 if unknown,deg,0,180,,,Standard,,0,True,True,,,apm.pdef.json (@Param metadata)
CAM2_TYPE,Camera shutter (trigger) type,how to trigger the camera to take a picture,,,,"0:None, 1:Servo, 2:Relay, 3:GoPro in Solo Gimbal, 4:Mount (Siyi/Topotek/Viewpro/Xacti), 5:MAVLink, 6:MAVLinkCamV2, 7:Scripting",,Standard,,0,True,True,,,apm.pdef.json (@Param metadata)
CAM_AUTO_ONLY,Distance-trigging in AUTO mode only,"When enabled, trigging by distance is done in AUTO mode only.",,,,"0:Always, 1:Only when in AUTO",,Standard,,1,True,True,,,apm.pdef.json (@Param metadata)
CAM_MAX_ROLL,Maximum photo roll angle.,"Postpone shooting if roll is greater than limit. (0=Disable, will shoot regardless of roll).",deg,0,180,,,Standard,,0,True,True,,,apm.pdef.json (@Param metadata)
CAM_RC_TYPE,RunCam device type,RunCam device type used to determine OSD menu structure and shutter options.,,,,"0:Disabled, 1:RunCam Split Micro/RunCam with UART, 2:RunCam Split, 3:RunCam Split4 4k, 4:RunCam Hybrid/RunCam Thumb Pro, 5:Runcam 2 4k",,,,0,True,True,,,apm.pdef.json (@Param metadata)
CAN_D1_PROTOCOL,Enable use of specific protocol over virtual driver,Enabling this option starts selected protocol that will use this virtual driver,,,,"0:Disabled, 1:DroneCAN, 4:PiccoloCAN, 6:EFI_NWPMU, 7:USD1, 8:KDECAN, 10:Scripting, 11:Benewake, 12:Scripting2, 13:TOFSenseP, 14:RadarCAN (NanoRadar/Hexsoon)",,Advanced,True,1,True,True,,,apm.pdef.json (@Param metadata)
CAN_D1_PROTOCOL2,Secondary protocol with 11 bit CAN addressing,Secondary protocol with 11 bit CAN addressing,,,,"0:Disabled, 7:USD1, 10:Scripting, 11:Benewake, 12:Scripting2, 13:TOFSenseP, 14:RadarCAN (NanoRadar/Hexsoon)",,Advanced,True,0,True,True,,,apm.pdef.json (@Param metadata)
CAN_D1_UC_ESC_BM,Output channels to be transmitted as ESC over DroneCAN,Bitmask with one set for channel to be transmitted as a ESC command over DroneCAN,,,,,"0:ESC 1, 1:ESC 2, 2:ESC 3, 3:ESC 4, 4:ESC 5, 5:ESC 6, 6:ESC 7, 7:ESC 8, 8:ESC 9, 9:ESC 10, 10:ESC 11, 11:ESC 12, 12:ESC 13, 13:ESC 14, 14:ESC 15, 15:ESC 16, 16:ESC 17, 17:ESC 18, 18:ESC 19, 19:ESC 20, 20:ESC 21, 21:ESC 22, 22:ESC 23, 23:ESC 24, 24:ESC 25, 25:ESC 26, 26:ESC 27, 27:ESC 28, 28:ESC 29, 29:ESC 30, 30:ESC 31, 31:ESC 32",Advanced,,15,True,True,,,apm.pdef.json (@Param metadata)
CAN_D1_UC_ESC_OF,ESC Output channels offset,Offset for ESC numbering in DroneCAN ESC RawCommand messages. This allows for more efficient packing of ESC command messages. If your ESCs are on servo functions 5 to 8 and you set this parameter to 4 then the ESC RawCommand will be sent with the first 4 slots filled. This can be used for more efficient usage of CAN bandwidth,,0,18,,,Advanced,,0,True,True,,,apm.pdef.json (@Param metadata)
CAN_D1_UC_ESC_RV,Bitmask for output channels for reversible ESCs over DroneCAN.,"Bitmask with one set for each output channel that uses a reversible ESC over DroneCAN. Reversible ESCs use both positive and negative values in RawCommands, with positive commanding the forward direction and negative commanding the reverse direction.",,,,,"0:ESC 1, 1:ESC 2, 2:ESC 3, 3:ESC 4, 4:ESC 5, 5:ESC 6, 6:ESC 7, 7:ESC 8, 8:ESC 9, 9:ESC 10, 10:ESC 11, 11:ESC 12, 12:ESC 13, 13:ESC 14, 14:ESC 15, 15:ESC 16, 16:ESC 17, 17:ESC 18, 18:ESC 19, 19:ESC 20, 20:ESC 21, 21:ESC 22, 22:ESC 23, 23:ESC 24, 24:ESC 25, 25:ESC 26, 26:ESC 27, 27:ESC 28, 28:ESC 29, 29:ESC 30, 30:ESC 31, 31:ESC 32",Advanced,,0,True,True,,,apm.pdef.json (@Param metadata)
CAN_D1_UC_NODE,Own node ID,DroneCAN node ID used by the driver itself on this network,,1,125,,,Advanced,,10,True,True,,,apm.pdef.json (@Param metadata)
CAN_D1_UC_NTF_RT,Notify State rate,Maximum transmit rate for Notify State Message,Hz,1,200,,,Advanced,,20,True,True,,,apm.pdef.json (@Param metadata)
CAN_D1_UC_OPTION,DroneCAN options,Option flags,,,,,"0:ClearDNADatabase, 1:IgnoreDNANodeConflicts, 2:EnableCanfd, 3:IgnoreDNANodeUnhealthy, 4:SendServoAsPWM, 5:SendGNSS, 6:UseHimarkServo, 7:HobbyWingESC, 8:EnableStats, 9:EnableFlexDebug",Advanced,,2,False,True,,,apm.pdef.json (@Param metadata)
CAN_D1_UC_POOL,CAN pool size,Amount of memory in bytes to allocate for the DroneCAN memory pool. More memory is needed for higher CAN bus loads,,1024,16384,,,Advanced,,16384,True,True,,,apm.pdef.json (@Param metadata)
CAN_D1_UC_RLY_RT,DroneCAN relay output rate,"Maximum transmit rate for relay outputs, note that this rate is per message each message does 1 relay, so if with more relays will take longer to update at the same rate, a extra message will be sent when a relay changes state",Hz,0,200,,,Advanced,,0,True,True,,,apm.pdef.json (@Param metadata)
CAN_D1_UC_SER_EN,DroneCAN Serial enable,Enable DroneCAN virtual serial ports,,,,"0:Disabled, 1:Enabled",,Advanced,True,0,True,True,,,apm.pdef.json (@Param metadata)
CAN_D1_UC_SRV_BM,Output channels to be transmitted as servo over DroneCAN,Bitmask with one set for channel to be transmitted as a servo command over DroneCAN,,,,,"0:Servo 1, 1:Servo 2, 2:Servo 3, 3:Servo 4, 4:Servo 5, 5:Servo 6, 6:Servo 7, 7:Servo 8, 8:Servo 9, 9:Servo 10, 10:Servo 11, 11:Servo 12, 12:Servo 13, 13:Servo 14, 14:Servo 15, 15:Servo 16, 16:Servo 17, 17:Servo 18, 18:Servo 19, 19:Servo 20, 20:Servo 21, 21:Servo 22, 22:Servo 23, 23:Servo 24, 24:Servo 25, 25:Servo 26, 26:Servo 27, 27:Servo 28, 28:Servo 29, 29:Servo 30, 30:Servo 31, 31:Servo 32",,,0,True,True,,,apm.pdef.json (@Param metadata)
CAN_D1_UC_SRV_RT,Servo output rate,Maximum transmit rate for servo outputs,Hz,1,200,,,Advanced,,50,True,True,,,apm.pdef.json (@Param metadata)
CAN_D2_PROTOCOL,Enable use of specific protocol over virtual driver,Enabling this option starts selected protocol that will use this virtual driver,,,,"0:Disabled, 1:DroneCAN, 4:PiccoloCAN, 6:EFI_NWPMU, 7:USD1, 8:KDECAN, 10:Scripting, 11:Benewake, 12:Scripting2, 13:TOFSenseP, 14:RadarCAN (NanoRadar/Hexsoon)",,Advanced,True,1,True,True,,,apm.pdef.json (@Param metadata)
CAN_D2_PROTOCOL2,Secondary protocol with 11 bit CAN addressing,Secondary protocol with 11 bit CAN addressing,,,,"0:Disabled, 7:USD1, 10:Scripting, 11:Benewake, 12:Scripting2, 13:TOFSenseP, 14:RadarCAN (NanoRadar/Hexsoon)",,Advanced,True,0,True,True,,,apm.pdef.json (@Param metadata)
CAN_LOGLEVEL,Loglevel,Loglevel for recording initialisation and debug information from CAN Interface,,0,4,"0:Log None, 1:Log Error, 2:Log Warning and below, 3:Log Info and below, 4:Log Everything",,Advanced,,3,False,True,,,apm.pdef.json (@Param metadata)
CAN_P1_BITRATE,Bitrate of CAN interface,Bit rate can be set up to from 10000 to 1000000,,10000,1000000,,,Advanced,,1000000,True,True,,,apm.pdef.json (@Param metadata)
CAN_P1_DRIVER,Index of virtual driver to be used with physical CAN interface,Enabling this option enables use of CAN buses.,,,,"0:Disabled, 1:First driver, 2:Second driver, 3:Third driver",,Standard,True,1,True,True,,,apm.pdef.json (@Param metadata)
CAN_P1_FDBITRATE,Bitrate of CANFD interface,Bit rate can be set up to from 1000000 to 8000000,,,,"1:1M, 2:2M, 4:4M, 5:5M, 8:8M",,Advanced,,8,True,True,,,apm.pdef.json (@Param metadata)
CAN_P1_OPTIONS,CAN per-interface options,CAN per-interface options,,,,,0:LogAllFrames,Advanced,,0,True,True,,,apm.pdef.json (@Param metadata)
CAN_P2_BITRATE,Bitrate of CAN interface,Bit rate can be set up to from 10000 to 1000000,,10000,1000000,,,Advanced,,1000000,True,True,,,apm.pdef.json (@Param metadata)
CAN_P2_DRIVER,Index of virtual driver to be used with physical CAN interface,Enabling this option enables use of CAN buses.,,,,"0:Disabled, 1:First driver, 2:Second driver, 3:Third driver",,Standard,True,1,True,True,,,apm.pdef.json (@Param metadata)
CAN_P2_FDBITRATE,Bitrate of CANFD interface,Bit rate can be set up to from 1000000 to 8000000,,,,"1:1M, 2:2M, 4:4M, 5:5M, 8:8M",,Advanced,,8,True,True,,,apm.pdef.json (@Param metadata)
CAN_P2_OPTIONS,CAN per-interface options,CAN per-interface options,,,,,0:LogAllFrames,Advanced,,0,True,True,,,apm.pdef.json (@Param metadata)
CAN_SLCAN_CPORT,SLCAN Route,"CAN Interface ID to be routed to SLCAN, 0 means no routing",,,,"0:Disabled, 1:First interface, 2:Second interface",,Standard,True,1,True,True,,,apm.pdef.json (@Param metadata)
CAN_SLCAN_SDELAY,SLCAN Start Delay,Duration after which slcan starts after setting SERNUM in seconds.,,0,127,,,Standard,,1,True,True,,,apm.pdef.json (@Param metadata)
CAN_SLCAN_SERNUM,SLCAN Serial Port,"Serial Port ID to be used for temporary SLCAN iface, -1 means no temporary serial. This parameter is automatically reset on reboot or on timeout. See CAN_SLCAN_TIMOUT for timeout details",,,,"-1:Disabled, 0:Serial0, 1:Serial1, 2:Serial2, 3:Serial3, 4:Serial4, 5:Serial5, 6:Serial6",,Standard,,-1,True,True,,,apm.pdef.json (@Param metadata)
CAN_SLCAN_TIMOUT,SLCAN Timeout,Duration of inactivity after which SLCAN is switched back to original driver in seconds.,,0,127,,,Standard,,2,True,True,,,apm.pdef.json (@Param metadata)
CHUTE_ENABLED,Parachute release enabled or disabled,Parachute release enabled or disabled,,,,"0:Disabled, 1:Enabled",,Standard,,0,True,False,,,apm.pdef.json (@Param metadata)
CIRCLE_OPTIONS,Circle options,0:Enable or disable using the pitch/roll stick control circle mode's radius and rate,,,,,"0:manual control, 1:face direction of travel, 2:Start at center rather than on perimeter, 3:Make Mount ROI the center of the circle",Standard,,1,True,False,,,apm.pdef.json (@Param metadata)
CIRCLE_RADIUS,Circle Radius,Defines the radius of the circle the vehicle will fly when in Circle flight mode,cm,0,200000,,,Standard,,1000,True,False,,,apm.pdef.json (@Param metadata)
CIRCLE_RATE,Circle rate,"Circle mode's turn rate in deg/sec. Positive to turn clockwise, negative for counter clockwise. Circle rate must be less than ATC_SLEW_YAW parameter.",deg/s,-90,90,,,Standard,,20,True,False,,,apm.pdef.json (@Param metadata)
COMPASS_AUTODEC,Auto Declination,Enable or disable the automatic calculation of the declination based on gps location,,,,"0:Disabled, 1:Enabled",,Advanced,,1,False,True,,,apm.pdef.json (@Param metadata)
COMPASS_AUTO_ROT,Automatically check orientation,When enabled this will automatically check the orientation of compasses on successful completion of compass calibration. If set to 2 then external compasses will have their orientation automatically corrected.,,,,"0:Disabled, 1:CheckOnly, 2:CheckAndFix, 3:use same tolerance to auto rotate 45 deg rotations",,,,2,False,True,,,apm.pdef.json (@Param metadata)
COMPASS_CAL_FIT,Compass calibration fitness,This controls the fitness level required for a successful compass calibration. A lower value makes for a stricter fit (less likely to pass). This is the value used for the primary magnetometer. Other magnetometers get double the value.,,4,32,"4:Very Strict, 8:Strict, 16:Default, 32:Relaxed",,Advanced,,16,False,True,,,apm.pdef.json (@Param metadata)
COMPASS_DEC,Compass declination,An angle to compensate between the true north and magnetic north,rad,-3.142,3.142,,,Standard,,0,True,True,,,apm.pdef.json (@Param metadata)
COMPASS_DEV_ID,Compass device id,"Compass device id. Automatically detected, do not set manually",,,,,,Advanced,,96515,False,True,,,apm.pdef.json (@Param metadata)
COMPASS_DEV_ID2,Compass2 device id,"Second compass's device id. Automatically detected, do not set manually",,,,,,Advanced,,162051,False,True,,,apm.pdef.json (@Param metadata)
COMPASS_DEV_ID3,Compass3 device id,"Third compass's device id. Automatically detected, do not set manually",,,,,,Advanced,,1313809,False,True,,,apm.pdef.json (@Param metadata)
COMPASS_DEV_ID4,Compass4 device id,"Extra 4th compass's device id. Automatically detected, do not set manually",,,,,,Advanced,,0,False,True,,,apm.pdef.json (@Param metadata)
COMPASS_DEV_ID5,Compass5 device id,"Extra 5th compass's device id. Automatically detected, do not set manually",,,,,,Advanced,,0,False,True,,,apm.pdef.json (@Param metadata)
COMPASS_DEV_ID6,Compass6 device id,"Extra 6th compass's device id. Automatically detected, do not set manually",,,,,,Advanced,,0,False,True,,,apm.pdef.json (@Param metadata)
COMPASS_DEV_ID7,Compass7 device id,"Extra 7th compass's device id. Automatically detected, do not set manually",,,,,,Advanced,,0,False,True,,,apm.pdef.json (@Param metadata)
COMPASS_DEV_ID8,Compass8 device id,"Extra 8th compass's device id. Automatically detected, do not set manually",,,,,,Advanced,,0,False,True,,,apm.pdef.json (@Param metadata)
COMPASS_DIA2_X,Compass2 soft-iron diagonal X component,"DIA_X in the compass2 soft-iron calibration matrix: [[DIA_X, ODI_X, ODI_Y], [ODI_X, DIA_Y, ODI_Z], [ODI_Y, ODI_Z, DIA_Z]]",,,,,,Advanced,,,False,True,,,apm.pdef.json (@Param metadata)
COMPASS_DIA2_Y,Compass2 soft-iron diagonal Y component,"DIA_Y in the compass2 soft-iron calibration matrix: [[DIA_X, ODI_X, ODI_Y], [ODI_X, DIA_Y, ODI_Z], [ODI_Y, ODI_Z, DIA_Z]]",,,,,,Advanced,,,False,True,,,apm.pdef.json (@Param metadata)
COMPASS_DIA2_Z,Compass2 soft-iron diagonal Z component,"DIA_Z in the compass2 soft-iron calibration matrix: [[DIA_X, ODI_X, ODI_Y], [ODI_X, DIA_Y, ODI_Z], [ODI_Y, ODI_Z, DIA_Z]]",,,,,,Advanced,,,False,True,,,apm.pdef.json (@Param metadata)
COMPASS_DIA3_X,Compass3 soft-iron diagonal X component,"DIA_X in the compass3 soft-iron calibration matrix: [[DIA_X, ODI_X, ODI_Y], [ODI_X, DIA_Y, ODI_Z], [ODI_Y, ODI_Z, DIA_Z]]",,,,,,Advanced,,,False,True,,,apm.pdef.json (@Param metadata)
COMPASS_DIA3_Y,Compass3 soft-iron diagonal Y component,"DIA_Y in the compass3 soft-iron calibration matrix: [[DIA_X, ODI_X, ODI_Y], [ODI_X, DIA_Y, ODI_Z], [ODI_Y, ODI_Z, DIA_Z]]",,,,,,Advanced,,,False,True,,,apm.pdef.json (@Param metadata)
COMPASS_DIA3_Z,Compass3 soft-iron diagonal Z component,"DIA_Z in the compass3 soft-iron calibration matrix: [[DIA_X, ODI_X, ODI_Y], [ODI_X, DIA_Y, ODI_Z], [ODI_Y, ODI_Z, DIA_Z]]",,,,,,Advanced,,,False,True,,,apm.pdef.json (@Param metadata)
COMPASS_DIA_X,Compass soft-iron diagonal X component,"DIA_X in the compass soft-iron calibration matrix: [[DIA_X, ODI_X, ODI_Y], [ODI_X, DIA_Y, ODI_Z], [ODI_Y, ODI_Z, DIA_Z]]",,,,,,Advanced,,,False,True,,,apm.pdef.json (@Param metadata)
COMPASS_DIA_Y,Compass soft-iron diagonal Y component,"DIA_Y in the compass soft-iron calibration matrix: [[DIA_X, ODI_X, ODI_Y], [ODI_X, DIA_Y, ODI_Z], [ODI_Y, ODI_Z, DIA_Z]]",,,,,,Advanced,,,False,True,,,apm.pdef.json (@Param metadata)
COMPASS_DIA_Z,Compass soft-iron diagonal Z component,"DIA_Z in the compass soft-iron calibration matrix: [[DIA_X, ODI_X, ODI_Y], [ODI_X, DIA_Y, ODI_Z], [ODI_Y, ODI_Z, DIA_Z]]",,,,,,Advanced,,,False,True,,,apm.pdef.json (@Param metadata)
COMPASS_DISBLMSK,Compass disable driver type mask,This is a bitmask of driver types to disable. If a driver type is set in this mask then that driver will not try to find a sensor at startup,,,,,"0:HMC5883, 1:LSM303D, 2:AK8963, 3:BMM150, 4:LSM9DS1, 5:LIS3MDL, 6:AK09916, 7:IST8310, 8:ICM20948, 9:MMC3416, 11:DroneCAN, 12:QMC5883, 14:MAG3110, 15:IST8308, 16:RM3100, 17:MSP, 18:ExternalAHRS, 19:MMC5XX3, 20:QMC5883P, 21:BMM350, 22:IIS2MDC",Advanced,,0,True,True,,,apm.pdef.json (@Param metadata)
COMPASS_ENABLE,Enable Compass,"Setting this to Enabled(1) will enable the compass. Setting this to Disabled(0) will disable the compass. Note that this is separate from COMPASS_USE. This will enable the low level senor, and will enable logging of magnetometer data. To use the compass for navigation you must also set COMPASS_USE to 1.",,,,"0:Disabled, 1:Enabled",,Standard,True,1,False,True,,,apm.pdef.json (@Param metadata)
COMPASS_EXTERN2,Compass2 is attached via an external cable,Configure second compass so it is attached externally. This is auto-detected on most boards. If set to 0 or 1 then auto-detection by bus connection can override the value. If set to 2 then auto-detection will be disabled.,,,,"0:Internal, 1:External, 2:ForcedExternal",,Advanced,,1,False,True,,,apm.pdef.json (@Param metadata)
COMPASS_EXTERN3,Compass3 is attached via an external cable,Configure third compass so it is attached externally. This is auto-detected on most boards. If set to 0 or 1 then auto-detection by bus connection can override the value. If set to 2 then auto-detection will be disabled.,,,,"0:Internal, 1:External, 2:ForcedExternal",,Advanced,,0,False,True,,,apm.pdef.json (@Param metadata)
COMPASS_EXTERNAL,Compass is attached via an external cable,Configure compass so it is attached externally. This is auto-detected on most boards. Set to 1 if the compass is externally connected. When externally connected the COMPASS_ORIENT option operates independently of the AHRS_ORIENTATION board orientation option. If set to 0 or 1 then auto-detection by bus connection can override the value. If set to 2 then auto-detection will be disabled.,,,,"0:Internal, 1:External, 2:ForcedExternal",,Advanced,,1,False,True,,,apm.pdef.json (@Param metadata)
COMPASS_FLTR_RNG,Range in which sample is accepted,This sets the range around the average value that new samples must be within to be accepted. This can help reduce the impact of noise on sensors that are on long I2C cables. The value is a percentage from the average value. A value of zero disables this filter.,%,0,100,,,,,0,True,True,,,apm.pdef.json (@Param metadata)
COMPASS_LEARN,Learn compass offsets automatically,Enable or disable the automatic learning of compass offsets. You can enable learning either using a compass-only method that is suitable only for fixed wing aircraft or using the offsets learnt by the active EKF state estimator. If this option is enabled then the learnt offsets are saved when you disarm the vehicle. If InFlight learning is enabled then the compass with automatically start learning once a flight starts (must be armed). While InFlight learning is running you cannot use position control modes.,,,,"0:Disabled, 1:Internal-Learning, 2:EKF-Learning, 3:InFlight-Learning",,Advanced,,0,False,True,,,apm.pdef.json (@Param metadata)
COMPASS_MOT2_X,Motor interference compensation to compass2 for body frame X axis,Multiplied by the current throttle and added to compass2's x-axis values to compensate for motor interference (Offset per Amp or at Full Throttle),mGauss/A,-1000,1000,,,Advanced,,,False,True,,,apm.pdef.json (@Param metadata)
COMPASS_MOT2_Y,Motor interference compensation to compass2 for body frame Y axis,Multiplied by the current throttle and added to compass2's y-axis values to compensate for motor interference (Offset per Amp or at Full Throttle),mGauss/A,-1000,1000,,,Advanced,,,False,True,,,apm.pdef.json (@Param metadata)
COMPASS_MOT2_Z,Motor interference compensation to compass2 for body frame Z axis,Multiplied by the current throttle and added to compass2's z-axis values to compensate for motor interference (Offset per Amp or at Full Throttle),mGauss/A,-1000,1000,,,Advanced,,,False,True,,,apm.pdef.json (@Param metadata)
COMPASS_MOT3_X,Motor interference compensation to compass3 for body frame X axis,Multiplied by the current throttle and added to compass3's x-axis values to compensate for motor interference (Offset per Amp or at Full Throttle),mGauss/A,-1000,1000,,,Advanced,,,False,True,,,apm.pdef.json (@Param metadata)
COMPASS_MOT3_Y,Motor interference compensation to compass3 for body frame Y axis,Multiplied by the current throttle and added to compass3's y-axis values to compensate for motor interference (Offset per Amp or at Full Throttle),mGauss/A,-1000,1000,,,Advanced,,,False,True,,,apm.pdef.json (@Param metadata)
COMPASS_MOT3_Z,Motor interference compensation to compass3 for body frame Z axis,Multiplied by the current throttle and added to compass3's z-axis values to compensate for motor interference (Offset per Amp or at Full Throttle),mGauss/A,-1000,1000,,,Advanced,,,False,True,,,apm.pdef.json (@Param metadata)
COMPASS_MOTCT,Motor interference compensation type,"Set motor interference compensation type to disabled, throttle or current. Do not change manually.",,,,"0:Disabled, 1:Use Throttle, 2:Use Current",,Advanced,,2,False,True,,,apm.pdef.json (@Param metadata)
COMPASS_MOT_X,Motor interference compensation for body frame X axis,Multiplied by the current throttle and added to the compass's x-axis values to compensate for motor interference (Offset per Amp or at Full Throttle),mGauss/A,-1000,1000,,,Advanced,,,False,True,,,apm.pdef.json (@Param metadata)
COMPASS_MOT_Y,Motor interference compensation for body frame Y axis,Multiplied by the current throttle and added to the compass's y-axis values to compensate for motor interference (Offset per Amp or at Full Throttle),mGauss/A,-1000,1000,,,Advanced,,,False,True,,,apm.pdef.json (@Param metadata)
COMPASS_MOT_Z,Motor interference compensation for body frame Z axis,Multiplied by the current throttle and added to the compass's z-axis values to compensate for motor interference (Offset per Amp or at Full Throttle),mGauss/A,-1000,1000,,,Advanced,,,False,True,,,apm.pdef.json (@Param metadata)
COMPASS_ODI2_X,Compass2 soft-iron off-diagonal X component,"ODI_X in the compass2 soft-iron calibration matrix: [[DIA_X, ODI_X, ODI_Y], [ODI_X, DIA_Y, ODI_Z], [ODI_Y, ODI_Z, DIA_Z]]",,,,,,Advanced,,,False,True,,,apm.pdef.json (@Param metadata)
COMPASS_ODI2_Y,Compass2 soft-iron off-diagonal Y component,"ODI_Y in the compass2 soft-iron calibration matrix: [[DIA_X, ODI_X, ODI_Y], [ODI_X, DIA_Y, ODI_Z], [ODI_Y, ODI_Z, DIA_Z]]",,,,,,Advanced,,,False,True,,,apm.pdef.json (@Param metadata)
COMPASS_ODI2_Z,Compass2 soft-iron off-diagonal Z component,"ODI_Z in the compass2 soft-iron calibration matrix: [[DIA_X, ODI_X, ODI_Y], [ODI_X, DIA_Y, ODI_Z], [ODI_Y, ODI_Z, DIA_Z]]",,,,,,Advanced,,,False,True,,,apm.pdef.json (@Param metadata)
COMPASS_ODI3_X,Compass3 soft-iron off-diagonal X component,"ODI_X in the compass3 soft-iron calibration matrix: [[DIA_X, ODI_X, ODI_Y], [ODI_X, DIA_Y, ODI_Z], [ODI_Y, ODI_Z, DIA_Z]]",,,,,,Advanced,,,False,True,,,apm.pdef.json (@Param metadata)
COMPASS_ODI3_Y,Compass3 soft-iron off-diagonal Y component,"ODI_Y in the compass3 soft-iron calibration matrix: [[DIA_X, ODI_X, ODI_Y], [ODI_X, DIA_Y, ODI_Z], [ODI_Y, ODI_Z, DIA_Z]]",,,,,,Advanced,,,False,True,,,apm.pdef.json (@Param metadata)
COMPASS_ODI3_Z,Compass3 soft-iron off-diagonal Z component,"ODI_Z in the compass3 soft-iron calibration matrix: [[DIA_X, ODI_X, ODI_Y], [ODI_X, DIA_Y, ODI_Z], [ODI_Y, ODI_Z, DIA_Z]]",,,,,,Advanced,,,False,True,,,apm.pdef.json (@Param metadata)
COMPASS_ODI_X,Compass soft-iron off-diagonal X component,"ODI_X in the compass soft-iron calibration matrix: [[DIA_X, ODI_X, ODI_Y], [ODI_X, DIA_Y, ODI_Z], [ODI_Y, ODI_Z, DIA_Z]]",,,,,,Advanced,,,False,True,,,apm.pdef.json (@Param metadata)
COMPASS_ODI_Y,Compass soft-iron off-diagonal Y component,"ODI_Y in the compass soft-iron calibration matrix: [[DIA_X, ODI_X, ODI_Y], [ODI_X, DIA_Y, ODI_Z], [ODI_Y, ODI_Z, DIA_Z]]",,,,,,Advanced,,,False,True,,,apm.pdef.json (@Param metadata)
COMPASS_ODI_Z,Compass soft-iron off-diagonal Z component,"ODI_Z in the compass soft-iron calibration matrix: [[DIA_X, ODI_X, ODI_Y], [ODI_X, DIA_Y, ODI_Z], [ODI_Y, ODI_Z, DIA_Z]]",,,,,,Advanced,,,False,True,,,apm.pdef.json (@Param metadata)
COMPASS_OFFS_MAX,Compass maximum offset,This sets the maximum allowed compass offset in calibration and arming checks,,500,3000,,,Advanced,,1800,False,True,,,apm.pdef.json (@Param metadata)
COMPASS_OFS2_X,Compass2 offsets in milligauss on the X axis,Offset to be added to compass2's x-axis values to compensate for metal in the frame,mGauss,-400,400,,,Advanced,,,False,True,,,apm.pdef.json (@Param metadata)
COMPASS_OFS2_Y,Compass2 offsets in milligauss on the Y axis,Offset to be added to compass2's y-axis values to compensate for metal in the frame,mGauss,-400,400,,,Advanced,,,False,True,,,apm.pdef.json (@Param metadata)
COMPASS_OFS2_Z,Compass2 offsets in milligauss on the Z axis,Offset to be added to compass2's z-axis values to compensate for metal in the frame,mGauss,-400,400,,,Advanced,,,False,True,,,apm.pdef.json (@Param metadata)
COMPASS_OFS3_X,Compass3 offsets in milligauss on the X axis,Offset to be added to compass3's x-axis values to compensate for metal in the frame,mGauss,-400,400,,,Advanced,,,False,True,,,apm.pdef.json (@Param metadata)
COMPASS_OFS3_Y,Compass3 offsets in milligauss on the Y axis,Offset to be added to compass3's y-axis values to compensate for metal in the frame,mGauss,-400,400,,,Advanced,,,False,True,,,apm.pdef.json (@Param metadata)
COMPASS_OFS3_Z,Compass3 offsets in milligauss on the Z axis,Offset to be added to compass3's z-axis values to compensate for metal in the frame,mGauss,-400,400,,,Advanced,,,False,True,,,apm.pdef.json (@Param metadata)
COMPASS_OFS_X,Compass offsets in milligauss on the X axis,Offset to be added to the compass x-axis values to compensate for metal in the frame,mGauss,-400,400,,,Advanced,,,False,True,,,apm.pdef.json (@Param metadata)
COMPASS_OFS_Y,Compass offsets in milligauss on the Y axis,Offset to be added to the compass y-axis values to compensate for metal in the frame,mGauss,-400,400,,,Advanced,,,False,True,,,apm.pdef.json (@Param metadata)
COMPASS_OFS_Z,Compass offsets in milligauss on the Z axis,Offset to be added to the compass z-axis values to compensate for metal in the frame,mGauss,-400,400,,,Advanced,,,False,True,,,apm.pdef.json (@Param metadata)
COMPASS_OPTIONS,Compass options,This sets options to change the behaviour of the compass,,,,,"0:CalRequireGPS, 1:Allow missing DroneCAN compasses to be automaticaly replaced (calibration still required)",Advanced,,0,False,True,,,apm.pdef.json (@Param metadata)
COMPASS_ORIENT,Compass orientation,"The orientation of the first external compass relative to the vehicle frame. This value will be ignored unless this compass is set as an external compass. When set correctly in the northern hemisphere, pointing the nose and right side down should increase the MagX and MagY values respectively. Rolling the vehicle upside down should decrease the MagZ value. For southern hemisphere, switch increase and decrease. NOTE: For internal compasses, AHRS_ORIENT is used. The label for each option is specified in the order of rotations for that orientation. Firmware versions 4.2 and prior can use a CUSTOM (100) rotation to set the COMPASS_CUS_ROLL/PIT/YAW angles for Compass orientation. Later versions provide two general custom rotations which can be used, Custom 1 and Custom 2, with CUST_1_ROLL/PIT/YAW or CUST_2_ROLL/PIT/YAW angles.",,,,"0:None, 1:Yaw45, 2:Yaw90, 3:Yaw135, 4:Yaw180, 5:Yaw225, 6:Yaw270, 7:Yaw315, 8:Roll180, 9:Yaw45Roll180, 10:Yaw90Roll180, 11:Yaw135Roll180, 12:Pitch180, 13:Yaw225Roll180, 14:Yaw270Roll180, 15:Yaw315Roll180, 16:Roll90, 17:Yaw45Roll90, 18:Yaw90Roll90, 19:Yaw135Roll90, 20:Roll270, 21:Yaw45Roll270, 22:Yaw90Roll270, 23:Yaw135Roll270, 24:Pitch90, 25:Pitch270, 26:Yaw90Pitch180, 27:Yaw270Pitch180, 28:Pitch90Roll90, 29:Pitch90Roll180, 30:Pitch90Roll270, 31:Pitch180Roll90, 32:Pitch180Roll270, 33:Pitch270Roll90, 34:Pitch270Roll180, 35:Pitch270Roll270, 36:Yaw90Pitch180Roll90, 37:Yaw270Roll90, 38:Yaw293Pitch68Roll180, 39:Pitch315, 40:Pitch315Roll90, 42:Roll45, 43:Roll315, 100:Custom 4.1 and older, 101:Custom 1, 102:Custom 2",,Advanced,,0,False,True,,,apm.pdef.json (@Param metadata)
COMPASS_ORIENT2,Compass2 orientation,"The orientation of a second external compass relative to the vehicle frame. This value will be ignored unless this compass is set as an external compass. When set correctly in the northern hemisphere, pointing the nose and right side down should increase the MagX and MagY values respectively. Rolling the vehicle upside down should decrease the MagZ value. For southern hemisphere, switch increase and decrease. NOTE: For internal compasses, AHRS_ORIENT is used. The label for each option is specified in the order of rotations for that orientation. Firmware versions 4.2 and prior can use a CUSTOM (100) rotation to set the COMPASS_CUS_ROLL/PIT/YAW angles for Compass orientation. Later versions provide two general custom rotations which can be used, Custom 1 and Custom 2, with CUST_1_ROLL/PIT/YAW or CUST_2_ROLL/PIT/YAW angles.",,,,"0:None, 1:Yaw45, 2:Yaw90, 3:Yaw135, 4:Yaw180, 5:Yaw225, 6:Yaw270, 7:Yaw315, 8:Roll180, 9:Yaw45Roll180, 10:Yaw90Roll180, 11:Yaw135Roll180, 12:Pitch180, 13:Yaw225Roll180, 14:Yaw270Roll180, 15:Yaw315Roll180, 16:Roll90, 17:Yaw45Roll90, 18:Yaw90Roll90, 19:Yaw135Roll90, 20:Roll270, 21:Yaw45Roll270, 22:Yaw90Roll270, 23:Yaw135Roll270, 24:Pitch90, 25:Pitch270, 26:Yaw90Pitch180, 27:Yaw270Pitch180, 28:Pitch90Roll90, 29:Pitch90Roll180, 30:Pitch90Roll270, 31:Pitch180Roll90, 32:Pitch180Roll270, 33:Pitch270Roll90, 34:Pitch270Roll180, 35:Pitch270Roll270, 36:Yaw90Pitch180Roll90, 37:Yaw270Roll90, 38:Yaw293Pitch68Roll180, 39:Pitch315, 40:Pitch315Roll90, 42:Roll45, 43:Roll315, 100:Custom 4.1 and older, 101:Custom 1, 102:Custom 2",,Advanced,,0,False,True,,,apm.pdef.json (@Param metadata)
COMPASS_ORIENT3,Compass3 orientation,"The orientation of a third external compass relative to the vehicle frame. This value will be ignored unless this compass is set as an external compass. When set correctly in the northern hemisphere, pointing the nose and right side down should increase the MagX and MagY values respectively. Rolling the vehicle upside down should decrease the MagZ value. For southern hemisphere, switch increase and decrease. NOTE: For internal compasses, AHRS_ORIENT is used. The label for each option is specified in the order of rotations for that orientation. Firmware versions 4.2 and prior can use a CUSTOM (100) rotation to set the COMPASS_CUS_ROLL/PIT/YAW angles for Compass orientation. Later versions provide two general custom rotations which can be used, Custom 1 and Custom 2, with CUST_1_ROLL/PIT/YAW or CUST_2_ROLL/PIT/YAW angles.",,,,"0:None, 1:Yaw45, 2:Yaw90, 3:Yaw135, 4:Yaw180, 5:Yaw225, 6:Yaw270, 7:Yaw315, 8:Roll180, 9:Yaw45Roll180, 10:Yaw90Roll180, 11:Yaw135Roll180, 12:Pitch180, 13:Yaw225Roll180, 14:Yaw270Roll180, 15:Yaw315Roll180, 16:Roll90, 17:Yaw45Roll90, 18:Yaw90Roll90, 19:Yaw135Roll90, 20:Roll270, 21:Yaw45Roll270, 22:Yaw90Roll270, 23:Yaw135Roll270, 24:Pitch90, 25:Pitch270, 26:Yaw90Pitch180, 27:Yaw270Pitch180, 28:Pitch90Roll90, 29:Pitch90Roll180, 30:Pitch90Roll270, 31:Pitch180Roll90, 32:Pitch180Roll270, 33:Pitch270Roll90, 34:Pitch270Roll180, 35:Pitch270Roll270, 36:Yaw90Pitch180Roll90, 37:Yaw270Roll90, 38:Yaw293Pitch68Roll180, 39:Pitch315, 40:Pitch315Roll90, 42:Roll45, 43:Roll315, 100:Custom 4.1 and older, 101:Custom 1, 102:Custom 2",,Advanced,,0,False,True,,,apm.pdef.json (@Param metadata)
COMPASS_PMOT_EN,per-motor compass correction enable,This enables per-motor compass corrections,,,,"0:Disabled, 1:Enabled",,Advanced,,0,True,True,,,apm.pdef.json (@Param metadata)
COMPASS_PRIO1_ID,Compass device id with 1st order priority,"Compass device id with 1st order priority, set automatically if 0. Reboot required after change.",,,,,,Advanced,True,96515,False,True,,,apm.pdef.json (@Param metadata)
COMPASS_PRIO2_ID,Compass device id with 2nd order priority,"Compass device id with 2nd order priority, set automatically if 0. Reboot required after change.",,,,,,Advanced,True,162051,False,True,,,apm.pdef.json (@Param metadata)
COMPASS_PRIO3_ID,Compass device id with 3rd order priority,"Compass device id with 3rd order priority, set automatically if 0. Reboot required after change.",,,,,,Advanced,True,1313809,False,True,,,apm.pdef.json (@Param metadata)
COMPASS_SCALE,Compass1 scale factor,Scaling factor for first compass to compensate for sensor scaling errors. If this is 0 then no scaling is done,,0,1.3,,,Standard,,,False,True,,,apm.pdef.json (@Param metadata)
COMPASS_SCALE2,Compass2 scale factor,Scaling factor for 2nd compass to compensate for sensor scaling errors. If this is 0 then no scaling is done,,0,1.3,,,Standard,,,False,True,,,apm.pdef.json (@Param metadata)
COMPASS_SCALE3,Compass3 scale factor,Scaling factor for 3rd compass to compensate for sensor scaling errors. If this is 0 then no scaling is done,,0,1.3,,,Standard,,,False,True,,,apm.pdef.json (@Param metadata)
COMPASS_USE,Use compass for yaw,Enable or disable the use of the compass (instead of the GPS) for determining heading,,,,"0:Disabled, 1:Enabled",,Advanced,,1,False,True,,,apm.pdef.json (@Param metadata)
COMPASS_USE2,Compass2 used for yaw,Enable or disable the secondary compass for determining heading.,,,,"0:Disabled, 1:Enabled",,Advanced,,1,False,True,,,apm.pdef.json (@Param metadata)
COMPASS_USE3,Compass3 used for yaw,Enable or disable the tertiary compass for determining heading.,,,,"0:Disabled, 1:Enabled",,Advanced,,0,False,True,,,apm.pdef.json (@Param metadata)
CUST_ROT_ENABLE,Enable Custom rotations,This enables custom rotations,,,,"0:Disable, 1:Enable",,Standard,True,0,True,True,,,apm.pdef.json (@Param metadata)
DEV_OPTIONS,Development options,Bitmask of developer options. The meanings of the bit fields in this parameter may vary at any time. Developers should check the source code for current meaning,,,,,"0:ADSBMavlinkProcessing, 1:DevOptionVFR_HUDRelativeAlt",Advanced,,0,True,True,,,apm.pdef.json (@Param metadata)
DID_BARO_ACC,Barometer vertical accuraacy,Barometer Vertical Accuracy when installed in the vehicle. Note this is dependent upon installation conditions and thus disabled by default,m,,,,,Advanced,,-1,True,True,,,apm.pdef.json (@Param metadata)
DID_CANDRIVER,DroneCAN driver number,"DroneCAN driver index, 0 to disable DroneCAN",,,,"0:Disabled, 1:Driver1, 2:Driver2",,,,1,True,True,,,apm.pdef.json (@Param metadata)
DID_ENABLE,Enable ODID subsystem,Enable ODID subsystem,,,,"0:Disabled, 1:Enabled",,,,1,True,True,,,apm.pdef.json (@Param metadata)
DID_MAVPORT,MAVLink serial port,Serial port number to send OpenDroneID MAVLink messages to. Can be -1 if using DroneCAN.,,,,"-1:Disabled, 0:Serial0, 1:Serial1, 2:Serial2, 3:Serial3, 4:Serial4, 5:Serial5, 6:Serial6",,,,-1,True,True,,,apm.pdef.json (@Param metadata)
DID_OPTIONS,OpenDroneID options,Options for OpenDroneID subsystem,,,,,"0:EnforceArming, 1:AllowNonGPSPosition, 2:LockUASIDOnFirstBasicIDRx",,,1,True,True,,,apm.pdef.json (@Param metadata)
DISARM_DELAY,Disarm delay,"Delay before automatic disarm in seconds after landing touchdown detection. A value of zero disables auto disarm. If Emergency Motor stop active, delay time is half this value.",s,0,127,,,Advanced,,10,False,True,,,apm.pdef.json (@Param metadata)
EAHRS_TYPE,AHRS type,Type of AHRS device,,,,"0:None, 1:VectorNav, 2:MicroStrain5, 5:InertialLabs, 7:MicroStrain7",,Standard,,0,True,True,,,apm.pdef.json (@Param metadata)
EK3_ABIAS_P_NSE,Accelerometer bias stability (m/s^3),This noise controls the growth of the vertical accelerometer delta velocity bias state error estimate. Increasing it makes accelerometer bias estimation faster and noisier.,m/s/s/s,0.00001,0.02,,,Advanced,,0.02,True,True,,,apm.pdef.json (@Param metadata)
EK3_ACC_BIAS_LIM,Accelerometer bias limit,The accelerometer bias state will be limited to +- this value,m/s/s,0.5,2.5,,,Advanced,,1,True,True,,,apm.pdef.json (@Param metadata)
EK3_ACC_P_NSE,Accelerometer noise (m/s^2),This control disturbance noise controls the growth of estimated error due to accelerometer measurement errors excluding bias. Increasing it makes the flter trust the accelerometer measurements less and other measurements more.,m/s/s,0.01,1.0,,,Advanced,,0.35,True,True,,,apm.pdef.json (@Param metadata)
EK3_AFFINITY,EKF3 Sensor Affinity Options,These options control the affinity between sensor instances and EKF cores,,,,,"0:EnableGPSAffinity, 1:EnableBaroAffinity, 2:EnableCompassAffinity, 3:EnableAirspeedAffinity",Advanced,True,0,True,True,,,apm.pdef.json (@Param metadata)
EK3_ALT_M_NSE,Altitude measurement noise (m),"This is the RMS value of noise in the altitude measurement. Increasing it reduces the weighting of the baro measurement and will make the filter respond more slowly to baro measurement errors, but will make it more sensitive to GPS and accelerometer errors. A larger value for EK3_ALT_M_NSE may be required when operating with EK3_SRCx_POSZ = 0. This parameter also sets the noise for the 'synthetic' zero height measurement that is used when EK3_SRCx_POSZ = 0.",m,0.1,100.0,,,Advanced,,2,True,True,,,apm.pdef.json (@Param metadata)
EK3_BCN_DELAY,Range beacon measurement delay (msec),This is the number of msec that the range beacon measurements lag behind the inertial measurements.,ms,0,250,,,Advanced,True,50,True,True,,,apm.pdef.json (@Param metadata)
EK3_BCN_I_GTE,Range beacon measurement gate size,This sets the percentage number of standard deviations applied to the range beacon measurement innovation consistency check. Decreasing it makes it more likely that good measurements will be rejected. Increasing it makes it more likely that bad measurements will be accepted.,,100,1000,,,Advanced,,500,True,True,,,apm.pdef.json (@Param metadata)
EK3_BCN_M_NSE,Range beacon measurement noise (m),This is the RMS value of noise in the range beacon measurement. Increasing it reduces the weighting on this measurement.,m,0.1,10.0,,,Advanced,,1,True,True,,,apm.pdef.json (@Param metadata)
EK3_BETA_MASK,Bitmask controlling sidelip angle fusion,"1 byte bitmap controlling use of sideslip angle fusion for estimation of non wind states during operation of 'fly forward' vehicle types such as fixed wing planes. By assuming that the angle of sideslip is small, the wind velocity state estimates are corrected whenever the EKF is not dead reckoning (e.g. has an independent velocity or position sensor such as GPS). This behaviour is on by default and cannot be disabled. When the EKF is dead reckoning, the wind states are used as a reference, enabling use of the small angle of sideslip assumption to correct non wind velocity states (eg attitude, velocity, position, etc) and improve navigation accuracy. This behaviour is on by default and cannot be disabled. The behaviour controlled by this parameter is the use of the small angle of sideslip assumption to correct non wind velocity states when the EKF is NOT dead reckoning. This is primarily of benefit to reduce the buildup of yaw angle errors during straight and level flight without a yaw sensor (e.g. magnetometer or dual antenna GPS yaw) provided aerobatic flight maneuvers with large sideslip angles are not performed. The 'always' option might be used where the yaw sensor is intentionally not fitted or disabled. The 'WhenNoYawSensor' option might be used if a yaw sensor is fitted, but protection against in-flight failure and continual rejection by the EKF is desired. For vehicles operated within visual range of the operator performing frequent turning maneuvers, setting this parameter is unnecessary.",,,,,"0:Always, 1:WhenNoYawSensor",Advanced,True,0,True,True,,,apm.pdef.json (@Param metadata)
EK3_CHECK_SCALE,GPS accuracy check scaler (%),This scales the thresholds that are used to check GPS accuracy before it is used by the EKF. A value of 100 is the default. Values greater than 100 increase and values less than 100 reduce the maximum GPS error the EKF will accept. A value of 200 will double the allowable GPS error.,%,50,200,,,Advanced,,100,True,True,,,apm.pdef.json (@Param metadata)
EK3_DRAG_BCOEF_X,Ballistic coefficient for X axis drag,Ratio of mass to drag coefficient measured along the X body axis. This parameter enables estimation of wind drift for vehicles with bluff bodies and without propulsion forces in the X and Y direction (eg multicopters). The drag produced by this effect scales with speed squared. Set to a postive value > 1.0 to enable. A starting value is the mass in Kg divided by the frontal area. The predicted drag from the rotors is specified separately by the EK3_DRAG_MCOEF parameter.,kg/m/m,0.0,1000.0,,,Advanced,,0,True,True,,,apm.pdef.json (@Param metadata)
EK3_DRAG_BCOEF_Y,Ballistic coefficient for Y axis drag,Ratio of mass to drag coefficient measured along the Y body axis. This parameter enables estimation of wind drift for vehicles with bluff bodies and without propulsion forces in the X and Y direction (eg multicopters). The drag produced by this effect scales with speed squared. Set to a postive value > 1.0 to enable. A starting value is the mass in Kg divided by the side area. The predicted drag from the rotors is specified separately by the EK3_DRAG_MCOEF parameter.,kg/m/m,50.0,1000.0,,,Advanced,,0,True,True,,,apm.pdef.json (@Param metadata)
EK3_DRAG_MCOEF,Momentum coefficient for propeller drag,"This parameter is used to predict the drag produced by the rotors when flying a multi-copter, enabling estimation of wind drift. The drag produced by this effect scales with speed not speed squared and is produced because some of the air velocity normal to the rotors axis of rotation is lost when passing through the rotor disc which changes the momentum of the airflow causing drag. For unducted rotors the effect is roughly proportional to the area of the propeller blades when viewed side on and changes with different propellers. It is higher for ducted rotors. For example if flying at 15 m/s at sea level conditions produces a rotor induced drag acceleration of 1.5 m/s/s, then EK3_DRAG_MCOEF would be set to 0.1 = (1.5/15.0). Set EK3_MCOEF to a postive value to enable wind estimation using this drag effect. To account for the drag produced by the body which scales with speed squared, see documentation for the EK3_DRAG_BCOEF_X and EK3_DRAG_BCOEF_Y parameters.",1/s,0.0,1.0,,,Advanced,,0,True,True,,,apm.pdef.json (@Param metadata)
EK3_DRAG_M_NSE,Observation noise for drag acceleration,This sets the amount of noise used when fusing X and Y acceleration as an observation that enables esitmation of wind velocity for multi-rotor vehicles. This feature is enabled by the EK3_DRAG_BCOEF_X and EK3_DRAG_BCOEF_Y parameters,m/s/s,0.1,2.0,,,Advanced,,0.5,True,True,,,apm.pdef.json (@Param metadata)
EK3_EAS_I_GATE,Airspeed measurement gate size,This sets the percentage number of standard deviations applied to the airspeed measurement innovation consistency check. Decreasing it makes it more likely that good measurements will be rejected. Increasing it makes it more likely that bad measurements will be accepted.,,100,1000,,,Advanced,,400,True,True,,,apm.pdef.json (@Param metadata)
EK3_EAS_M_NSE,Equivalent airspeed measurement noise (m/s),This is the RMS value of noise in equivalent airspeed measurements used by planes. Increasing it reduces the weighting of airspeed measurements and will make wind speed estimates less noisy and slower to converge. Increasing also increases navigation errors when dead-reckoning without GPS measurements.,m/s,0.5,5.0,,,Advanced,,1.4,True,True,,,apm.pdef.json (@Param metadata)
EK3_ENABLE,Enable EKF3,"This enables EKF3. Enabling EKF3 only makes the maths run, it does not mean it will be used for flight control. To use it for flight control set AHRS_EKF_TYPE=3. A reboot or restart will need to be performed after changing the value of EK3_ENABLE for it to take effect.",,,,"0:Disabled, 1:Enabled",,Advanced,True,1,True,True,,,apm.pdef.json (@Param metadata)
EK3_ERR_THRESH,EKF3 Lane Relative Error Sensitivity Threshold,"lanes have to be consistently better than the primary by at least this threshold to reduce their overall relativeCoreError, lowering this makes lane switching more sensitive to smaller error differences",,0.05,1,,,Advanced,,0.2,True,True,,,apm.pdef.json (@Param metadata)
EK3_FLOW_DELAY,Optical Flow measurement delay (msec),This is the number of msec that the optical flow measurements lag behind the inertial measurements. It is the time from the end of the optical flow averaging period and does not include the time delay due to the 100msec of averaging within the flow sensor.,ms,0,250,,,Advanced,True,10,True,True,,,apm.pdef.json (@Param metadata)
EK3_FLOW_I_GATE,Optical Flow measurement gate size,This sets the percentage number of standard deviations applied to the optical flow innovation consistency check. Decreasing it makes it more likely that good measurements will be rejected. Increasing it makes it more likely that bad measurements will be accepted.,,100,1000,,,Advanced,,300,True,True,,,apm.pdef.json (@Param metadata)
EK3_FLOW_M_NSE,Optical flow measurement noise (rad/s),This is the RMS value of noise and errors in optical flow measurements. Increasing it reduces the weighting on these measurements.,rad/s,0.05,1.0,,,Advanced,,0.25,True,True,,,apm.pdef.json (@Param metadata)
EK3_FLOW_USE,Optical flow use bitmask,Controls if the optical flow data is fused into the 24-state navigation estimator OR the 1-state terrain height estimator.,,,,"0:None, 1:Navigation, 2:Terrain",,Advanced,True,1,True,True,,,apm.pdef.json (@Param metadata)
EK3_GBIAS_P_NSE,Rate gyro bias stability (rad/s/s),This state process noise controls growth of the gyro delta angle bias state error estimate. Increasing it makes rate gyro bias estimation faster and noisier.,rad/s/s,0.00001,0.001,,,Advanced,,0.001,True,True,,,apm.pdef.json (@Param metadata)
EK3_GLITCH_RAD,GPS glitch radius gate size (m),This controls the maximum radial uncertainty in position between the value predicted by the filter and the value measured by the GPS before the filter position and velocity states are reset to the GPS. Making this value larger allows the filter to ignore larger GPS glitches but also means that non-GPS errors such as IMU and compass can create a larger error in position before the filter is forced back to the GPS position. If EK3_GLITCH_RAD set to 0 the GPS innovations will be clipped instead of rejected if they exceed the gate size set by EK3_VEL_I_GATE and EK3_POS_I_GATE which can be useful if poor quality sensor data is causing GPS rejection and loss of navigation but does make the EKF more susceptible to GPS glitches. If setting EK3_GLITCH_RAD to 0 it is recommended to reduce EK3_VEL_I_GATE and EK3_POS_I_GATE to 300.,m,10,100,,,Advanced,,25,True,True,,,apm.pdef.json (@Param metadata)
EK3_GND_EFF_DZ,Baro height ground effect dead zone,This parameter sets the size of the dead zone that is applied to negative baro height spikes that can occur when taking off or landing when a vehicle with lift rotors is operating in ground effect ground effect. Set to about 0.5m less than the amount of negative offset in baro height that occurs just prior to takeoff when lift motors are spooling up. Set to 0 if no ground effect is present.,,0.0,10.0,,,Advanced,,4,True,True,,,apm.pdef.json (@Param metadata)
EK3_GPS_CHECK,GPS preflight check,"This is a 1 byte bitmap controlling which GPS preflight checks are performed. Set to 0 to bypass all checks. Set to 255 perform all checks. Set to 3 to check just the number of satellites and HDoP. Set to 31 for the most rigorous checks that will still allow checks to pass when the copter is moving, eg launch from a boat.",,,,,"0:NSats, 1:HDoP, 2:speed error, 3:position error, 4:yaw error, 5:pos drift, 6:vert speed, 7:horiz speed",Advanced,,31,True,True,,,apm.pdef.json (@Param metadata)
EK3_GPS_VACC_MAX,GPS vertical accuracy threshold,"Vertical accuracy threshold for GPS as the altitude source. The GPS will not be used as an altitude source if the reported vertical accuracy of the GPS is larger than this threshold, falling back to baro instead. Set to zero to deactivate the threshold check.",m,0.0,10.0,,,Advanced,,0,True,True,,,apm.pdef.json (@Param metadata)
EK3_GSF_RST_MAX,Maximum number of resets to the EKF-GSF yaw estimate allowed,Sets the maximum number of times the EKF3 will be allowed to reset its yaw to the estimate from the EKF-GSF yaw estimator. No resets will be allowed unless the use of the EKF-GSF yaw estimate is enabled via the EK3_GSF_USE_MASK parameter.,,1,10,,,Advanced,True,2,True,True,,,apm.pdef.json (@Param metadata)
EK3_GSF_RUN_MASK,Bitmask of which EKF-GSF yaw estimators run,"1 byte bitmap of which EKF3 instances run an independant EKF-GSF yaw estimator to provide a backup yaw estimate that doesn't rely on magnetometer data. This estimator uses IMU, GPS and, if available, airspeed data. EKF-GSF yaw estimator data for the primary EKF3 instance will be logged as GSF0 and GSF1 messages. Use of the yaw estimate generated by this algorithm is controlled by the EK3_GSF_USE_MASK and EK3_GSF_RST_MAX parameters. To run the EKF-GSF yaw estimator in ride-along and logging only, set EK3_GSF_USE to 0.",,,,,"0:FirstEKF, 1:SecondEKF, 2:ThirdEKF, 3:FourthEKF, 4:FifthEKF, 5:SixthEKF",Advanced,True,3,True,True,,,apm.pdef.json (@Param metadata)
EK3_GSF_USE_MASK,Bitmask of which EKF-GSF yaw estimators are used,"A bitmask of which EKF3 instances will use the output from the EKF-GSF yaw estimator that has been turned on by the EK3_GSF_RUN_MASK parameter. If the inertial navigation calculation stops following the GPS, then the vehicle code can request EKF3 to attempt to resolve the issue, either by performing a yaw reset if enabled by this parameter by switching to another EKF3 instance.",,,,,"0:FirstEKF, 1:SecondEKF, 2:ThirdEKF, 3:FourthEKF, 4:FifthEKF, 5:SixthEKF",Advanced,True,3,True,True,,,apm.pdef.json (@Param metadata)
EK3_GYRO_P_NSE,Rate gyro noise (rad/s),This control disturbance noise controls the growth of estimated error due to gyro measurement errors excluding bias. Increasing it makes the flter trust the gyro measurements less and other measurements more.,rad/s,0.0001,0.1,,,Advanced,,0.015,True,True,,,apm.pdef.json (@Param metadata)
EK3_HGT_DELAY,Height measurement delay (msec),This is the number of msec that the Height measurements lag behind the inertial measurements.,ms,0,250,,,Advanced,True,60,True,True,,,apm.pdef.json (@Param metadata)
EK3_HGT_I_GATE,Height measurement gate size,This sets the percentage number of standard deviations applied to the height measurement innovation consistency check. Decreasing it makes it more likely that good measurements will be rejected. Increasing it makes it more likely that bad measurements will be accepted. If EK3_GLITCH_RAD set to 0 the vertical position innovations will be clipped instead of rejected if they exceed the gate size and a smaller value of EK3_HGT_I_GATE not exceeding 300 is recommended to limit the effect of height sensor transient errors.,,100,1000,,,Advanced,,500,True,True,,,apm.pdef.json (@Param metadata)
EK3_HRT_FILT,Height rate filter crossover frequency,Specifies the crossover frequency of the complementary filter used to calculate the output predictor height rate derivative.,Hz,0.1,30.0,,,,,2,True,True,,,apm.pdef.json (@Param metadata)
EK3_IMU_MASK,Bitmask of active IMUs,"1 byte bitmap of IMUs to use in EKF3. A separate instance of EKF3 will be started for each IMU selected. Set to 1 to use the first IMU only (default), set to 2 to use the second IMU only, set to 3 to use the first and second IMU. Additional IMU's can be used up to a maximum of 6 if memory and processing resources permit. There may be insufficient memory and processing resources to run multiple instances. If this occurs EKF3 will fail to start.",,,,,"0:FirstIMU, 1:SecondIMU, 2:ThirdIMU, 3:FourthIMU, 4:FifthIMU, 5:SixthIMU",Advanced,True,7,True,True,,,apm.pdef.json (@Param metadata)
EK3_LOG_LEVEL,Logging Level,"Determines how verbose the EKF3 streaming logging is. A value of 0 provides full logging(default), a value of 1 only XKF4 scaled innovations are logged, a value of 2 both XKF4 and GSF are logged, and a value of 3 disables all streaming logging of EKF3.",,0,3,,,Advanced,,0,True,True,,,apm.pdef.json (@Param metadata)
EK3_MAGB_P_NSE,Body magnetic field process noise (gauss/s),This state process noise controls the growth of body magnetic field state error estimates. Increasing it makes magnetometer bias error estimation faster and noisier.,Gauss/s,0.00001,0.01,,,Advanced,,0.0001,True,True,,,apm.pdef.json (@Param metadata)
EK3_MAGE_P_NSE,Earth magnetic field process noise (gauss/s),This state process noise controls the growth of earth magnetic field state error estimates. Increasing it makes earth magnetic field estimation faster and noisier.,Gauss/s,0.00001,0.01,,,Advanced,,0.001,True,True,,,apm.pdef.json (@Param metadata)
EK3_MAG_CAL,Magnetometer default fusion mode,"This determines when the filter will use the 3-axis magnetometer fusion model that estimates both earth and body fixed magnetic field states and when it will use a simpler magnetic heading fusion model that does not use magnetic field states. The 3-axis magnetometer fusion is only suitable for use when the external magnetic field environment is stable. EK3_MAG_CAL = 0 uses heading fusion on ground, 3-axis fusion in-flight, and is the default setting for Plane users. EK3_MAG_CAL = 1 uses 3-axis fusion only when manoeuvring. EK3_MAG_CAL = 2 uses heading fusion at all times, is recommended if the external magnetic field is varying and is the default for rovers. EK3_MAG_CAL = 3 uses heading fusion on the ground and 3-axis fusion after the first in-air field and yaw reset has completed, and is the default for copters. EK3_MAG_CAL = 4 uses 3-axis fusion at all times. EK3_MAG_CAL = 5 uses an external yaw sensor with simple heading fusion. NOTE : Use of simple heading magnetometer fusion makes vehicle compass calibration and alignment errors harder for the EKF to detect which reduces the sensitivity of the Copter EKF failsafe algorithm. NOTE: The fusion mode can be forced to 2 for specific EKF cores using the EK3_MAG_MASK parameter. EK3_MAG_CAL = 6 uses an external yaw sensor with fallback to compass when the external sensor is not available if we are flying. NOTE: The fusion mode can be forced to 2 for specific EKF cores using the EK3_MAG_MASK parameter. NOTE: limited operation without a magnetometer or any other yaw sensor is possible by setting all COMPASS_USE, COMPASS_USE2, COMPASS_USE3, etc parameters to 0 and setting COMPASS_ENABLE to 0. If this is done, the EK3_GSF_RUN and EK3_GSF_USE masks must be set to the same as EK3_IMU_MASK. A yaw angle derived from IMU and GPS velocity data using a Gaussian Sum Filter (GSF) will then be used to align the yaw when flight commences and there is sufficient movement.",,,,"0:When flying, 1:When manoeuvring, 2:Never, 3:After first climb yaw reset, 4:Always, 5:Use external yaw sensor (Deprecated in 4.1+ see EK3_SRCn_YAW), 6:External yaw sensor with compass fallback (Deprecated in 4.1+ see EK3_SRCn_YAW)",,Advanced,True,3,False,True,,,apm.pdef.json (@Param metadata)
EK3_MAG_EF_LIM,EarthField error limit,This limits the difference between the learned earth magnetic field and the earth field from the world magnetic model tables. A value of zero means to disable the use of the WMM tables.,mGauss,0,500,,,Advanced,,50,True,True,,,apm.pdef.json (@Param metadata)
EK3_MAG_I_GATE,Magnetometer measurement gate size,This sets the percentage number of standard deviations applied to the magnetometer measurement innovation consistency check. Decreasing it makes it more likely that good measurements will be rejected. Increasing it makes it more likely that bad measurements will be accepted.,,100,1000,,,Advanced,,300,True,True,,,apm.pdef.json (@Param metadata)
EK3_MAG_MASK,Bitmask of active EKF cores that will always use heading fusion,1 byte bitmap of EKF cores that will disable magnetic field states and use simple magnetic heading fusion at all times. This parameter enables specified cores to be used as a backup for flight into an environment with high levels of external magnetic interference which may degrade the EKF attitude estimate when using 3-axis magnetometer fusion. NOTE : Use of a different magnetometer fusion algorithm on different cores makes unwanted EKF core switches due to magnetometer errors more likely.,,,,,"0:FirstEKF, 1:SecondEKF, 2:ThirdEKF, 3:FourthEKF, 4:FifthEKF, 5:SixthEKF",Advanced,True,0,True,True,,,apm.pdef.json (@Param metadata)
EK3_MAG_M_NSE,Magnetometer measurement noise (Gauss),This is the RMS value of noise in magnetometer measurements. Increasing it reduces the weighting on these measurements.,Gauss,0.01,0.5,,,Advanced,,0.05,True,True,,,apm.pdef.json (@Param metadata)
EK3_MAX_FLOW,Maximum valid optical flow rate,This sets the magnitude maximum optical flow rate in rad/sec that will be accepted by the filter,rad/s,1.0,4.0,,,Advanced,,2.5,True,True,,,apm.pdef.json (@Param metadata)
EK3_NOAID_M_NSE,Non-GPS operation position uncertainty (m),This sets the amount of position variation that the EKF allows for when operating without external measurements (eg GPS or optical flow). Increasing this parameter makes the EKF attitude estimate less sensitive to vehicle manoeuvres but more sensitive to IMU errors.,m,0.5,50.0,,,Advanced,,10,True,True,,,apm.pdef.json (@Param metadata)
EK3_OGNM_TEST_SF,On ground not moving test scale factor,"This parameter is adjust the sensitivity of the on ground not moving test which is used to assist with learning the yaw gyro bias and stopping yaw drift before flight when operating without a yaw sensor. Bigger values allow the detection of a not moving condition with noiser IMU data. Check the XKFM data logged when the vehicle is on ground not moving and adjust the value of OGNM_TEST_SF to be slightly higher than the maximum value of the XKFM.ADR, XKFM.ALR, XKFM.GDR and XKFM.GLR test levels.",,1.0,10.0,,,Advanced,,2,True,True,,,apm.pdef.json (@Param metadata)
EK3_OGN_HGT_MASK,Bitmask control of EKF reference height correction,"When a height sensor other than GPS is used as the primary height source by the EKF, the position of the zero height datum is defined by that sensor and its frame of reference. If a GPS height measurement is also available, then the height of the WGS-84 height datum used by the EKF can be corrected so that the height returned by the getLLH() function is compensated for primary height sensor drift and change in datum over time. The first two bit positions control when the height datum will be corrected. Correction is performed using a Bayes filter and only operates when GPS quality permits. The third bit position controls where the corrections to the GPS reference datum are applied. Corrections can be applied to the local vertical position or to the reported EKF origin height (default).",,,,,"0:Correct when using Baro height, 1:Correct when using range finder height, 2:Apply corrections to local position",Advanced,True,0,True,True,,,apm.pdef.json (@Param metadata)
EK3_OPTIONS,Optional EKF behaviour,This controls optional EKF behaviour. Setting JammingExpected will change the EKF nehaviour such that if dead reckoning navigation is possible it will require the preflight alignment GPS quality checks controlled by EK3_GPS_CHECK and EK3_CHECK_SCALE to pass before resuming GPS use if GPS lock is lost for more than 2 seconds to prevent bad,,,,,0:JammingExpected,Advanced,,0,True,True,,,apm.pdef.json (@Param metadata)
EK3_POSNE_M_NSE,GPS horizontal position measurement noise (m),This sets the GPS horizontal position observation noise. Increasing it reduces the weighting of GPS horizontal position measurements.,m,0.1,10.0,,,Advanced,,0.5,True,True,,,apm.pdef.json (@Param metadata)
EK3_POS_I_GATE,GPS position measurement gate size,This sets the percentage number of standard deviations applied to the GPS position measurement innovation consistency check. Decreasing it makes it more likely that good measurements will be rejected. Increasing it makes it more likely that bad measurements will be accepted. If EK3_GLITCH_RAD has been set to 0 the horizontal position innovations will be clipped instead of rejected if they exceed the gate size so a smaller value of EK3_POS_I_GATE not exceeding 300 is recommended to limit the effect of GPS transient errors.,,100,1000,,,Advanced,,500,True,True,,,apm.pdef.json (@Param metadata)
EK3_PRIMARY,Primary core number,The core number (index in IMU mask) that will be used as the primary EKF core on startup. While disarmed the EKF will force the use of this core. A value of 0 corresponds to the first IMU in EK3_IMU_MASK.,,0,2,,,Advanced,,0,True,True,,,apm.pdef.json (@Param metadata)
EK3_RNG_I_GATE,Range finder measurement gate size,This sets the percentage number of standard deviations applied to the range finder innovation consistency check. Decreasing it makes it more likely that good measurements will be rejected. Increasing it makes it more likely that bad measurements will be accepted.,,100,1000,,,Advanced,,500,True,True,,,apm.pdef.json (@Param metadata)
EK3_RNG_M_NSE,Range finder measurement noise (m),This is the RMS value of noise in the range finder measurement. Increasing it reduces the weighting on this measurement.,m,0.1,10.0,,,Advanced,,0.5,True,True,,,apm.pdef.json (@Param metadata)
EK3_RNG_USE_HGT,Range finder switch height percentage,"Range finder can be used as the primary height source when below this percentage of its maximum range (see RNGFNDx_MAX_CM) and the primary height source is Baro or GPS (see EK3_SRCx_POSZ). This feature should not be used for terrain following as it is designed for vertical takeoff and landing with climb above the range finder use height before commencing the mission, and with horizontal position changes below that height being limited to a flat region around the takeoff and landing point.",%,-1,70,,,Advanced,,-1,True,True,,,apm.pdef.json (@Param metadata)
EK3_RNG_USE_SPD,Range finder max ground speed,The range finder will not be used as the primary height source when the horizontal ground speed is greater than this value.,m/s,2.0,6.0,,,Advanced,,2,True,True,,,apm.pdef.json (@Param metadata)
EK3_SRC1_POSXY,Position Horizontal Source (Primary),Position Horizontal Source (Primary),,,,"0:None, 3:GPS, 4:Beacon, 6:ExternalNav",,Advanced,,3,True,True,,,apm.pdef.json (@Param metadata)
EK3_SRC1_POSZ,Position Vertical Source,Position Vertical Source,,,,"0:None, 1:Baro, 2:RangeFinder, 3:GPS, 4:Beacon, 6:ExternalNav",,Advanced,,3,False,True,,,apm.pdef.json (@Param metadata)
EK3_SRC1_VELXY,Velocity Horizontal Source,Velocity Horizontal Source,,,,"0:None, 3:GPS, 4:Beacon, 5:OpticalFlow, 6:ExternalNav, 7:WheelEncoder",,Advanced,,3,True,True,,,apm.pdef.json (@Param metadata)
EK3_SRC1_VELZ,Velocity Vertical Source,Velocity Vertical Source,,,,"0:None, 3:GPS, 4:Beacon, 6:ExternalNav",,Advanced,,3,True,True,,,apm.pdef.json (@Param metadata)
EK3_SRC1_YAW,Yaw Source,Yaw Source,,,,"0:None, 1:Compass, 2:GPS, 3:GPS with Compass Fallback, 6:ExternalNav, 8:GSF",,Advanced,,1,True,True,,,apm.pdef.json (@Param metadata)
EK3_SRC2_POSXY,Position Horizontal Source (Secondary),Position Horizontal Source (Secondary),,,,"0:None, 3:GPS, 4:Beacon, 6:ExternalNav",,Advanced,,0,True,True,,,apm.pdef.json (@Param metadata)
EK3_SRC2_POSZ,Position Vertical Source (Secondary),Position Vertical Source (Secondary),,,,"0:None, 1:Baro, 2:RangeFinder, 3:GPS, 4:Beacon, 6:ExternalNav",,Advanced,,1,False,True,,,apm.pdef.json (@Param metadata)
EK3_SRC2_VELXY,Velocity Horizontal Source (Secondary),Velocity Horizontal Source (Secondary),,,,"0:None, 3:GPS, 4:Beacon, 5:OpticalFlow, 6:ExternalNav, 7:WheelEncoder",,Advanced,,0,True,True,,,apm.pdef.json (@Param metadata)
EK3_SRC2_VELZ,Velocity Vertical Source (Secondary),Velocity Vertical Source (Secondary),,,,"0:None, 3:GPS, 4:Beacon, 6:ExternalNav",,Advanced,,0,True,True,,,apm.pdef.json (@Param metadata)
EK3_SRC2_YAW,Yaw Source (Secondary),Yaw Source (Secondary),,,,"0:None, 1:Compass, 2:GPS, 3:GPS with Compass Fallback, 6:ExternalNav, 8:GSF",,Advanced,,0,True,True,,,apm.pdef.json (@Param metadata)
EK3_SRC3_POSXY,Position Horizontal Source (Tertiary),Position Horizontal Source (Tertiary),,,,"0:None, 3:GPS, 4:Beacon, 6:ExternalNav",,Advanced,,0,True,True,,,apm.pdef.json (@Param metadata)
EK3_SRC3_POSZ,Position Vertical Source (Tertiary),Position Vertical Source (Tertiary),,,,"0:None, 1:Baro, 2:RangeFinder, 3:GPS, 4:Beacon, 6:ExternalNav",,Advanced,,1,False,True,,,apm.pdef.json (@Param metadata)
EK3_SRC3_VELXY,Velocity Horizontal Source (Tertiary),Velocity Horizontal Source (Tertiary),,,,"0:None, 3:GPS, 4:Beacon, 5:OpticalFlow, 6:ExternalNav, 7:WheelEncoder",,Advanced,,0,True,True,,,apm.pdef.json (@Param metadata)
EK3_SRC3_VELZ,Velocity Vertical Source (Tertiary),Velocity Vertical Source (Tertiary),,,,"0:None, 3:GPS, 4:Beacon, 6:ExternalNav",,Advanced,,0,True,True,,,apm.pdef.json (@Param metadata)
EK3_SRC3_YAW,Yaw Source (Tertiary),Yaw Source (Tertiary),,,,"0:None, 1:Compass, 2:GPS, 3:GPS with Compass Fallback, 6:ExternalNav, 8:GSF",,Advanced,,0,True,True,,,apm.pdef.json (@Param metadata)
EK3_SRC_OPTIONS,EKF Source Options,EKF Source Options,,,,,"0:FuseAllVelocities, 1:AlignExtNavPosWhenUsingOptFlow",Advanced,,1,True,True,,,apm.pdef.json (@Param metadata)
EK3_TAU_OUTPUT,Output complementary filter time constant (centi-sec),Sets the time constant of the output complementary filter/predictor in centi-seconds.,cs,10,50,,,Advanced,,25,True,True,,,apm.pdef.json (@Param metadata)
EK3_TERR_GRAD,Maximum terrain gradient,Specifies the maximum gradient of the terrain below the vehicle when it is using range finder as a height reference,,0,0.2,,,Advanced,,0.1,True,True,,,apm.pdef.json (@Param metadata)
EK3_VELD_M_NSE,GPS vertical velocity measurement noise (m/s),"This sets a lower limit on the speed accuracy reported by the GPS receiver that is used to set vertical velocity observation noise. If the model of receiver used does not provide a speed accurcy estimate, then the parameter value will be used. Increasing it reduces the weighting of the GPS vertical velocity measurements.",m/s,0.05,5.0,,,Advanced,,0.5,True,True,,,apm.pdef.json (@Param metadata)
EK3_VELNE_M_NSE,GPS horizontal velocity measurement noise (m/s),"This sets a lower limit on the speed accuracy reported by the GPS receiver that is used to set horizontal velocity observation noise. If the model of receiver used does not provide a speed accurcy estimate, then the parameter value will be used. Increasing it reduces the weighting of the GPS horizontal velocity measurements.",m/s,0.05,5.0,,,Advanced,,0.3,True,True,,,apm.pdef.json (@Param metadata)
EK3_VEL_I_GATE,GPS velocity innovation gate size,This sets the percentage number of standard deviations applied to the GPS velocity measurement innovation consistency check. Decreasing it makes it more likely that good measurements will be rejected. Increasing it makes it more likely that bad measurements will be accepted. If EK3_GLITCH_RAD set to 0 the velocity innovations will be clipped instead of rejected if they exceed the gate size and a smaller value of EK3_VEL_I_GATE not exceeding 300 is recommended to limit the effect of GPS transient errors.,,100,1000,,,Advanced,,500,True,True,,,apm.pdef.json (@Param metadata)
EK3_VIS_VERR_MAX,Visual odometry maximum velocity error,"This is the 1-STD odometry velocity observation error that will be assumed when minimum quality is reported by the sensor. When quality is between max and min, the error will be calculated using linear interpolation between VIS_VERR_MIN and VIS_VERR_MAX.",m/s,0.5,5.0,,,Advanced,,0.9,True,True,,,apm.pdef.json (@Param metadata)
EK3_VIS_VERR_MIN,Visual odometry minimum velocity error,"This is the 1-STD odometry velocity observation error that will be assumed when maximum quality is reported by the sensor. When quality is between max and min, the error will be calculated using linear interpolation between VIS_VERR_MIN and VIS_VERR_MAX.",m/s,0.05,0.5,,,Advanced,,0.1,True,True,,,apm.pdef.json (@Param metadata)
EK3_WENC_VERR,Wheel odometry velocity error,This is the 1-STD odometry velocity observation error that will be assumed when wheel encoder data is being fused.,m/s,0.01,1.0,,,Advanced,,0.1,True,True,,,apm.pdef.json (@Param metadata)
EK3_WIND_PSCALE,Height rate to wind process noise scaler,"This controls how much the process noise on the wind states is increased when gaining or losing altitude to take into account changes in wind speed and direction with altitude. Increasing this parameter increases how rapidly the wind states adapt when changing altitude, but does make wind velocity estimation noiser.",,0.0,2.0,,,Advanced,,1,True,True,,,apm.pdef.json (@Param metadata)
EK3_WIND_P_NSE,Wind velocity process noise (m/s^2),This state process noise controls the growth of wind state error estimates. Increasing it makes wind estimation faster and noisier.,m/s/s,0.01,2.0,,,Advanced,,0.2,True,True,,,apm.pdef.json (@Param metadata)
EK3_YAW_I_GATE,Yaw measurement gate size,This sets the percentage number of standard deviations applied to the magnetometer yaw measurement innovation consistency check. Decreasing it makes it more likely that good measurements will be rejected. Increasing it makes it more likely that bad measurements will be accepted.,,100,1000,,,Advanced,,300,True,True,,,apm.pdef.json (@Param metadata)
EK3_YAW_M_NSE,Yaw measurement noise (rad),This is the RMS value of noise in yaw measurements from the magnetometer. Increasing it reduces the weighting on these measurements.,rad,0.05,1.0,,,Advanced,,0.5,True,True,,,apm.pdef.json (@Param metadata)
ESC_CALIBRATION,ESC Calibration,Controls whether ArduCopter will enter ESC calibration on the next restart. Do not adjust this parameter manually.,,,,"0:Normal Start-up, 1:Start-up in ESC Calibration mode if throttle high, 2:Start-up in ESC Calibration mode regardless of throttle, 3:Start-up and automatically calibrate ESCs, 9:Disabled",,Advanced,,0,True,True,,,apm.pdef.json (@Param metadata)
ESC_TLM_MAV_OFS,ESC Telemetry mavlink offset,Offset to apply to ESC numbers when reporting as ESC_TELEMETRY packets over MAVLink. This allows high numbered motors to be displayed as low numbered ESCs for convenience on GCS displays. A value of 4 would send ESC on output 5 as ESC number 1 in ESC_TELEMETRY packets,,0,31,,,Standard,,0,True,True,,,apm.pdef.json (@Param metadata)
FENCE_ACTION,Fence Action,What action should be taken when fence is breached,,,,"0:Report Only, 1:RTL or Land, 2:Always Land, 3:SmartRTL or RTL or Land, 4:Brake or Land, 5:SmartRTL or Land",,Standard,,1,False,True,,,apm.pdef.json (@Param metadata)
FENCE_ALT_MAX,Fence Maximum Altitude,Maximum altitude allowed before geofence triggers,m,10,1000,,,Standard,,140,False,True,,,apm.pdef.json (@Param metadata)
FENCE_ALT_MIN,Fence Minimum Altitude,Minimum altitude allowed before geofence triggers,m,-100,100,,,Standard,,-10,False,True,,,apm.pdef.json (@Param metadata)
FENCE_AUTOENABLE,Fence Auto-Enable,"Auto-enable of fences. AutoEnableOnTakeoff enables all configured fences, except the minimum altitude fence (which is enabled when the minimum altitude is reached), after autotakeoffs reach altitude. During autolandings the fences will be disabled. AutoEnableDisableFloorOnLanding enables all configured fences, except the minimum altitude fence (which is enabled when the minimum altitude is reached), after autotakeoffs reach altitude. During autolandings only the Minimum Altitude fence will be disabled. AutoEnableOnlyWhenArmed enables all configured fences on arming, except the minimum altitude fence (which is enabled when the minimum altitude is reached), but no fences are disabled during autolandings. However, fence breaches are ignored while executing prior breach recovery actions which may include autolandings.",,0,3,"0:AutoEnableOff, 1:AutoEnableOnTakeoff, 2:AutoEnableDisableFloorOnLanding, 3:AutoEnableOnlyWhenArmed",,Standard,,0,False,True,,,apm.pdef.json (@Param metadata)
FENCE_ENABLE,Fence enable/disable,"Allows you to enable (1) or disable (0) the fence functionality. Fences can still be enabled and disabled via mavlink or an RC option, but these changes are not persisted.",,,,"0:Disabled, 1:Enabled",,Standard,,1,False,True,,,apm.pdef.json (@Param metadata)
FENCE_MARGIN,Fence Margin,Distance that autopilot's should maintain from the fence to avoid a breach,m,1,10,,,Standard,,2,False,True,,,apm.pdef.json (@Param metadata)
FENCE_OPTIONS,Fence options,"When bit 0 is set sisable mode change following fence action until fence breach is cleared. When bit 1 is set the allowable flight areas is the union of all polygon and circle fence areas instead of the intersection, which means a fence breach occurs only if you are outside all of the fence areas.",,,,,"0:Disable mode change following fence action until fence breach is cleared, 1:Allow union of inclusion areas",Standard,,0,False,True,,,apm.pdef.json (@Param metadata)
FENCE_RADIUS,Circular Fence Radius,Circle fence radius which when breached will cause an RTL,m,30,10000,,,Standard,,3000,False,True,,,apm.pdef.json (@Param metadata)
FENCE_TOTAL,Fence polygon point total,Number of polygon points saved in eeprom (do not update manually),,1,20,,,Standard,,,False,True,,,apm.pdef.json (@Param metadata)
FENCE_TYPE,Fence Type,"Configured fence types held as bitmask. Max altitide, Circle and Polygon fences will be immediately enabled if configured. Min altitude fence will only be enabled once the minimum altitude is reached.",,,,,"0:Max altitude, 1:Circle Centered on Home, 2:Inclusion/Exclusion Circles+Polygons, 3:Min altitude",Standard,,3,False,True,,,apm.pdef.json (@Param metadata)
FFT_ENABLE,Enable,Enable Gyro FFT analyser,,,,"0:Disabled, 1:Enabled",,Advanced,True,0,True,True,,,apm.pdef.json (@Param metadata)
FILT1_TYPE,Filter Type,Filter Type,,,,"0:Disable, 1:Notch Filter",,Standard,True,0,True,True,,,apm.pdef.json (@Param metadata)
FILT2_TYPE,Filter Type,Filter Type,,,,"0:Disable, 1:Notch Filter",,Standard,True,0,True,True,,,apm.pdef.json (@Param metadata)
FILT3_TYPE,Filter Type,Filter Type,,,,"0:Disable, 1:Notch Filter",,Standard,True,0,True,True,,,apm.pdef.json (@Param metadata)
FILT4_TYPE,Filter Type,Filter Type,,,,"0:Disable, 1:Notch Filter",,Standard,True,0,True,True,,,apm.pdef.json (@Param metadata)
FILT5_TYPE,Filter Type,Filter Type,,,,"0:Disable, 1:Notch Filter",,Standard,True,0,True,True,,,apm.pdef.json (@Param metadata)
FILT6_TYPE,Filter Type,Filter Type,,,,"0:Disable, 1:Notch Filter",,Standard,True,0,True,True,,,apm.pdef.json (@Param metadata)
FILT7_TYPE,Filter Type,Filter Type,,,,"0:Disable, 1:Notch Filter",,Standard,True,0,True,True,,,apm.pdef.json (@Param metadata)
FILT8_TYPE,Filter Type,Filter Type,,,,"0:Disable, 1:Notch Filter",,Standard,True,0,True,True,,,apm.pdef.json (@Param metadata)
FLIGHT_OPTIONS,Flight mode options,Flight mode specific options,,,,,"0:Disable thrust loss check, 1:Disable yaw imbalance warning, 2:Release gripper on thrust loss",Advanced,,0,True,True,,,apm.pdef.json (@Param metadata)
FLOW_TYPE,Optical flow sensor type,Optical flow sensor type,,,,"0:None, 1:PX4Flow, 2:Pixart, 3:Bebop, 4:CXOF, 5:MAVLink, 6:DroneCAN, 7:MSP, 8:UPFLOW",,Standard,True,0,True,True,,,apm.pdef.json (@Param metadata)
FLTMODE1,Flight Mode 1,Flight mode when pwm of Flightmode channel(FLTMODE_CH) is <= 1230,,,,"0:Stabilize, 1:Acro, 2:AltHold, 3:Auto, 4:Guided, 5:Loiter, 6:RTL, 7:Circle, 9:Land, 11:Drift, 13:Sport, 14:Flip, 15:AutoTune, 16:PosHold, 17:Brake, 18:Throw, 19:Avoid_ADSB, 20:Guided_NoGPS, 21:Smart_RTL, 22:FlowHold, 23:Follow, 24:ZigZag, 25:SystemID, 26:Heli_Autorotate, 27:Auto RTL, 28:Turtle",,Standard,,0,True,True,,,apm.pdef.json (@Param metadata)
FLTMODE2,Flight Mode 2,"Flight mode when pwm of Flightmode channel(FLTMODE_CH) is >1230, <= 1360",,,,"0:Stabilize, 1:Acro, 2:AltHold, 3:Auto, 4:Guided, 5:Loiter, 6:RTL, 7:Circle, 9:Land, 11:Drift, 13:Sport, 14:Flip, 15:AutoTune, 16:PosHold, 17:Brake, 18:Throw, 19:Avoid_ADSB, 20:Guided_NoGPS, 21:Smart_RTL, 22:FlowHold, 23:Follow, 24:ZigZag, 25:SystemID, 26:Heli_Autorotate, 27:Auto RTL, 28:Turtle",,Standard,,0,True,True,,,apm.pdef.json (@Param metadata)
FLTMODE3,Flight Mode 3,"Flight mode when pwm of Flightmode channel(FLTMODE_CH) is >1360, <= 1490",,,,"0:Stabilize, 1:Acro, 2:AltHold, 3:Auto, 4:Guided, 5:Loiter, 6:RTL, 7:Circle, 9:Land, 11:Drift, 13:Sport, 14:Flip, 15:AutoTune, 16:PosHold, 17:Brake, 18:Throw, 19:Avoid_ADSB, 20:Guided_NoGPS, 21:Smart_RTL, 22:FlowHold, 23:Follow, 24:ZigZag, 25:SystemID, 26:Heli_Autorotate, 27:Auto RTL, 28:Turtle",,Standard,,0,True,True,,,apm.pdef.json (@Param metadata)
FLTMODE4,Flight Mode 4,"Flight mode when pwm of Flightmode channel(FLTMODE_CH) is >1490, <= 1620",,,,"0:Stabilize, 1:Acro, 2:AltHold, 3:Auto, 4:Guided, 5:Loiter, 6:RTL, 7:Circle, 9:Land, 11:Drift, 13:Sport, 14:Flip, 15:AutoTune, 16:PosHold, 17:Brake, 18:Throw, 19:Avoid_ADSB, 20:Guided_NoGPS, 21:Smart_RTL, 22:FlowHold, 23:Follow, 24:ZigZag, 25:SystemID, 26:Heli_Autorotate, 27:Auto RTL, 28:Turtle",,Standard,,0,True,True,,,apm.pdef.json (@Param metadata)
FLTMODE5,Flight Mode 5,"Flight mode when pwm of Flightmode channel(FLTMODE_CH) is >1620, <= 1749",,,,"0:Stabilize, 1:Acro, 2:AltHold, 3:Auto, 4:Guided, 5:Loiter, 6:RTL, 7:Circle, 9:Land, 11:Drift, 13:Sport, 14:Flip, 15:AutoTune, 16:PosHold, 17:Brake, 18:Throw, 19:Avoid_ADSB, 20:Guided_NoGPS, 21:Smart_RTL, 22:FlowHold, 23:Follow, 24:ZigZag, 25:SystemID, 26:Heli_Autorotate, 27:Auto RTL, 28:Turtle",,Standard,,0,True,True,,,apm.pdef.json (@Param metadata)
FLTMODE6,Flight Mode 6,Flight mode when pwm of Flightmode channel(FLTMODE_CH) is >=1750,,,,"0:Stabilize, 1:Acro, 2:AltHold, 3:Auto, 4:Guided, 5:Loiter, 6:RTL, 7:Circle, 9:Land, 11:Drift, 13:Sport, 14:Flip, 15:AutoTune, 16:PosHold, 17:Brake, 18:Throw, 19:Avoid_ADSB, 20:Guided_NoGPS, 21:Smart_RTL, 22:FlowHold, 23:Follow, 24:ZigZag, 25:SystemID, 26:Heli_Autorotate, 27:Auto RTL, 28:Turtle",,Standard,,0,True,True,,,apm.pdef.json (@Param metadata)
FLTMODE_CH,Flightmode channel,RC Channel to use for flight mode control,,,,"0:Disabled, 5:Channel5, 6:Channel6, 7:Channel7, 8:Channel8, 9:Channel9, 10:Channel 10, 11:Channel 11, 12:Channel 12, 13:Channel 13, 14:Channel 14, 15:Channel 15",,Advanced,,0,True,True,,,apm.pdef.json (@Param metadata)
FLTMODE_GCSBLOCK,Flight mode block from GCS,Bitmask of flight modes to disable for GCS selection. Mode can still be accessed via RC or failsafe.,,,,,"0:Stabilize, 1:Acro, 2:AltHold, 3:Auto, 4:Guided, 5:Loiter, 6:Circle, 7:Drift, 8:Sport, 9:Flip, 10:AutoTune, 11:PosHold, 12:Brake, 13:Throw, 14:Avoid_ADSB, 15:Guided_NoGPS, 16:Smart_RTL, 17:FlowHold, 18:Follow, 19:ZigZag, 20:SystemID, 21:Heli_Autorotate, 22:Auto RTL, 23:Turtle",Standard,,0,True,True,,,apm.pdef.json (@Param metadata)
FORMAT_VERSION,Eeprom format version number,This value is incremented when changes are made to the eeprom format,,,,,,Advanced,,,False,True,,,apm.pdef.json (@Param metadata)
FRAME_CLASS,Frame Class,Controls major frame class for multicopter component,,,,"0:Undefined, 1:Quad, 2:Hexa, 3:Octa, 4:OctaQuad, 5:Y6, 6:Heli, 7:Tri, 8:SingleCopter, 9:CoaxCopter, 10:BiCopter, 11:Heli_Dual, 12:DodecaHexa, 13:HeliQuad, 14:Deca, 15:Scripting Matrix, 16:6DoF Scripting, 17:Dynamic Scripting Matrix",,Standard,True,1,True,True,,,apm.pdef.json (@Param metadata)
FRAME_TYPE,"Frame Type (+, X, V, etc)",Controls motor mixing for multicopters. Not used for Tri or Traditional Helicopters.,,,,"0:Plus, 1:X, 2:V, 3:H, 4:V-Tail, 5:A-Tail, 10:Y6B, 11:Y6F, 12:BetaFlightX, 13:DJIX, 14:ClockwiseX, 15:I, 18:BetaFlightXReversed, 19:Y4",,Standard,True,1,True,True,,,apm.pdef.json (@Param metadata)
FRSKY_DNLINK1_ID,First downlink sensor id,Change the first extra downlink sensor id (SPort only),,,,"-1:Disable, 7:7, 8:8, 9:9, 10:10, 11:11, 12:12, 13:13, 14:14, 15:15, 16:16, 17:17, 18:18, 19:19, 20:20, 21:21, 22:22, 23:23, 24:24, 25:25, 26:26",,Advanced,,20,True,True,,,apm.pdef.json (@Param metadata)
FRSKY_DNLINK2_ID,Second downlink sensor id,Change the second extra downlink sensor id (SPort only),,,,"-1:Disable, 7:7, 8:8, 9:9, 10:10, 11:11, 12:12, 13:13, 14:14, 15:15, 16:16, 17:17, 18:18, 19:19, 20:20, 21:21, 22:22, 23:23, 24:24, 25:25, 26:26",,Advanced,,7,True,True,,,apm.pdef.json (@Param metadata)
FRSKY_DNLINK_ID,Default downlink sensor id,Change the default downlink sensor id (SPort only),,,,"-1:Disable, 7:7, 8:8, 9:9, 10:10, 11:11, 12:12, 13:13, 14:14, 15:15, 16:16, 17:17, 18:18, 19:19, 20:20, 21:21, 22:22, 23:23, 24:24, 25:25, 26:26, 27:27",,Advanced,,27,True,True,,,apm.pdef.json (@Param metadata)
FRSKY_OPTIONS,FRSky Telemetry Options,A bitmask to set some FRSky Telemetry specific options,,,,,0:EnableAirspeedAndGroundspeed,Standard,,0,True,True,,,apm.pdef.json (@Param metadata)
FRSKY_UPLINK_ID,Uplink sensor id,Change the uplink sensor id (SPort only),,,,"-1:Disable, 7:7, 8:8, 9:9, 10:10, 11:11, 12:12, 13:13, 14:14, 15:15, 16:16, 17:17, 18:18, 19:19, 20:20, 21:21, 22:22, 23:23, 24:24, 25:25, 26:26",,Advanced,,13,True,True,,,apm.pdef.json (@Param metadata)
FS_CRASH_CHECK,Crash check enable,This enables automatic crash checking. When enabled the motors will disarm if a crash is detected.,,,,"0:Disabled, 1:Enabled",,Advanced,,1,True,True,,,apm.pdef.json (@Param metadata)
FS_DR_ENABLE,DeadReckon Failsafe Action,Failsafe action taken immediately as deadreckoning starts. Deadreckoning starts when EKF loses position and velocity source and relies only on wind estimates,,,,"0:Disabled/NoAction, 1:Land, 2:RTL, 3:SmartRTL or RTL, 4:SmartRTL or Land, 6:Auto DO_LAND_START or RTL",,Standard,,2,True,True,,,apm.pdef.json (@Param metadata)
FS_DR_TIMEOUT,DeadReckon Failsafe Timeout,DeadReckoning is available for this many seconds after losing position and/or velocity source. After this timeout elapses the EKF failsafe will trigger in modes requiring a position estimate,,0,120,,,Standard,,30,True,True,,,apm.pdef.json (@Param metadata)
FS_EKF_ACTION,EKF Failsafe Action,Controls the action that will be taken when an EKF failsafe is invoked,,,,"1:Land, 2:AltHold, 3:Land even in Stabilize",,Advanced,,1,False,True,,,apm.pdef.json (@Param metadata)
FS_EKF_FILT,EKF Failsafe filter cutoff,EKF Failsafe filter cutoff frequency. EKF variances are filtered using this value to avoid spurious failsafes from transient high variances. A higher value means the failsafe is more likely to trigger.,Hz,0,10,,,Advanced,,5,False,True,,,apm.pdef.json (@Param metadata)
FS_EKF_THRESH,EKF failsafe variance threshold,"Allows setting the maximum acceptable compass, velocity, position and height variances. Used in arming check and EKF failsafe.",,,,"0.6:Strict, 0.8:Default, 1.0:Relaxed",,Advanced,,0.8,False,True,,,apm.pdef.json (@Param metadata)
FS_GCS_ENABLE,Ground Station Failsafe Enable,"Controls whether failsafe will be invoked (and what action to take) when connection with Ground station is lost for at least 5 seconds. See FS_OPTIONS param for additional actions, or for cases allowing Mission continuation, when GCS failsafe is enabled.",,,,"0:Disabled/NoAction, 1:RTL, 2:RTL or Continue with Mission in Auto Mode (Removed in 4.0+-see FS_OPTIONS), 3:SmartRTL or RTL, 4:SmartRTL or Land, 5:Land, 6:Auto DO_LAND_START or RTL, 7:Brake or Land",,Standard,,0,False,True,,,apm.pdef.json (@Param metadata)
FS_GCS_TIMEOUT,GCS failsafe timeout,Timeout before triggering the GCS failsafe,s,2,120,,,Standard,,5,False,True,,,apm.pdef.json (@Param metadata)
FS_OPTIONS,Failsafe options bitmask,"Bitmask of additional options for battery, radio, & GCS failsafes. 0 (default) disables all options.",,,,,"0:Continue if in Auto on RC failsafe, 1:Continue if in Auto on GCS failsafe, 2:Continue if in Guided on RC failsafe, 3:Continue if landing on any failsafe, 4:Continue if in pilot controlled modes on GCS failsafe, 5:Release Gripper",Advanced,,8,False,True,,,apm.pdef.json (@Param metadata)
FS_THR_ENABLE,Throttle Failsafe Enable,The throttle failsafe allows you to configure a software failsafe activated by a setting on the throttle input channel,,,,"0:Disabled, 1:Enabled always RTL, 2:Enabled Continue with Mission in Auto Mode (Removed in 4.0+), 3:Enabled always Land, 4:Enabled always SmartRTL or RTL, 5:Enabled always SmartRTL or Land, 6:Enabled Auto DO_LAND_START or RTL, 7:Enabled always Brake or Land",,Standard,,1,False,True,,,apm.pdef.json (@Param metadata)
FS_THR_VALUE,Throttle Failsafe Value,The PWM level in microseconds on channel 3 below which throttle failsafe triggers,PWM,910,1100,,,Standard,,950,False,True,,,apm.pdef.json (@Param metadata)
FS_VIBE_ENABLE,Vibration Failsafe enable,This enables the vibration failsafe which will use modified altitude estimation and control during high vibrations,,,,"0:Disabled, 1:Enabled",,Standard,,1,False,True,,,apm.pdef.json (@Param metadata)
FWDAVD_ACT_AUTO,Forward Avoidance Action for Auto Modes,"Action to take when forward avoidance is triggered in autopilot modes (Auto, Guided, RTL, SmartRTL). This allows different behavior than manual modes.",,0,3,"0:None, 1:Land, 2:RTL, 3:SmartRTL",,Standard,,2,False,True,,,apm.pdef.json (@Param metadata)
FWDAVD_ACT_MAN,Forward Avoidance Action for Manual Modes,"Action to take when forward avoidance is triggered in manual modes (Loiter, PosHold, AltHold). Action 4 (Stop) switches to Loiter and locks stick input until sticks are returned to neutral and obstacle clears.",,0,4,"0:None, 1:Land, 2:RTL, 3:SmartRTL, 4:Stop with Lockout",,Standard,,4,False,True,,,apm.pdef.json (@Param metadata)
FWDAVD_ALT,Forward Avoidance Altitude Threshold,Minimum altitude in meters above which forward avoidance is active. Used when FWDAVD_COND is 1 (home altitude) or 2 (terrain altitude). Helps prevent false triggers near ground.,m,0,100,,,Standard,,5,False,True,,,apm.pdef.json (@Param metadata)
FWDAVD_BTN_EN,Forward Avoidance Master Enable,"Master enable for forward rangefinder avoidance, driven by a GCS button or parameter. When 0, the feature is OFF regardless of any RC switch. When 1, the feature is enabled â€” or, if FWDAVD_CHAN is non-zero, controlled by that RC switch (switch must be high to activate).",,,,"0:Disabled, 1:Enabled",,Standard,,1,False,True,,,apm.pdef.json (@Param metadata)
FWDAVD_CHAN,Forward Avoidance RC Channel,"Optional RC channel number used as a runtime gate for forward avoidance. Set to 0 to disable (parameter FWDAVD_BTN_EN alone enables the feature). If non-zero, the switch on that channel must be high (PWM > 1500) for the feature to act, AND FWDAVD_BTN_EN must also be 1. The parameter is the master gate â€” setting it to 0 turns the feature off regardless of switch position.",,0,16,,,Standard,,0,False,True,,,apm.pdef.json (@Param metadata)
FWDAVD_COND,Forward Avoidance Altitude Condition,"Altitude condition for forward avoidance activation. 0=No altitude check (always active if RC enabled), 1=Only active when above FWDAVD_ALT altitude relative to home, 2=Only active when above FWDAVD_ALT terrain altitude.",,,,"0:No Altitude Check, 1:Above Home Altitude, 2:Above Terrain Altitude",,Standard,,0,False,True,,,apm.pdef.json (@Param metadata)
FWDAVD_DIST,Forward Avoidance Distance,Distance in meters at which forward rangefinder avoidance triggers. Obstacles closer than this distance will trigger the avoidance action.,m,1,30,,,Standard,,15,False,True,3,40,apm.pdef.json (@Param metadata)
FWDAVD_EN,Forward Avoidance Enable,"Bitmask of flight modes for which forward rangefinder avoidance is enabled. When enabled, a forward-facing rangefinder will trigger a failsafe action when obstacles are detected.",,,,,"0:Auto/Guided/RTL/SmartRTL, 1:Loiter, 2:PosHold, 3:AltHold",Standard,,3,False,True,,,apm.pdef.json (@Param metadata)
FWDAVD_SAMP,Forward Avoidance Sample Count,"Number of consecutive rangefinder samples below the distance threshold required to trigger avoidance. Higher values reduce false triggers but increase response time. At 10Hz update rate, 3 samples = 0.3 seconds.",,1,50,,,Standard,,3,False,True,1,20,apm.pdef.json (@Param metadata)
GCS_PID_MASK,GCS PID tuning mask,bitmask of PIDs to send MAVLink PID_TUNING messages for,,,,,"0:Roll, 1:Pitch, 2:Yaw, 3:AccelZ",Advanced,,0,True,True,,,apm.pdef.json (@Param metadata)
GND_EFFECT_COMP,Ground Effect Compensation Enable/Disable,Ground Effect Compensation Enable/Disable,,,,"0:Disabled, 1:Enabled",,Advanced,,1,True,True,,,apm.pdef.json (@Param metadata)
GPS1_CAN_NODEID,Detected CAN Node ID for GPS,GPS Node id for GPS. Detected node unless CAN_OVRIDE is set,,,,,,Advanced,,121,True,True,,,apm.pdef.json (@Param metadata)
GPS1_CAN_OVRIDE,DroneCAN GPS NODE ID,GPS Node id for GPS. If 0 the gps will be automatically selected on a first-come-first-GPS basis.,,,,,,Advanced,,121,False,True,,,apm.pdef.json (@Param metadata)
GPS1_COM_PORT,GPS physical COM port,"The physical COM port on the connected device, currently only applies to SBF and GSOF GPS",,0,10,"0:COM1(RS232) on GSOF, 1:COM2(TTL) on GSOF",,Advanced,True,1,True,True,,,apm.pdef.json (@Param metadata)
GPS1_DELAY_MS,GPS delay in milliseconds,Controls the amount of GPS measurement delay that the autopilot compensates for. Set to zero to use the default delay for the detected GPS type.,ms,0,250,,,Advanced,True,0,True,True,,,apm.pdef.json (@Param metadata)
GPS1_GNSS_MODE,GNSS system configuration,Bitmask for what GNSS system to use on the first GPS (all unchecked or zero to leave GPS as configured),,,,,"0:GPS, 1:SBAS, 2:Galileo, 3:Beidou, 4:IMES, 5:QZSS, 6:GLONASS",Advanced,,0,True,True,,,apm.pdef.json (@Param metadata)
GPS1_MB_TYPE,Moving base type,Controls the type of moving base used if using moving base.This is renamed in 4.6 and later to GPSx_MB_TYPE.,,,,"0:Relative to alternate GPS instance, 1:RelativeToCustomBase",,Advanced,True,0,True,True,,,apm.pdef.json (@Param metadata)
GPS1_POS_X,Antenna X position offset,X position of the first GPS antenna in body frame. Positive X is forward of the origin. Use antenna phase centroid location if provided by the manufacturer.,m,-5,5,,,Advanced,,0.05681,True,True,,,apm.pdef.json (@Param metadata)
GPS1_POS_Y,Antenna Y position offset,Y position of the first GPS antenna in body frame. Positive Y is to the right of the origin. Use antenna phase centroid location if provided by the manufacturer.,m,-5,5,,,Advanced,,0,True,True,,,apm.pdef.json (@Param metadata)
GPS1_POS_Z,Antenna Z position offset,Z position of the first GPS antenna in body frame. Positive Z is down from the origin. Use antenna phase centroid location if provided by the manufacturer.,m,-5,5,,,Advanced,,-0.1217,True,True,,,apm.pdef.json (@Param metadata)
GPS1_RATE_MS,GPS update rate in milliseconds,Controls how often the GPS should provide a position update. Lowering below 5Hz(default) is not allowed. Raising the rate above 5Hz usually provides little benefit and for some GPS (eg Ublox M9N) can severely impact performance.,ms,50,200,"100:10Hz, 125:8Hz, 200:5Hz",,Advanced,,200,True,True,,,apm.pdef.json (@Param metadata)
GPS1_TYPE,GPS type,GPS type,,,,"0:None, 1:AUTO, 2:uBlox, 5:NMEA, 6:SiRF, 7:HIL, 8:SwiftNav, 9:DroneCAN, 10:Septentrio(SBF), 11:Trimble(GSOF), 13:ERB, 14:MAVLink, 15:NOVA, 16:HemisphereNMEA, 17:uBlox-MovingBaseline-Base, 18:uBlox-MovingBaseline-Rover, 19:MSP, 20:AllyStar, 21:ExternalAHRS, 22:DroneCAN-MovingBaseline-Base, 23:DroneCAN-MovingBaseline-Rover, 24:UnicoreNMEA, 25:UnicoreMovingBaselineNMEA, 26:Septentrio-DualAntenna(SBF)",,Advanced,True,9,True,True,,,apm.pdef.json (@Param metadata)
GPS2_TYPE,GPS type,GPS type,,,,"0:None, 1:AUTO, 2:uBlox, 5:NMEA, 6:SiRF, 7:HIL, 8:SwiftNav, 9:DroneCAN, 10:Septentrio(SBF), 11:Trimble(GSOF), 13:ERB, 14:MAVLink, 15:NOVA, 16:HemisphereNMEA, 17:uBlox-MovingBaseline-Base, 18:uBlox-MovingBaseline-Rover, 19:MSP, 20:AllyStar, 21:ExternalAHRS, 22:DroneCAN-MovingBaseline-Base, 23:DroneCAN-MovingBaseline-Rover, 24:UnicoreNMEA, 25:UnicoreMovingBaselineNMEA, 26:Septentrio-DualAntenna(SBF)",,Advanced,True,0,True,True,,,apm.pdef.json (@Param metadata)
GPS_AUTO_CONFIG,Automatic GPS configuration,Controls if the autopilot should automatically configure the GPS based on the parameters and default settings,,,,"0:Disables automatic configuration, 1:Enable automatic configuration for Serial GPSes only, 2:Enable automatic configuration for DroneCAN as well",,Advanced,,1,False,True,,,apm.pdef.json (@Param metadata)
GPS_AUTO_SWITCH,Automatic Switchover Setting,"Automatic switchover to GPS reporting best lock, 1:UseBest selects the GPS with highest status, if both are equal the GPS with highest satellite count is used 4:Use primary if 3D fix or better, will revert to 'UseBest' behaviour if 3D fix is lost on primary",,,,"0:Use primary, 1:UseBest, 2:Blend, 4:Use primary if 3D fix or better",,Advanced,,0,True,True,,,apm.pdef.json (@Param metadata)
GPS_BLEND_MASK,Multi GPS Blending Mask,"Determines which of the accuracy measures Horizontal position, Vertical Position and Speed are used to calculate the weighting on each GPS receiver when soft switching has been selected by setting GPS_AUTO_SWITCH to 2(Blend)",,,,,"0:Horiz Pos, 1:Vert Pos, 2:Speed",Advanced,,0,True,True,,,apm.pdef.json (@Param metadata)
GPS_DRV_OPTIONS,driver options,Additional backend specific options,,,,,"0:Use UART2 for moving baseline on ublox, 1:Use base station for GPS yaw on SBF, 2:Use baudrate 115200, 3:Use dedicated CAN port b/w GPSes for moving baseline, 4:Use ellipsoid height instead of AMSL, 5:Override GPS satellite health of L5 band from L1 health, 6:Enable RTCM full parse even for a single channel, 7:Disable automatic full RTCM parsing when RTCM seen on more than one channel",Advanced,,0,False,True,,,apm.pdef.json (@Param metadata)
GPS_HDOP_GOOD,GPS Hdop Good,GPS Hdop value at or below this value represent a good position. Used for pre-arm checks,,100,900,,,Advanced,,140,True,True,,,apm.pdef.json (@Param metadata)
GPS_INJECT_TO,Destination for GPS_INJECT_DATA MAVLink packets,The GGS can send raw serial packets to inject data to multiple GPSes.,,,,"0:send to first GPS, 1:send to 2nd GPS, 127:send to all",,Advanced,,127,True,True,,,apm.pdef.json (@Param metadata)
GPS_MIN_ELEV,Minimum elevation,This sets the minimum elevation of satellites above the horizon for them to be used for navigation. Setting this to -100 leaves the minimum elevation set to the GPS modules default.,deg,-100,90,,,Advanced,,-100,True,True,,,apm.pdef.json (@Param metadata)
GPS_NAVFILTER,Navigation filter setting,Navigation filter engine setting,,,,"0:Portable, 2:Stationary, 3:Pedestrian, 4:Automotive, 5:Sea, 6:Airborne1G, 7:Airborne2G, 8:Airborne4G",,Advanced,,8,True,True,,,apm.pdef.json (@Param metadata)
GPS_PRIMARY,Primary GPS,This GPS will be used when GPS_AUTO_SWITCH is 0 and used preferentially with GPS_AUTO_SWITCH = 4.,,,,"0:FirstGPS, 1:SecondGPS",,Advanced,,0,True,True,,,apm.pdef.json (@Param metadata)
GPS_RAW_DATA,Raw data logging,"Handles logging raw data; on uBlox chips that support raw data this will log RXM messages into logger; on Septentrio this will log on the equipment's SD card and when set to 2, the autopilot will try to stop logging after disarming and restart after arming",,,,"0:Ignore, 1:Always log, 2:Stop logging when disarmed (SBF only), 5:Only log every five samples (uBlox only)",,Advanced,True,0,True,True,,,apm.pdef.json (@Param metadata)
GPS_SAVE_CFG,Save GPS configuration,Determines whether the configuration for this GPS should be written to non-volatile memory on the GPS. Currently working for UBlox 6 series and above.,,,,"0:Do not save config, 1:Save config, 2:Save only when needed",,Advanced,,2,True,True,,,apm.pdef.json (@Param metadata)
GPS_SBAS_MODE,SBAS Mode,This sets the SBAS (satellite based augmentation system) mode if available on this GPS. If set to 2 then the SBAS mode is not changed in the GPS. Otherwise the GPS will be reconfigured to enable/disable SBAS. Disabling SBAS may be worthwhile in some parts of the world where an SBAS signal is available but the baseline is too long to be useful.,,,,"0:Disabled, 1:Enabled, 2:NoChange",,Advanced,,2,True,True,,,apm.pdef.json (@Param metadata)
GPS_SBP_LOGMASK,Swift Binary Protocol Logging Mask,Masked with the SBP msg_type field to determine whether SBR1/SBR2 data is logged,,,,"-256:External only (0xFF00), -1:All (0xFFFF), 0:None (0x0000)",,Advanced,,-256,True,True,,,apm.pdef.json (@Param metadata)
GRIP_ENABLE,Gripper Enable/Disable,Gripper enable/disable,,,,"0:Disabled, 1:Enabled",,Standard,,0,True,True,,,apm.pdef.json (@Param metadata)
GUID_OPTIONS,Guided mode options,Options that can be applied to change guided mode behaviour,,,,,"0:Allow Arming from Transmitter, 2:Ignore pilot yaw, 3:SetAttitudeTarget interprets Thrust As Thrust, 4:Do not stabilize PositionXY, 5:Do not stabilize VelocityXY, 6:Waypoint navigation used for position targets, 7:Allow weathervaning",Advanced,,0,True,True,,,apm.pdef.json (@Param metadata)
GUID_TIMEOUT,Guided mode timeout,"Guided mode timeout after which vehicle will stop or return to level if no updates are received from caller. Only applicable during any combination of velocity, acceleration, angle control, and/or angular rate control",s,0.1,5,,,Advanced,,3,True,True,,,apm.pdef.json (@Param metadata)
INITIAL_MODE,Initial flight mode,This selects the mode to start in on boot. This is useful for when you want to start in AUTO mode on boot without a receiver.,,,,"0:Stabilize, 1:Acro, 2:AltHold, 3:Auto, 4:Guided, 5:Loiter, 6:RTL, 7:Circle, 9:Land, 11:Drift, 13:Sport, 14:Flip, 15:AutoTune, 16:PosHold, 17:Brake, 18:Throw, 19:Avoid_ADSB, 20:Guided_NoGPS, 21:Smart_RTL, 22:FlowHold, 23:Follow, 24:ZigZag, 25:SystemID, 26:Heli_Autorotate",,Advanced,,5,True,True,,,apm.pdef.json (@Param metadata)
INS4_ACCOFFS_X,Accelerometer offsets of X axis,Accelerometer offsets of X axis. This is setup using the acceleration calibration or level operations,m/s/s,-3.5,3.5,,,Advanced,,,False,True,,,apm.pdef.json (@Param metadata)
INS4_ACCOFFS_Y,Accelerometer offsets of Y axis,Accelerometer offsets of Y axis. This is setup using the acceleration calibration or level operations,m/s/s,-3.5,3.5,,,Advanced,,,False,True,,,apm.pdef.json (@Param metadata)
INS4_ACCOFFS_Z,Accelerometer offsets of Z axis,Accelerometer offsets of Z axis. This is setup using the acceleration calibration or level operations,m/s/s,-3.5,3.5,,,Advanced,,,False,True,,,apm.pdef.json (@Param metadata)
INS4_ACCSCAL_X,Accelerometer scaling of X axis,Accelerometer scaling of X axis. Calculated during acceleration calibration routine,,0.8,1.2,,,Advanced,,,False,True,,,apm.pdef.json (@Param metadata)
INS4_ACCSCAL_Y,Accelerometer scaling of Y axis,Accelerometer scaling of Y axis Calculated during acceleration calibration routine,,0.8,1.2,,,Advanced,,,False,True,,,apm.pdef.json (@Param metadata)
INS4_ACCSCAL_Z,Accelerometer scaling of Z axis,Accelerometer scaling of Z axis Calculated during acceleration calibration routine,,0.8,1.2,,,Advanced,,,False,True,,,apm.pdef.json (@Param metadata)
INS4_ACC_CALTEMP,Calibration temperature for accelerometer,Temperature that the accelerometer was calibrated at,degC,,,,,Advanced,,,False,True,,,apm.pdef.json (@Param metadata)
INS4_ACC_ID,Accelerometer ID,"Accelerometer sensor ID, taking into account its type, bus and instance",,,,,,Advanced,,,False,True,,,apm.pdef.json (@Param metadata)
INS4_GYROFFS_X,Gyro offsets of X axis,Gyro sensor offsets of X axis. This is setup on each boot during gyro calibrations,rad/s,,,,,Advanced,,,False,True,,,apm.pdef.json (@Param metadata)
INS4_GYROFFS_Y,Gyro offsets of Y axis,Gyro sensor offsets of Y axis. This is setup on each boot during gyro calibrations,rad/s,,,,,Advanced,,,False,True,,,apm.pdef.json (@Param metadata)
INS4_GYROFFS_Z,Gyro offsets of Z axis,Gyro sensor offsets of Z axis. This is setup on each boot during gyro calibrations,rad/s,,,,,Advanced,,,False,True,,,apm.pdef.json (@Param metadata)
INS4_GYR_CALTEMP,Calibration temperature for gyroscope,Temperature that the gyroscope was calibrated at,degC,,,,,Advanced,,,False,True,,,apm.pdef.json (@Param metadata)
INS4_GYR_ID,Gyro ID,"Gyro sensor ID, taking into account its type, bus and instance",,,,,,Advanced,,,False,True,,,apm.pdef.json (@Param metadata)
INS4_POS_X,IMU accelerometer X position,"X position of the first IMU Accelerometer in body frame. Positive X is forward of the origin. Attention: The IMU should be located as close to the vehicle c.g. as practical so that the value of this parameter is minimised. Failure to do so can result in noisy navigation velocity measurements due to vibration and IMU gyro noise. If the IMU cannot be moved and velocity noise is a problem, a location closer to the IMU can be used as the body frame origin.",m,-5,5,,,Advanced,,,False,True,,,apm.pdef.json (@Param metadata)
INS4_POS_Y,IMU accelerometer Y position,"Y position of the first IMU accelerometer in body frame. Positive Y is to the right of the origin. Attention: The IMU should be located as close to the vehicle c.g. as practical so that the value of this parameter is minimised. Failure to do so can result in noisy navigation velocity measurements due to vibration and IMU gyro noise. If the IMU cannot be moved and velocity noise is a problem, a location closer to the IMU can be used as the body frame origin.",m,-5,5,,,Advanced,,,False,True,,,apm.pdef.json (@Param metadata)
INS4_POS_Z,IMU accelerometer Z position,"Z position of the first IMU accelerometer in body frame. Positive Z is down from the origin. Attention: The IMU should be located as close to the vehicle c.g. as practical so that the value of this parameter is minimised. Failure to do so can result in noisy navigation velocity measurements due to vibration and IMU gyro noise. If the IMU cannot be moved and velocity noise is a problem, a location closer to the IMU can be used as the body frame origin.",m,-5,5,,,Advanced,,,False,True,,,apm.pdef.json (@Param metadata)
INS4_TCAL_ENABLE,Enable temperature calibration,"Enable the use of temperature calibration parameters for this IMU. For automatic learning set to 2 and also set the INS_TCALn_TMAX to the target temperature, then reboot",,,,"0:Disabled, 1:Enabled, 2:LearnCalibration",,Advanced,True,,False,True,,,apm.pdef.json (@Param metadata)
INS4_USE,"Use first IMU for attitude, velocity and position estimates","Use first IMU for attitude, velocity and position estimates",,,,"0:Disabled, 1:Enabled",,Advanced,,,False,True,,,apm.pdef.json (@Param metadata)
INS5_ACCOFFS_X,Accelerometer offsets of X axis,Accelerometer offsets of X axis. This is setup using the acceleration calibration or level operations,m/s/s,-3.5,3.5,,,Advanced,,,False,True,,,apm.pdef.json (@Param metadata)
INS5_ACCOFFS_Y,Accelerometer offsets of Y axis,Accelerometer offsets of Y axis. This is setup using the acceleration calibration or level operations,m/s/s,-3.5,3.5,,,Advanced,,,False,True,,,apm.pdef.json (@Param metadata)
INS5_ACCOFFS_Z,Accelerometer offsets of Z axis,Accelerometer offsets of Z axis. This is setup using the acceleration calibration or level operations,m/s/s,-3.5,3.5,,,Advanced,,,False,True,,,apm.pdef.json (@Param metadata)
INS5_ACCSCAL_X,Accelerometer scaling of X axis,Accelerometer scaling of X axis. Calculated during acceleration calibration routine,,0.8,1.2,,,Advanced,,,False,True,,,apm.pdef.json (@Param metadata)
INS5_ACCSCAL_Y,Accelerometer scaling of Y axis,Accelerometer scaling of Y axis Calculated during acceleration calibration routine,,0.8,1.2,,,Advanced,,,False,True,,,apm.pdef.json (@Param metadata)
INS5_ACCSCAL_Z,Accelerometer scaling of Z axis,Accelerometer scaling of Z axis Calculated during acceleration calibration routine,,0.8,1.2,,,Advanced,,,False,True,,,apm.pdef.json (@Param metadata)
INS5_ACC_CALTEMP,Calibration temperature for accelerometer,Temperature that the accelerometer was calibrated at,degC,,,,,Advanced,,,False,True,,,apm.pdef.json (@Param metadata)
INS5_ACC_ID,Accelerometer ID,"Accelerometer sensor ID, taking into account its type, bus and instance",,,,,,Advanced,,,False,True,,,apm.pdef.json (@Param metadata)
INS5_GYROFFS_X,Gyro offsets of X axis,Gyro sensor offsets of X axis. This is setup on each boot during gyro calibrations,rad/s,,,,,Advanced,,,False,True,,,apm.pdef.json (@Param metadata)
INS5_GYROFFS_Y,Gyro offsets of Y axis,Gyro sensor offsets of Y axis. This is setup on each boot during gyro calibrations,rad/s,,,,,Advanced,,,False,True,,,apm.pdef.json (@Param metadata)
INS5_GYROFFS_Z,Gyro offsets of Z axis,Gyro sensor offsets of Z axis. This is setup on each boot during gyro calibrations,rad/s,,,,,Advanced,,,False,True,,,apm.pdef.json (@Param metadata)
INS5_GYR_CALTEMP,Calibration temperature for gyroscope,Temperature that the gyroscope was calibrated at,degC,,,,,Advanced,,,False,True,,,apm.pdef.json (@Param metadata)
INS5_GYR_ID,Gyro ID,"Gyro sensor ID, taking into account its type, bus and instance",,,,,,Advanced,,,False,True,,,apm.pdef.json (@Param metadata)
INS5_POS_X,IMU accelerometer X position,"X position of the first IMU Accelerometer in body frame. Positive X is forward of the origin. Attention: The IMU should be located as close to the vehicle c.g. as practical so that the value of this parameter is minimised. Failure to do so can result in noisy navigation velocity measurements due to vibration and IMU gyro noise. If the IMU cannot be moved and velocity noise is a problem, a location closer to the IMU can be used as the body frame origin.",m,-5,5,,,Advanced,,,False,True,,,apm.pdef.json (@Param metadata)
INS5_POS_Y,IMU accelerometer Y position,"Y position of the first IMU accelerometer in body frame. Positive Y is to the right of the origin. Attention: The IMU should be located as close to the vehicle c.g. as practical so that the value of this parameter is minimised. Failure to do so can result in noisy navigation velocity measurements due to vibration and IMU gyro noise. If the IMU cannot be moved and velocity noise is a problem, a location closer to the IMU can be used as the body frame origin.",m,-5,5,,,Advanced,,,False,True,,,apm.pdef.json (@Param metadata)
INS5_POS_Z,IMU accelerometer Z position,"Z position of the first IMU accelerometer in body frame. Positive Z is down from the origin. Attention: The IMU should be located as close to the vehicle c.g. as practical so that the value of this parameter is minimised. Failure to do so can result in noisy navigation velocity measurements due to vibration and IMU gyro noise. If the IMU cannot be moved and velocity noise is a problem, a location closer to the IMU can be used as the body frame origin.",m,-5,5,,,Advanced,,,False,True,,,apm.pdef.json (@Param metadata)
INS5_TCAL_ENABLE,Enable temperature calibration,"Enable the use of temperature calibration parameters for this IMU. For automatic learning set to 2 and also set the INS_TCALn_TMAX to the target temperature, then reboot",,,,"0:Disabled, 1:Enabled, 2:LearnCalibration",,Advanced,True,,False,True,,,apm.pdef.json (@Param metadata)
INS5_USE,"Use first IMU for attitude, velocity and position estimates","Use first IMU for attitude, velocity and position estimates",,,,"0:Disabled, 1:Enabled",,Advanced,,,False,True,,,apm.pdef.json (@Param metadata)
INS_ACC1_CALTEMP,Calibration temperature for 1st accelerometer,Temperature that the 1st accelerometer was calibrated at,degC,,,,,Advanced,,,False,True,,,apm.pdef.json (@Param metadata)
INS_ACC2OFFS_X,Accelerometer2 offsets of X axis,Accelerometer2 offsets of X axis. This is setup using the acceleration calibration or level operations,m/s/s,-3.5,3.5,,,Advanced,,,False,True,,,apm.pdef.json (@Param metadata)
INS_ACC2OFFS_Y,Accelerometer2 offsets of Y axis,Accelerometer2 offsets of Y axis. This is setup using the acceleration calibration or level operations,m/s/s,-3.5,3.5,,,Advanced,,,False,True,,,apm.pdef.json (@Param metadata)
INS_ACC2OFFS_Z,Accelerometer2 offsets of Z axis,Accelerometer2 offsets of Z axis. This is setup using the acceleration calibration or level operations,m/s/s,-3.5,3.5,,,Advanced,,,False,True,,,apm.pdef.json (@Param metadata)
INS_ACC2SCAL_X,Accelerometer2 scaling of X axis,Accelerometer2 scaling of X axis. Calculated during acceleration calibration routine,,0.8,1.2,,,Advanced,,,False,True,,,apm.pdef.json (@Param metadata)
INS_ACC2SCAL_Y,Accelerometer2 scaling of Y axis,Accelerometer2 scaling of Y axis Calculated during acceleration calibration routine,,0.8,1.2,,,Advanced,,,False,True,,,apm.pdef.json (@Param metadata)
INS_ACC2SCAL_Z,Accelerometer2 scaling of Z axis,Accelerometer2 scaling of Z axis Calculated during acceleration calibration routine,,0.8,1.2,,,Advanced,,,False,True,,,apm.pdef.json (@Param metadata)
INS_ACC2_CALTEMP,Calibration temperature for 2nd accelerometer,Temperature that the 2nd accelerometer was calibrated at,degC,,,,,Advanced,,,False,True,,,apm.pdef.json (@Param metadata)
INS_ACC2_ID,Accelerometer2 ID,"Accelerometer2 sensor ID, taking into account its type, bus and instance",,,,,,Advanced,,,False,True,,,apm.pdef.json (@Param metadata)
INS_ACC3OFFS_X,Accelerometer3 offsets of X axis,Accelerometer3 offsets of X axis. This is setup using the acceleration calibration or level operations,m/s/s,-3.5,3.5,,,Advanced,,,False,True,,,apm.pdef.json (@Param metadata)
INS_ACC3OFFS_Y,Accelerometer3 offsets of Y axis,Accelerometer3 offsets of Y axis. This is setup using the acceleration calibration or level operations,m/s/s,-3.5,3.5,,,Advanced,,,False,True,,,apm.pdef.json (@Param metadata)
INS_ACC3OFFS_Z,Accelerometer3 offsets of Z axis,Accelerometer3 offsets of Z axis. This is setup using the acceleration calibration or level operations,m/s/s,-3.5,3.5,,,Advanced,,,False,True,,,apm.pdef.json (@Param metadata)
INS_ACC3SCAL_X,Accelerometer3 scaling of X axis,Accelerometer3 scaling of X axis. Calculated during acceleration calibration routine,,0.8,1.2,,,Advanced,,,False,True,,,apm.pdef.json (@Param metadata)
INS_ACC3SCAL_Y,Accelerometer3 scaling of Y axis,Accelerometer3 scaling of Y axis Calculated during acceleration calibration routine,,0.8,1.2,,,Advanced,,,False,True,,,apm.pdef.json (@Param metadata)
INS_ACC3SCAL_Z,Accelerometer3 scaling of Z axis,Accelerometer3 scaling of Z axis Calculated during acceleration calibration routine,,0.8,1.2,,,Advanced,,,False,True,,,apm.pdef.json (@Param metadata)
INS_ACC3_CALTEMP,Calibration temperature for 3rd accelerometer,Temperature that the 3rd accelerometer was calibrated at,degC,,,,,Advanced,,,False,True,,,apm.pdef.json (@Param metadata)
INS_ACC3_ID,Accelerometer3 ID,"Accelerometer3 sensor ID, taking into account its type, bus and instance",,,,,,Advanced,,,False,True,,,apm.pdef.json (@Param metadata)
INS_ACCEL_FILTER,Accel filter cutoff frequency,Filter cutoff frequency for accelerometers. This can be set to a lower value to try to cope with very high vibration levels in aircraft. A value of zero means no filtering (not recommended!),Hz,0,256,,,Advanced,,10,True,True,,,apm.pdef.json (@Param metadata)
INS_ACCOFFS_X,Accelerometer offsets of X axis,Accelerometer offsets of X axis. This is setup using the acceleration calibration or level operations,m/s/s,-3.5,3.5,,,Advanced,,,False,True,,,apm.pdef.json (@Param metadata)
INS_ACCOFFS_Y,Accelerometer offsets of Y axis,Accelerometer offsets of Y axis. This is setup using the acceleration calibration or level operations,m/s/s,-3.5,3.5,,,Advanced,,,False,True,,,apm.pdef.json (@Param metadata)
INS_ACCOFFS_Z,Accelerometer offsets of Z axis,Accelerometer offsets of Z axis. This is setup using the acceleration calibration or level operations,m/s/s,-3.5,3.5,,,Advanced,,,False,True,,,apm.pdef.json (@Param metadata)
INS_ACCSCAL_X,Accelerometer scaling of X axis,Accelerometer scaling of X axis. Calculated during acceleration calibration routine,,0.8,1.2,,,Advanced,,,False,True,,,apm.pdef.json (@Param metadata)
INS_ACCSCAL_Y,Accelerometer scaling of Y axis,Accelerometer scaling of Y axis Calculated during acceleration calibration routine,,0.8,1.2,,,Advanced,,,False,True,,,apm.pdef.json (@Param metadata)
INS_ACCSCAL_Z,Accelerometer scaling of Z axis,Accelerometer scaling of Z axis Calculated during acceleration calibration routine,,0.8,1.2,,,Advanced,,,False,True,,,apm.pdef.json (@Param metadata)
INS_ACC_BODYFIX,Body-fixed accelerometer,The body-fixed accelerometer to be used for trim calculation,,,,"1:IMU 1, 2:IMU 2, 3:IMU 3",,Advanced,,2,True,True,,,apm.pdef.json (@Param metadata)
INS_ACC_ID,Accelerometer ID,"Accelerometer sensor ID, taking into account its type, bus and instance",,,,,,Advanced,,,False,True,,,apm.pdef.json (@Param metadata)
INS_ENABLE_MASK,IMU enable mask,Bitmask of IMUs to enable. It can be used to prevent startup of specific detected IMUs,,,,,"0:FirstIMU, 1:SecondIMU, 2:ThirdIMU, 3:FourthIMU, 4:FifthIMU, 5:SixthIMU, 6:SeventhIMU",Advanced,,127,True,True,,,apm.pdef.json (@Param metadata)
INS_FAST_SAMPLE,Fast sampling mask,"Mask of IMUs to enable fast sampling on, if available",,,,,"0:FirstIMU, 1:SecondIMU, 2:ThirdIMU",Advanced,,7,True,True,,,apm.pdef.json (@Param metadata)
INS_GYR1_CALTEMP,Calibration temperature for 1st gyroscope,Temperature that the 1st gyroscope was calibrated at,degC,,,,,Advanced,,,False,True,,,apm.pdef.json (@Param metadata)
INS_GYR2OFFS_X,Gyro2 offsets of X axis,Gyro2 sensor offsets of X axis. This is setup on each boot during gyro calibrations,rad/s,,,,,Advanced,,,False,True,,,apm.pdef.json (@Param metadata)
INS_GYR2OFFS_Y,Gyro2 offsets of Y axis,Gyro2 sensor offsets of Y axis. This is setup on each boot during gyro calibrations,rad/s,,,,,Advanced,,,False,True,,,apm.pdef.json (@Param metadata)
INS_GYR2OFFS_Z,Gyro2 offsets of Z axis,Gyro2 sensor offsets of Z axis. This is setup on each boot during gyro calibrations,rad/s,,,,,Advanced,,,False,True,,,apm.pdef.json (@Param metadata)
INS_GYR2_CALTEMP,Calibration temperature for 2nd gyroscope,Temperature that the 2nd gyroscope was calibrated at,degC,,,,,Advanced,,,False,True,,,apm.pdef.json (@Param metadata)
INS_GYR2_ID,Gyro2 ID,"Gyro2 sensor ID, taking into account its type, bus and instance",,,,,,Advanced,,,False,True,,,apm.pdef.json (@Param metadata)
INS_GYR3OFFS_X,Gyro3 offsets of X axis,Gyro3 sensor offsets of X axis. This is setup on each boot during gyro calibrations,rad/s,,,,,Advanced,,,False,True,,,apm.pdef.json (@Param metadata)
INS_GYR3OFFS_Y,Gyro3 offsets of Y axis,Gyro3 sensor offsets of Y axis. This is setup on each boot during gyro calibrations,rad/s,,,,,Advanced,,,False,True,,,apm.pdef.json (@Param metadata)
INS_GYR3OFFS_Z,Gyro3 offsets of Z axis,Gyro3 sensor offsets of Z axis. This is setup on each boot during gyro calibrations,rad/s,,,,,Advanced,,,False,True,,,apm.pdef.json (@Param metadata)
INS_GYR3_CALTEMP,Calibration temperature for 3rd gyroscope,Temperature that the 3rd gyroscope was calibrated at,degC,,,,,Advanced,,,False,True,,,apm.pdef.json (@Param metadata)
INS_GYR3_ID,Gyro3 ID,"Gyro3 sensor ID, taking into account its type, bus and instance",,,,,,Advanced,,,False,True,,,apm.pdef.json (@Param metadata)
INS_GYROFFS_X,Gyro offsets of X axis,Gyro sensor offsets of X axis. This is setup on each boot during gyro calibrations,rad/s,,,,,Advanced,,,False,True,,,apm.pdef.json (@Param metadata)
INS_GYROFFS_Y,Gyro offsets of Y axis,Gyro sensor offsets of Y axis. This is setup on each boot during gyro calibrations,rad/s,,,,,Advanced,,,False,True,,,apm.pdef.json (@Param metadata)
INS_GYROFFS_Z,Gyro offsets of Z axis,Gyro sensor offsets of Z axis. This is setup on each boot during gyro calibrations,rad/s,,,,,Advanced,,,False,True,,,apm.pdef.json (@Param metadata)
INS_GYRO_FILTER,Gyro filter cutoff frequency,Filter cutoff frequency for gyroscopes. This can be set to a lower value to try to cope with very high vibration levels in aircraft. A value of zero means no filtering (not recommended!),Hz,0,256,,,Advanced,,25,True,True,,,apm.pdef.json (@Param metadata)
INS_GYRO_RATE,Gyro rate for IMUs with Fast Sampling enabled,Gyro rate for IMUs with fast sampling enabled. The gyro rate is the sample rate at which the IMU filters operate and needs to be at least double the maximum filter frequency. If the sensor does not support the selected rate the next highest supported rate will be used. For IMUs which do not support fast sampling this setting is ignored and the default gyro rate of 1Khz is used.,,,,"0:1kHz, 1:2kHz, 2:4kHz, 3:8kHz",,Advanced,True,1,True,True,,,apm.pdef.json (@Param metadata)
INS_GYR_CAL,Gyro Calibration scheme,Conrols when automatic gyro calibration is performed,,,,"0:Never, 1:Start-up only",,Advanced,,1,True,True,,,apm.pdef.json (@Param metadata)
INS_GYR_ID,Gyro ID,"Gyro sensor ID, taking into account its type, bus and instance",,,,,,Advanced,,,False,True,,,apm.pdef.json (@Param metadata)
INS_HNTC2_ENABLE,Harmonic Notch Filter enable,Harmonic Notch Filter enable,,,,"0:Disabled, 1:Enabled",,Advanced,,0,True,True,,,apm.pdef.json (@Param metadata)
INS_HNTCH_ATT,Harmonic Notch Filter attenuation,Harmonic Notch Filter attenuation in dB. Values greater than 40dB will typically produce a hard notch rather than a modest attenuation of motor noise.,dB,5,50,,,Advanced,,40,True,True,,,apm.pdef.json (@Param metadata)
INS_HNTCH_BW,Harmonic Notch Filter bandwidth,Harmonic Notch Filter bandwidth in Hz. This is typically set to half the base frequency. The ratio of base frequency to bandwidth determines the notch quality factor and is fixed across harmonics.,Hz,5,250,,,Advanced,,40,True,True,,,apm.pdef.json (@Param metadata)
INS_HNTCH_ENABLE,Harmonic Notch Filter enable,Harmonic Notch Filter enable,,,,"0:Disabled, 1:Enabled",,Advanced,,1,True,True,,,apm.pdef.json (@Param metadata)
INS_HNTCH_FM_RAT,Throttle notch min freqency ratio,The minimum ratio below the configured frequency to take throttle based notch filters when flying at a throttle level below the reference throttle. Note that lower frequency notch filters will have more phase lag. If you want throttle based notch filtering to be effective at a throttle up to 30% below the configured notch frequency then set this parameter to 0.7. The default of 1.0 means the notch will not go below the frequency in the FREQ parameter.,,0.1,1.0,,,Advanced,,0.7,True,True,,,apm.pdef.json (@Param metadata)
INS_HNTCH_FREQ,Harmonic Notch Filter base frequency,"Harmonic Notch Filter base center frequency in Hz. This is the center frequency for static notches, the center frequency for Throttle based notches at the reference thrust value, and the minimum limit of center frequency variation for all other notch types. This should always be set lower than half the backend gyro rate (which is typically 1Khz).",Hz,10,495,,,Advanced,,50,True,True,,,apm.pdef.json (@Param metadata)
INS_HNTCH_HMNCS,Harmonic Notch Filter harmonics,Bitmask of harmonic frequencies to apply Harmonic Notch Filter to. This option takes effect on the next reboot. A value of 0 disables this filter. The first harmonic refers to the base frequency.,,,,,"0:1st harmonic, 1:2nd harmonic, 2:3rd harmonic, 3:4th harmonic, 4:5th harmonic, 5:6th harmonic, 6:7th harmonic, 7:8th harmonic, 8:9th harmonic, 9:10th harmonic, 10:11th harmonic, 11:12th harmonic, 12:13th harmonic, 13:14th harmonic, 14:15th harmonic, 15:16th harmonic",Advanced,True,3,True,True,,,apm.pdef.json (@Param metadata)
INS_HNTCH_MODE,Harmonic Notch Filter dynamic frequency tracking mode,"Harmonic Notch Filter dynamic frequency tracking mode. Dynamic updates can be throttle, RPM sensor, ESC telemetry or dynamic FFT based. Throttle-based harmonic notch cannot be used on fixed wing only planes. It can for Copters, QuaadPlane(while in VTOL modes), and Rovers.",,0,5,"0:Fixed, 1:Throttle, 2:RPM Sensor, 3:ESC Telemetry, 4:Dynamic FFT, 5:Second RPM Sensor",,Advanced,,1,True,True,,,apm.pdef.json (@Param metadata)
INS_HNTCH_OPTS,Harmonic Notch Filter options,"Harmonic Notch Filter options. Triple and double-notches can provide deeper attenuation across a wider bandwidth with reduced latency than single notches and are suitable for larger aircraft. Multi-Source attaches a harmonic notch to each detected noise frequency instead of simply being multiples of the base frequency, in the case of FFT it will attach notches to each of three detected noise peaks, in the case of ESC it will attach notches to each of four motor RPM values. Loop rate update changes the notch center frequency at the scheduler loop rate rather than at the default of 200Hz. If both double and triple notches are specified only double notches will take effect.",,,,,"0:Double notch, 1:Multi-Source, 2:Update at loop rate, 3:EnableOnAllIMUs, 4:Triple notch, 5:Use min freq on RPM source failure",Advanced,True,0,True,True,,,apm.pdef.json (@Param metadata)
INS_HNTCH_REF,Harmonic Notch Filter reference value,"A reference value of zero disables dynamic updates on the Harmonic Notch Filter and a positive value enables dynamic updates on the Harmonic Notch Filter. For throttle-based scaling, this parameter is the reference value associated with the specified frequency to facilitate frequency scaling of the Harmonic Notch Filter. For RPM and ESC telemetry based tracking, this parameter is set to 1 to enable the Harmonic Notch Filter using the RPM sensor or ESC telemetry set to measure rotor speed. The sensor data is converted to Hz automatically for use in the Harmonic Notch Filter. This reference value may also be used to scale the sensor data, if required. For example, rpm sensor data is required to measure heli motor RPM. Therefore the reference value can be used to scale the RPM sensor to the rotor RPM.",,0.0,1.0,,,Advanced,True,0.2,True,True,,,apm.pdef.json (@Param metadata)
INS_LOG_BAT_CNT,sample count per batch,Number of samples to take when logging streams of IMU sensor readings. Will be rounded down to a multiple of 32. This option takes effect on the next reboot.,,,,,,Advanced,True,1024,True,True,,,apm.pdef.json (@Param metadata)
INS_LOG_BAT_LGCT,logging count,Number of samples to push to count every INS_LOG_BAT_LGIN,,,,,,,,32,True,True,,,apm.pdef.json (@Param metadata)
INS_LOG_BAT_LGIN,logging interval,Interval between pushing samples to the AP_Logger log,ms,,,,,,,20,True,True,,,apm.pdef.json (@Param metadata)
INS_LOG_BAT_MASK,Sensor Bitmask,Bitmap of which IMUs to log batch data for. This option takes effect on the next reboot.,,,,,"0:IMU1, 1:IMU2, 2:IMU3",Advanced,True,0,True,True,,,apm.pdef.json (@Param metadata)
INS_LOG_BAT_OPT,Batch Logging Options Mask,Options for the BatchSampler.,,,,,"0:Sensor-Rate Logging (sample at full sensor rate seen by AP), 1:Sample post-filtering, 2:Sample pre- and post-filter",Advanced,,0,True,True,,,apm.pdef.json (@Param metadata)
INS_POS1_X,IMU accelerometer X position,"X position of the first IMU Accelerometer in body frame. Positive X is forward of the origin. Attention: The IMU should be located as close to the vehicle c.g. as practical so that the value of this parameter is minimised. Failure to do so can result in noisy navigation velocity measurements due to vibration and IMU gyro noise. If the IMU cannot be moved and velocity noise is a problem, a location closer to the IMU can be used as the body frame origin.",m,-5,5,,,Advanced,,0,True,True,,,apm.pdef.json (@Param metadata)
INS_POS1_Y,IMU accelerometer Y position,"Y position of the first IMU accelerometer in body frame. Positive Y is to the right of the origin. Attention: The IMU should be located as close to the vehicle c.g. as practical so that the value of this parameter is minimised. Failure to do so can result in noisy navigation velocity measurements due to vibration and IMU gyro noise. If the IMU cannot be moved and velocity noise is a problem, a location closer to the IMU can be used as the body frame origin.",m,-5,5,,,Advanced,,0,True,True,,,apm.pdef.json (@Param metadata)
INS_POS1_Z,IMU accelerometer Z position,"Z position of the first IMU accelerometer in body frame. Positive Z is down from the origin. Attention: The IMU should be located as close to the vehicle c.g. as practical so that the value of this parameter is minimised. Failure to do so can result in noisy navigation velocity measurements due to vibration and IMU gyro noise. If the IMU cannot be moved and velocity noise is a problem, a location closer to the IMU can be used as the body frame origin.",m,-5,5,,,Advanced,,0,True,True,,,apm.pdef.json (@Param metadata)
INS_POS2_X,IMU accelerometer X position,"X position of the second IMU accelerometer in body frame. Positive X is forward of the origin. Attention: The IMU should be located as close to the vehicle c.g. as practical so that the value of this parameter is minimised. Failure to do so can result in noisy navigation velocity measurements due to vibration and IMU gyro noise. If the IMU cannot be moved and velocity noise is a problem, a location closer to the IMU can be used as the body frame origin.",m,-5,5,,,Advanced,,0,True,True,,,apm.pdef.json (@Param metadata)
INS_POS2_Y,IMU accelerometer Y position,"Y position of the second IMU accelerometer in body frame. Positive Y is to the right of the origin. Attention: The IMU should be located as close to the vehicle c.g. as practical so that the value of this parameter is minimised. Failure to do so can result in noisy navigation velocity measurements due to vibration and IMU gyro noise. If the IMU cannot be moved and velocity noise is a problem, a location closer to the IMU can be used as the body frame origin.",m,-5,5,,,Advanced,,0,True,True,,,apm.pdef.json (@Param metadata)
INS_POS2_Z,IMU accelerometer Z position,"Z position of the second IMU accelerometer in body frame. Positive Z is down from the origin. Attention: The IMU should be located as close to the vehicle c.g. as practical so that the value of this parameter is minimised. Failure to do so can result in noisy navigation velocity measurements due to vibration and IMU gyro noise. If the IMU cannot be moved and velocity noise is a problem, a location closer to the IMU can be used as the body frame origin.",m,-5,5,,,Advanced,,0,True,True,,,apm.pdef.json (@Param metadata)
INS_POS3_X,IMU accelerometer X position,"X position of the third IMU accelerometer in body frame. Positive X is forward of the origin. Attention: The IMU should be located as close to the vehicle c.g. as practical so that the value of this parameter is minimised. Failure to do so can result in noisy navigation velocity measurements due to vibration and IMU gyro noise. If the IMU cannot be moved and velocity noise is a problem, a location closer to the IMU can be used as the body frame origin.",m,-10,10,,,Advanced,,0,True,True,,,apm.pdef.json (@Param metadata)
INS_POS3_Y,IMU accelerometer Y position,"Y position of the third IMU accelerometer in body frame. Positive Y is to the right of the origin. Attention: The IMU should be located as close to the vehicle c.g. as practical so that the value of this parameter is minimised. Failure to do so can result in noisy navigation velocity measurements due to vibration and IMU gyro noise. If the IMU cannot be moved and velocity noise is a problem, a location closer to the IMU can be used as the body frame origin.",m,-5,5,,,Advanced,,0,True,True,,,apm.pdef.json (@Param metadata)
INS_POS3_Z,IMU accelerometer Z position,"Z position of the third IMU accelerometer in body frame. Positive Z is down from the origin. Attention: The IMU should be located as close to the vehicle c.g. as practical so that the value of this parameter is minimised. Failure to do so can result in noisy navigation velocity measurements due to vibration and IMU gyro noise. If the IMU cannot be moved and velocity noise is a problem, a location closer to the IMU can be used as the body frame origin.",m,-5,5,,,Advanced,,0,True,True,,,apm.pdef.json (@Param metadata)
INS_RAW_LOG_OPT,Raw logging options,Raw logging options bitmask,,,,,"0:Log primary gyro only, 1:Log all gyros, 2:Post filter, 3:Pre and post filter",Advanced,,0,True,True,,,apm.pdef.json (@Param metadata)
INS_STILL_THRESH,Stillness threshold for detecting if we are moving,"Threshold to tolerate vibration to determine if vehicle is motionless. This depends on the frame type and if there is a constant vibration due to motors before launch or after landing. Total motionless is about 0.05. Suggested values: Planes/rover use 0.1, multirotors use 1, tradHeli uses 5",,0.05,50,,,Advanced,,2.5,True,True,,,apm.pdef.json (@Param metadata)
INS_TCAL1_ENABLE,Enable temperature calibration,"Enable the use of temperature calibration parameters for this IMU. For automatic learning set to 2 and also set the INS_TCALn_TMAX to the target temperature, then reboot",,,,"0:Disabled, 1:Enabled, 2:LearnCalibration",,Advanced,True,0,True,True,,,apm.pdef.json (@Param metadata)
INS_TCAL2_ENABLE,Enable temperature calibration,"Enable the use of temperature calibration parameters for this IMU. For automatic learning set to 2 and also set the INS_TCALn_TMAX to the target temperature, then reboot",,,,"0:Disabled, 1:Enabled, 2:LearnCalibration",,Advanced,True,0,True,True,,,apm.pdef.json (@Param metadata)
INS_TCAL3_ENABLE,Enable temperature calibration,"Enable the use of temperature calibration parameters for this IMU. For automatic learning set to 2 and also set the INS_TCALn_TMAX to the target temperature, then reboot",,,,"0:Disabled, 1:Enabled, 2:LearnCalibration",,Advanced,True,0,True,True,,,apm.pdef.json (@Param metadata)
INS_TCAL_OPTIONS,Options for temperature calibration,This enables optional temperature calibration features. Setting of the Persist bits will save the temperature and/or accelerometer calibration parameters in the bootloader sector on the next update of the bootloader.,,,,,"0:PersistTemps, 1:PersistAccels",Advanced,,0,True,True,,,apm.pdef.json (@Param metadata)
INS_TRIM_OPTION,Accel cal trim option,Specifies how the accel cal routine determines the trims,,,,"0:Don't adjust the trims, 1:Assume first orientation was level, 2:Assume ACC_BODYFIX is perfectly aligned to the vehicle",,Advanced,,1,True,True,,,apm.pdef.json (@Param metadata)
INS_USE,"Use first IMU for attitude, velocity and position estimates","Use first IMU for attitude, velocity and position estimates",,,,"0:Disabled, 1:Enabled",,Advanced,,1,True,True,,,apm.pdef.json (@Param metadata)
INS_USE2,"Use second IMU for attitude, velocity and position estimates","Use second IMU for attitude, velocity and position estimates",,,,"0:Disabled, 1:Enabled",,Advanced,,1,True,True,,,apm.pdef.json (@Param metadata)
INS_USE3,"Use third IMU for attitude, velocity and position estimates","Use third IMU for attitude, velocity and position estimates",,,,"0:Disabled, 1:Enabled",,Advanced,,1,True,True,,,apm.pdef.json (@Param metadata)
KDE_NPOLE,Number of motor poles,Sets the number of motor poles to calculate the correct RPM value,,,,,,,,14,True,True,,,apm.pdef.json (@Param metadata)
LAND_ALT_LOW,Land alt low,Altitude during Landing at which vehicle slows to LAND_SPEED,cm,100,10000,,,Advanced,,1000,False,True,,,apm.pdef.json (@Param metadata)
LAND_REPOSITION,Land repositioning,"Enables user input during LAND mode, the landing phase of RTL, and auto mode landings.",,,,"0:No repositioning, 1:Repositioning",,Advanced,,1,False,True,,,apm.pdef.json (@Param metadata)
LAND_RNG_ALT,Land rangefinder altitude threshold,"Altitude in cm at which rangefinder-based landing speed limiting activates. When the rangefinder detects altitude below this value, descent speed is limited to LAND_RNG_SPD. Set to 0 to disable.",cm,0,2000,,,Standard,,800,False,True,600,2000,apm.pdef.json (@Param metadata)
LAND_RNG_EN,Rangefinder Landing Speed Limit Enable,"When set, the downward rangefinder is used to limit descent speed near the ground (per LAND_RNG_ALT / LAND_RNG_SPD) regardless of whether the rangefinder is enabled for terrain following (RFND_BTN_EN). The rangefinder hardware must still be installed and producing healthy data. Set to 0 to disable the feature entirely.",,,,"0:Disabled, 1:Enabled",,Standard,,1,False,True,,,apm.pdef.json (@Param metadata)
LAND_RNG_SPD,Land rangefinder speed limit,Maximum descent speed in cm/s when rangefinder altitude is below LAND_RNG_ALT. This limits both autonomous and pilot-commanded descent rates to prevent hard landings.,cm/s,30,200,,,Standard,,45,False,True,30,200,apm.pdef.json (@Param metadata)
LAND_SPEED,Land speed,The descent speed for the final stage of landing in cm/s,cm/s,30,200,,,Standard,,50,False,True,20,200,apm.pdef.json (@Param metadata)
LAND_SPEED_HIGH,Land speed high,The descent speed for the first stage of landing in cm/s. If this is zero then WPNAV_SPEED_DN is used,cm/s,0,500,,,Standard,,0,False,True,0,200,apm.pdef.json (@Param metadata)
LGR_ENABLE,Enable landing gear,Enable landing gear control,,,,"0:Disabled, 1:Enabled",,Standard,,0,True,False,,,apm.pdef.json (@Param metadata)
LOG_BACKEND_TYPE,AP_Logger Backend Storage type,Bitmap of what Logger backend types to enable. Block-based logging is available on SITL and boards with dataflash chips. Multiple backends can be selected.,,,,,"0:File, 1:MAVLink, 2:Block",Standard,,1,True,True,,,apm.pdef.json (@Param metadata)
LOG_BITMASK,Log bitmask,Bitmap of what on-board log types to enable. This value is made up of the sum of each of the log types you want to be saved. It is usually best just to enable all basiclog types by setting this to 65535. Note that if you want to reduce log sizes you should consider using LOG_FILE_RATEMAX instead of disabling logging items with this parameter.,,,,,"0:Fast Attitude, 1:Medium Attitude, 2:GPS, 3:System Performance, 4:Control Tuning, 5:Navigation Tuning, 6:RC input, 7:IMU, 8:Mission Commands, 9:Battery Monitor, 10:RC output, 11:Optical Flow, 12:PID, 13:Compass, 15:Camera, 17:Motors, 18:Fast IMU, 19:Raw IMU, 20:Video Stabilization, 21:Fast harmonic notch logging",Standard,,178174,False,True,,,apm.pdef.json (@Param metadata)
LOG_DARM_RATEMAX,Maximum logging rate when disarmed,This sets the maximum rate that streaming log messages will be logged to any backend when disarmed. A value of zero means that the normal backend rate limit is applied.,Hz,0,1000,,,Standard,,0,True,True,,,apm.pdef.json (@Param metadata)
LOG_DISARMED,Enable logging while disarmed,"If LOG_DISARMED is set to 1 then logging will be enabled at all times including when disarmed. Logging before arming can make for very large logfiles but can help a lot when tracking down startup issues and is necessary if logging of EKF replay data is selected via the LOG_REPLAY parameter. If LOG_DISARMED is set to 2, then logging will be enabled when disarmed, but not if a USB connection is detected. This can be used to prevent unwanted data logs being generated when the vehicle is connected via USB for log downloading or parameter changes. If LOG_DISARMED is set to 3 then logging will happen while disarmed, but if the vehicle never arms then the logs using the filesystem backend will be discarded on the next boot.",,,,"0:Disabled, 1:Enabled, 2:Disabled on USB connection, 3:Discard log on reboot if never armed",,Standard,,0,False,True,,,apm.pdef.json (@Param metadata)
LOG_FILE_BUFSIZE,Logging File and Block Backend buffer size max (in kilobytes),"The File and Block backends use a buffer to store data before writing to the block device. Raising this value may reduce ""gaps"" in your SD card logging but increases memory usage. This buffer size may be reduced to free up available memory",kB,4,200,,,Standard,,200,True,True,,,apm.pdef.json (@Param metadata)
LOG_FILE_DSRMROT,Stop logging to current file on disarm,"When set, the current log file is closed when the vehicle is disarmed. If LOG_DISARMED is set then a fresh log will be opened. Applies to the File and Block logging backends.",,,,"0:Disabled, 1:Enabled",,Standard,,1,False,True,,,apm.pdef.json (@Param metadata)
LOG_FILE_MB_FREE,Old logs on the SD card will be deleted to maintain this amount of free space,Set this such that the free space is larger than your largest typical flight log,MB,10,1000,,,Standard,,500,True,True,,,apm.pdef.json (@Param metadata)
LOG_FILE_RATEMAX,Maximum logging rate for file backend,This sets the maximum rate that streaming log messages will be logged to the file backend. A value of zero means that rate limiting is disabled.,Hz,0,1000,,,Standard,,0,False,True,,,apm.pdef.json (@Param metadata)
LOG_FILE_TIMEOUT,Timeout before giving up on file writes,This controls the amount of time before failing writes to a log file cause the file to be closed and logging stopped.,s,,,,,Standard,,5,True,True,,,apm.pdef.json (@Param metadata)
LOG_MAV_BUFSIZE,Maximum AP_Logger MAVLink Backend buffer size,Maximum amount of memory to allocate to AP_Logger-over-mavlink,kB,,,,,Advanced,,8,True,True,,,apm.pdef.json (@Param metadata)
LOG_MAV_RATEMAX,Maximum logging rate for mavlink backend,This sets the maximum rate that streaming log messages will be logged to the mavlink backend. A value of zero means that rate limiting is disabled.,Hz,0,1000,,,Standard,,0,True,True,,,apm.pdef.json (@Param metadata)
LOG_MAX_FILES,Maximum number of log files,This sets the maximum number of log file that will be written on dataflash or sd card before starting to rotate log number. Limit is capped at 500 logs.,,2,500,,,Advanced,True,500,False,True,,,apm.pdef.json (@Param metadata)
LOG_REPLAY,Enable logging of information needed for Replay,If LOG_REPLAY is set to 1 then the EKF2 and EKF3 state estimators will log detailed information needed for diagnosing problems with the Kalman filter. LOG_DISARMED must be set to 1 or 2 or else the log will not contain the pre-flight data required for replay testing of the EKF's. It is suggested that you also raise LOG_FILE_BUFSIZE to give more buffer space for logging and use a high quality microSD card to ensure no sensor data is lost.,,,,"0:Disabled, 1:Enabled",,Standard,,0,True,True,,,apm.pdef.json (@Param metadata)
LOIT_ACC_MAX,Loiter maximum correction acceleration,Loiter maximum correction acceleration in cm/s/s. Higher values cause the copter to correct position errors more aggressively.,cm/s/s,100,981,,,Advanced,,500,False,True,300,800,apm.pdef.json (@Param metadata)
LOIT_ANG_MAX,Loiter pilot angle max,Loiter maximum pilot requested lean angle. Set to zero for 2/3 of PSC_ANGLE_MAX/ANGLE_MAX. The maximum vehicle lean angle is still limited by PSC_ANGLE_MAX/ANGLE_MAX,deg,0,45,,,Advanced,,0,False,True,,,apm.pdef.json (@Param metadata)
LOIT_BRK_ACCEL,Loiter braking acceleration,Loiter braking acceleration in cm/s/s. Higher values stop the copter more quickly when the stick is centered.,cm/s/s,25,250,,,Advanced,,250,False,True,200,400,apm.pdef.json (@Param metadata)
LOIT_BRK_DELAY,Loiter brake start delay (in seconds),Loiter brake start delay (in seconds),s,0,2,,,Advanced,,1,False,True,,,apm.pdef.json (@Param metadata)
LOIT_BRK_JERK,Loiter braking jerk,Loiter braking jerk in cm/s/s/s. Higher values will remove braking faster if the pilot moves the sticks during a braking maneuver.,cm/s/s/s,500,5000,,,Advanced,,500,False,True,300,600,apm.pdef.json (@Param metadata)
LOIT_SPEED,Loiter Horizontal Maximum Speed,Defines the maximum speed in cm/s which the aircraft will travel horizontally while in loiter mode,cm/s,20,3500,,,Standard,,800,False,True,50,2000,apm.pdef.json (@Param metadata)
MIS_LAST_INDEX,Last mission index,Last mission item index saved on disarm. Used to resume mission after power cycle. Automatically managed by system.,,0,32766,,,Advanced,,0,False,True,,,apm.pdef.json (@Param metadata)
MIS_OPTIONS,Mission options bitmask,Bitmask of what options to use in missions.,,,,,"0:Clear Mission on reboot, 2:ContinueAfterLand",Advanced,,0,False,True,,,apm.pdef.json (@Param metadata)
MIS_RESTART,Mission Restart when entering Auto mode,Controls mission starting point when entering Auto mode (either restart from beginning of mission or resume from last command run),,,,"0:Resume Mission, 1:Restart Mission",,Advanced,,0,False,True,,,apm.pdef.json (@Param metadata)
MIS_TOTAL,Total mission commands,The number of mission mission items that has been loaded by the ground station. Do not change this manually.,,0,32766,,,Advanced,,,False,True,,,apm.pdef.json (@Param metadata)
MNT1_DEFLT_MODE,Mount default operating mode,Mount default operating mode on startup and after control is returned from autopilot,,,,"0:Retracted, 1:Neutral, 2:MavLink Targeting, 3:RC Targeting, 4:GPS Point, 5:SysID Target, 6:Home Location",,Standard,,3,False,True,,,apm.pdef.json (@Param metadata)
MNT1_DEVID,Mount Device ID,"Mount device ID, taking into account its type, bus and instance",,,,,,Advanced,,0,True,True,,,apm.pdef.json (@Param metadata)
MNT1_LEAD_PTCH,Mount Pitch stabilization lead time,Servo mount pitch angle output leads the vehicle angle by this amount of time based on current pitch rate. Increase until the servo is responsive but does not overshoot,s,0.0,0.2,,,Standard,,0,True,True,,,apm.pdef.json (@Param metadata)
MNT1_LEAD_RLL,Mount Roll stabilization lead time,Servo mount roll angle output leads the vehicle angle by this amount of time based on current roll rate. Increase until the servo is responsive but does not overshoot,s,0.0,0.2,,,Standard,,0,True,True,,,apm.pdef.json (@Param metadata)
MNT1_NEUTRAL_X,Mount roll angle when in neutral position,Mount roll angle when in neutral position,deg,-180.0,180.0,,,Standard,,0,False,True,,,apm.pdef.json (@Param metadata)
MNT1_NEUTRAL_Y,Mount pitch angle when in neutral position,Mount pitch angle when in neutral position,deg,-180.0,180.0,,,Standard,,0,False,True,,,apm.pdef.json (@Param metadata)
MNT1_NEUTRAL_Z,Mount yaw angle when in neutral position,Mount yaw angle when in neutral position,deg,-180.0,180.0,,,Standard,,0,False,True,,,apm.pdef.json (@Param metadata)
MNT1_OPTIONS,Mount options,Mount options bitmask,,,,,0:RC lock state from previous mode,Standard,,0,False,True,,,apm.pdef.json (@Param metadata)
MNT1_PITCH_MAX,Mount Pitch angle maximum,Mount Pitch angle maximum,deg,-90,90,,,Standard,,20,False,True,,,apm.pdef.json (@Param metadata)
MNT1_PITCH_MIN,Mount Pitch angle minimum,Mount Pitch angle minimum,deg,-90,90,,,Standard,,-90,False,True,,,apm.pdef.json (@Param metadata)
MNT1_RC_RATE,Mount RC Rate,Pilot rate control's maximum rate. Set to zero to use angle control,deg/s,0,90,,,Standard,,90,False,True,,,apm.pdef.json (@Param metadata)
MNT1_RETRACT_X,Mount roll angle when in retracted position,Mount roll angle when in retracted position,deg,-180.0,180.0,,,Standard,,0,False,True,,,apm.pdef.json (@Param metadata)
MNT1_RETRACT_Y,Mount pitch angle when in retracted position,Mount pitch angle when in retracted position,deg,-180.0,180.0,,,Standard,,0,False,True,,,apm.pdef.json (@Param metadata)
MNT1_RETRACT_Z,Mount yaw angle when in retracted position,Mount yaw angle when in retracted position,deg,-180.0,180.0,,,Standard,,0,False,True,,,apm.pdef.json (@Param metadata)
MNT1_ROLL_MAX,Mount Roll angle maximum,Mount Roll angle maximum,deg,-180,180,,,Standard,,30,False,True,,,apm.pdef.json (@Param metadata)
MNT1_ROLL_MIN,Mount Roll angle minimum,Mount Roll angle minimum,deg,-180,180,,,Standard,,-30,False,True,,,apm.pdef.json (@Param metadata)
MNT1_SYSID_DFLT,Mount Target sysID,Default Target sysID for the mount to point to,,,,,,Standard,True,0,False,True,,,apm.pdef.json (@Param metadata)
MNT1_TYPE,Mount Type,Mount Type,,,,"0:None, 1:Servo, 2:3DR Solo, 3:Alexmos Serial, 4:SToRM32 MAVLink, 5:SToRM32 Serial, 6:Gremsy, 7:BrushlessPWM, 8:Siyi, 9:Scripting, 10:Xacti, 11:Viewpro, 12:Topotek, 13:CADDX",,Standard,True,6,False,True,,,apm.pdef.json (@Param metadata)
MNT1_YAW_MAX,Mount Yaw angle maximum,Mount Yaw angle maximum,deg,-180,180,,,Standard,,180,False,True,,,apm.pdef.json (@Param metadata)
MNT1_YAW_MIN,Mount Yaw angle minimum,Mount Yaw angle minimum,deg,-180,180,,,Standard,,-180,False,True,,,apm.pdef.json (@Param metadata)
MNT2_TYPE,Mount Type,Mount Type,,,,"0:None, 1:Servo, 2:3DR Solo, 3:Alexmos Serial, 4:SToRM32 MAVLink, 5:SToRM32 Serial, 6:Gremsy, 7:BrushlessPWM, 8:Siyi, 9:Scripting, 10:Xacti, 11:Viewpro, 12:Topotek, 13:CADDX",,Standard,True,0,True,True,,,apm.pdef.json (@Param metadata)
MOT_BAT_CURR_MAX,Motor Current Max,Maximum current over which maximum throttle is limited (0 = Disabled),A,0,200,,,Advanced,,0,True,True,,,apm.pdef.json (@Param metadata)
MOT_BAT_CURR_TC,Motor Current Max Time Constant,Time constant used to limit the maximum current,s,0,10,,,Advanced,,5,True,True,,,apm.pdef.json (@Param metadata)
MOT_BAT_IDX,Battery compensation index,Which battery monitor should be used for doing compensation,,,,"0:First battery, 1:Second battery",,Advanced,,0,True,True,,,apm.pdef.json (@Param metadata)
MOT_BAT_VOLT_MAX,Battery voltage compensation maximum voltage,"Battery voltage compensation maximum voltage (voltage above this will have no additional scaling effect on thrust). Recommend 4.2 * cell count, 0 = Disabled",V,6,53,,,Advanced,,25.2,True,True,,,apm.pdef.json (@Param metadata)
MOT_BAT_VOLT_MIN,Battery voltage compensation minimum voltage,"Battery voltage compensation minimum voltage (voltage below this will have no additional scaling effect on thrust). Recommend 3.3 * cell count, 0 = Disabled",V,6,42,,,Advanced,,19.8,True,True,,,apm.pdef.json (@Param metadata)
MOT_BOOST_SCALE,Motor boost scale,Booster motor output scaling factor vs main throttle. The output to the BoostThrottle servo will be the main throttle times this scaling factor. A higher scaling factor will put more of the load on the booster motor. A value of 1 will set the BoostThrottle equal to the main throttle.,,0,5,,,Advanced,,0,True,True,,,apm.pdef.json (@Param metadata)
MOT_HOVER_LEARN,Hover Value Learning,Enable/Disable automatic learning of hover throttle,,,,"0:Disabled, 1:Learn, 2:Learn and Save",,Advanced,,2,False,True,,,apm.pdef.json (@Param metadata)
MOT_OPTIONS,Motor options,Motor options,,,,,0:Voltage compensation uses raw voltage,Advanced,,0,True,True,,,apm.pdef.json (@Param metadata)
MOT_PWM_MAX,PWM output maximum,This sets the max PWM value in microseconds that will ever be output to the motors,PWM,0,2000,,,Advanced,,1900,True,True,,,apm.pdef.json (@Param metadata)
MOT_PWM_MIN,PWM output minimum,This sets the min PWM output value in microseconds that will ever be output to the motors,PWM,0,2000,,,Advanced,,1050,True,True,,,apm.pdef.json (@Param metadata)
MOT_PWM_TYPE,Output PWM type,"This selects the output PWM type, allowing for normal PWM continuous output, OneShot, brushed or DShot motor output.PWMRange and PWMAngle are PWM special/rare cases for ESCs that dont calibrate normally (some Sub motors) or where each ESC must have its PWM range set individually using the Servo params instead of PWM_MIN/MAX parameters.",,,,"0:Normal, 1:OneShot, 2:OneShot125, 3:Brushed, 4:DShot150, 5:DShot300, 6:DShot600, 7:DShot1200, 8:PWMRange, 9:PWMAngle",,Advanced,True,0,True,True,,,apm.pdef.json (@Param metadata)
MOT_SAFE_DISARM,Motor PWM output disabled when disarmed,Disables motor PWM output when disarmed,,,,"0:PWM enabled while disarmed, 1:PWM disabled while disarmed",,Advanced,,0,True,True,,,apm.pdef.json (@Param metadata)
MOT_SAFE_TIME,Time taken to disable and enable the motor PWM output when disarmed and armed.,Time taken to disable and enable the motor PWM output when disarmed and armed.,s,0,5,,,Advanced,,1,True,True,,,apm.pdef.json (@Param metadata)
MOT_SLEW_DN_TIME,Output slew time for decreasing throttle,Time in seconds to slew output from full to zero. This is used to limit the rate at which output can change. Range is constrained between 0 and 0.5.,s,0,.5,,,Advanced,,0,True,True,,,apm.pdef.json (@Param metadata)
MOT_SLEW_UP_TIME,Output slew time for increasing throttle,Time in seconds to slew output from zero to full. This is used to limit the rate at which output can change. Range is constrained between 0 and 0.5.,s,0,.5,,,Advanced,,0,True,True,,,apm.pdef.json (@Param metadata)
MOT_SPIN_ARM,Motor Spin armed,Point at which the motors start to spin expressed as a number from 0 to 1 in the entire output range. Should be lower than MOT_SPIN_MIN.,,,,"0.0:Low, 0.1:Default, 0.2:High",,Advanced,,0.11,True,True,,,apm.pdef.json (@Param metadata)
MOT_SPIN_MAX,Motor Spin maximum,Point at which the thrust saturates expressed as a number from 0 to 1 in the entire output range,,,,"0.9:Low, 0.95:Default, 1.0:High",,Advanced,,0.95,True,True,,,apm.pdef.json (@Param metadata)
MOT_SPIN_MIN,Motor Spin minimum,Point at which the thrust starts expressed as a number from 0 to 1 in the entire output range. Should be higher than MOT_SPIN_ARM.,,,,"0.0:Low, 0.15:Default, 0.25:High",,Advanced,,0.14,True,True,,,apm.pdef.json (@Param metadata)
MOT_SPOOL_TIME,Spool up time,Time in seconds to spool up the motors from zero to min throttle.,s,0.05,2,,,Advanced,,0.5,True,True,,,apm.pdef.json (@Param metadata)
MOT_SPOOL_TIM_DN,Spool down time,Time taken to spool down the motors from min to zero throttle. If set to 0 then SPOOL_TIME is used instead.,s,0,2,,,Advanced,,0,True,True,,,apm.pdef.json (@Param metadata)
MOT_THST_EXPO,Thrust Curve Expo,Motor thrust curve exponent (0.0 for linear to 1.0 for second order curve),,-1.0,1.0,,,Advanced,,0.7,True,True,,,apm.pdef.json (@Param metadata)
MOT_THST_HOVER,Thrust Hover Value,Motor thrust needed to hover expressed as a number from 0 to 1,,0.125,0.6875,,,Advanced,,0.201434,True,True,,,apm.pdef.json (@Param metadata)
MOT_YAW_HEADROOM,Matrix Yaw Min,Yaw control is given at least this pwm in microseconds range,PWM,0,500,,,Advanced,,200,True,True,,,apm.pdef.json (@Param metadata)
MSP_OPTIONS,MSP OSD Options,"A bitmask to set some MSP specific options: EnableTelemetryMode-allows ""push"" mode telemetry when only rx line of OSD ic connected to autopilot, EnableBTFLFonts-uses indexes corresponding to Betaflight fonts if OSD uses those instead of ArduPilot fonts.",,,,,"0:EnableTelemetryMode, 1:unused, 2:EnableBTFLFonts",Standard,,0,True,True,,,apm.pdef.json (@Param metadata)
MSP_OSD_NCELLS,Cell count override,Used for average cell voltage calculation,,,,"0:Auto, 1:1, 2:2, 3:3, 4:4, 5:5, 6:6, 7:7, 8:8, 9:9, 10:10, 11:11, 12:12, 13:13, 14:14",,Standard,,0,True,True,,,apm.pdef.json (@Param metadata)
NET_ENABLE,Networking Enable,Networking Enable,,,,"0:Disable, 1:Enable",,Advanced,True,0,True,True,,,apm.pdef.json (@Param metadata)
NET_P1_TYPE,Port type,Port type for network serial port. For the two client types a valid destination IP address must be set. For the two server types either 0.0.0.0 or a local address can be used. The UDP client type will use broadcast if the IP is set to 255.255.255.255 and will use UDP multicast if the IP is in the multicast address range.,,,,"0:Disabled, 1:UDP client, 2:UDP server, 3:TCP client, 4:TCP server",,Advanced,True,0,True,True,,,apm.pdef.json (@Param metadata)
NET_P2_TYPE,Port type,Port type for network serial port. For the two client types a valid destination IP address must be set. For the two server types either 0.0.0.0 or a local address can be used. The UDP client type will use broadcast if the IP is set to 255.255.255.255 and will use UDP multicast if the IP is in the multicast address range.,,,,"0:Disabled, 1:UDP client, 2:UDP server, 3:TCP client, 4:TCP server",,Advanced,True,0,True,True,,,apm.pdef.json (@Param metadata)
NET_P3_TYPE,Port type,Port type for network serial port. For the two client types a valid destination IP address must be set. For the two server types either 0.0.0.0 or a local address can be used. The UDP client type will use broadcast if the IP is set to 255.255.255.255 and will use UDP multicast if the IP is in the multicast address range.,,,,"0:Disabled, 1:UDP client, 2:UDP server, 3:TCP client, 4:TCP server",,Advanced,True,0,True,True,,,apm.pdef.json (@Param metadata)
NET_P4_TYPE,Port type,Port type for network serial port. For the two client types a valid destination IP address must be set. For the two server types either 0.0.0.0 or a local address can be used. The UDP client type will use broadcast if the IP is set to 255.255.255.255 and will use UDP multicast if the IP is in the multicast address range.,,,,"0:Disabled, 1:UDP client, 2:UDP server, 3:TCP client, 4:TCP server",,Advanced,True,0,True,True,,,apm.pdef.json (@Param metadata)
NMEA_MSG_EN,Messages Enable bitmask,This is a bitmask of enabled NMEA messages. All messages will be sent consecutively at the same rate interval,,,,,"0:GPGGA, 1:GPRMC, 2:PASHR",Standard,,3,False,True,,,apm.pdef.json (@Param metadata)
NMEA_RATE_MS,NMEA Output rate,NMEA Output rate. This controls the interval at which all the enabled NMEA messages are sent. Most NMEA systems expect 100ms (10Hz) or slower.,ms,20,2000,,,Standard,,100,False,True,,,apm.pdef.json (@Param metadata)
NTF_BUZZ_ON_LVL,Buzzer-on pin logic level,Specifies pin level that indicates buzzer should play,,,,"0:LowIsOn, 1:HighIsOn",,Advanced,,1,True,False,,,apm.pdef.json (@Param metadata)
NTF_BUZZ_PIN,Buzzer pin,"Enables to connect active buzzer to arbitrary pin. Requires 3-pin buzzer or additional MOSFET! Some the Wiki's ""GPIOs"" page for how to determine the pin number for a given autopilot.",,,,-1:Disabled,,Advanced,,0,True,False,,,apm.pdef.json (@Param metadata)
NTF_BUZZ_TYPES,Buzzer Driver Types,Controls what types of Buzzer will be enabled,,,,,"0:Built-in buzzer, 1:DShot, 2:DroneCAN",Advanced,,5,True,False,,,apm.pdef.json (@Param metadata)
NTF_BUZZ_VOLUME,Buzzer volume,Control the volume of the buzzer,%,0,100,,,,,100,True,False,,,apm.pdef.json (@Param metadata)
NTF_DISPLAY_TYPE,Type of on-board I2C display,This sets up the type of on-board I2C display. Disabled by default.,,,,"0:Disable, 1:ssd1306, 2:sh1106, 10:SITL",,Advanced,,0,True,False,,,apm.pdef.json (@Param metadata)
NTF_LED_BRIGHT,LED Brightness,Select the RGB LED brightness level. When USB is connected brightness will never be higher than low regardless of the setting.,,,,"0:Off, 1:Low, 2:Medium, 3:High",,Advanced,,3,True,False,,,apm.pdef.json (@Param metadata)
NTF_LED_LEN,Serial LED String Length,The number of Serial LED's to use for notifications (NeoPixel's and ProfiLED),,1,32,,,Advanced,True,1,True,False,,,apm.pdef.json (@Param metadata)
NTF_LED_OVERRIDE,Specifies colour source for the RGBLed,"Specifies the source for the colours and brightness for the LED. OutbackChallenge conforms to the MedicalExpress (https://uavchallenge.org/medical-express/) rules, essentially ""Green"" is disarmed (safe-to-approach), ""Red"" is armed (not safe-to-approach). Traffic light is a simplified color set, red when armed, yellow when the safety switch is not surpressing outputs (but disarmed), and green when outputs are surpressed and disarmed, the LED will blink faster if disarmed and failing arming checks.",,,,"0:Standard, 1:MAVLink/Scripting/AP_Periph, 2:OutbackChallenge, 3:TrafficLight",,Advanced,,0,True,False,,,apm.pdef.json (@Param metadata)
NTF_LED_TYPES,LED Driver Types,Controls what types of LEDs will be enabled,,,,,"0:Built-in LED, 1:Internal ToshibaLED, 2:External ToshibaLED, 3:External PCA9685, 4:Oreo LED, 5:DroneCAN, 6:NCP5623 External, 7:NCP5623 Internal, 8:NeoPixel, 9:ProfiLED, 10:Scripting, 11:DShot, 12:ProfiLED_SPI, 13:LP5562 External, 14:LP5562 Internal, 15:IS31FL3195 External, 16:IS31FL3195 Internal, 17:DiscreteRGB, 18:NeoPixelRGB",Advanced,,231,True,False,,,apm.pdef.json (@Param metadata)
NTF_OREO_THEME,OreoLED Theme,"Enable/Disable Solo Oreo LED driver, 0 to disable, 1 for Aircraft theme, 2 for Rover theme",,,,"0:Disabled, 1:Aircraft, 2:Rover",,Advanced,,0,True,False,,,apm.pdef.json (@Param metadata)
OA_TYPE,Object Avoidance Path Planning algorithm to use,Enabled/disable path planning around obstacles,,,,"0:Disabled, 1:BendyRuler, 2:Dijkstra, 3:Dijkstra with BendyRuler",,Standard,,0,True,True,,,apm.pdef.json (@Param metadata)
OSD_TYPE,OSD type,"OSD type. TXONLY makes the OSD parameter selection available to other modules even if there is no native OSD support on the board, for instance CRSF.",,,,"0:None, 1:MAX7456, 2:SITL, 3:MSP, 4:TXONLY, 5:MSP_DISPLAYPORT",,Standard,True,0,True,False,,,apm.pdef.json (@Param metadata)
PILOT_ACCEL_Z,Pilot vertical acceleration,The vertical acceleration used when pilot is controlling the altitude,cm/s/s,50,500,,,Standard,,250,False,True,100,400,apm.pdef.json (@Param metadata)
PILOT_SPEED_DN,Pilot maximum vertical speed descending,The maximum vertical descending velocity the pilot may request in cm/s. If 0 PILOT_SPEED_UP value is used.,cm/s,0,500,,,Standard,,200,False,True,50,300,apm.pdef.json (@Param metadata)
PILOT_SPEED_UP,Pilot maximum vertical speed ascending,The maximum vertical ascending velocity the pilot may request in cm/s,cm/s,50,500,,,Standard,,300,False,True,50,350,apm.pdef.json (@Param metadata)
PILOT_THR_BHV,Throttle stick behavior,"Bitmask containing various throttle stick options. TX with sprung throttle can set PILOT_THR_BHV to ""1"" so motor feedback when landed starts from mid-stick instead of bottom of stick.",,,,,"0:Feedback from mid stick, 1:High throttle cancels landing, 2:Disarm on land detection",Standard,,0,True,True,,,apm.pdef.json (@Param metadata)
PILOT_THR_FILT,Throttle filter cutoff,Throttle filter cutoff (Hz) - active whenever altitude control is inactive - 0 to disable,Hz,0,10,,,Advanced,,0,True,True,,,apm.pdef.json (@Param metadata)
PILOT_TKOFF_ALT,Pilot takeoff altitude,Altitude that altitude control modes will climb to when a takeoff is triggered with the throttle stick.,cm,0.0,1000.0,,,Standard,,0,True,True,,,apm.pdef.json (@Param metadata)
PILOT_Y_EXPO,Pilot controlled yaw expo,Pilot controlled yaw expo to allow faster rotation when stick at edges,,-0.5,1.0,"0:Disabled, 0.1:Very Low, 0.2:Low, 0.3:Medium, 0.4:High, 0.5:Very High",,Advanced,,0,True,True,,,apm.pdef.json (@Param metadata)
PILOT_Y_RATE,Pilot controlled yaw rate,Pilot controlled yaw rate max. Used in all pilot controlled modes except Acro,deg/s,1,360,,,Standard,,60,False,True,30,90,apm.pdef.json (@Param metadata)
PILOT_Y_RATE_TC,Pilot yaw rate control input time constant,"Pilot yaw rate control input time constant. Low numbers lead to sharper response, higher numbers to softer response",s,0,1,"0.05:Very Crisp, 0.1:Crisp, 0.15:Medium, 0.2:Soft, 0.5:Very Soft",,Standard,,0.25,False,True,,,apm.pdef.json (@Param metadata)
PLDP_DELAY,Payload Place climb delay,"Delay after release, in seconds, before aircraft starts to climb back to starting altitude.",s,0,120,,,Standard,,0,True,True,,,apm.pdef.json (@Param metadata)
PLDP_RNG_MAX,Payload Place maximum range finder altitude,"Maximum range finder altitude in m to trigger payload touchdown, set to zero to disable.",m,0,100,,,Standard,,0,True,True,,,apm.pdef.json (@Param metadata)
PLDP_SPEED_DN,Payload Place decent speed,The maximum vertical decent velocity in m/s. If 0 LAND_SPEED value is used.,m/s,0,5,,,Standard,,0,True,True,,,apm.pdef.json (@Param metadata)
PLDP_THRESH,Payload Place thrust ratio threshold,Ratio of vertical thrust during decent below which payload touchdown will trigger.,,0.5,0.9,,,Standard,,0.9,True,True,,,apm.pdef.json (@Param metadata)
PLND_ENABLED,Precision Land enabled/disabled,Precision Land enabled/disabled,,,,"0:Disabled, 1:Enabled",,Advanced,,0,True,False,,,apm.pdef.json (@Param metadata)
PRX1_TYPE,Proximity type,What type of proximity sensor is connected,,,,"0:None, 2:MAVLink, 3:TeraRangerTower, 4:RangeFinder, 5:RPLidarA2, 6:TeraRangerTowerEvo, 7:LightwareSF40c, 8:LightwareSF45B, 10:SITL, 12:AirSimSITL, 13:CygbotD1, 14:DroneCAN, 15:Scripting, 16:LD06, 17:MR72_CAN, 18:HexsoonRadar",,Standard,True,0,True,True,,,apm.pdef.json (@Param metadata)
PRX2_TYPE,Proximity type,What type of proximity sensor is connected,,,,"0:None, 2:MAVLink, 3:TeraRangerTower, 4:RangeFinder, 5:RPLidarA2, 6:TeraRangerTowerEvo, 7:LightwareSF40c, 8:LightwareSF45B, 10:SITL, 12:AirSimSITL, 13:CygbotD1, 14:DroneCAN, 15:Scripting, 16:LD06, 17:MR72_CAN, 18:HexsoonRadar",,Standard,True,0,True,True,,,apm.pdef.json (@Param metadata)
PRX3_TYPE,Proximity type,What type of proximity sensor is connected,,,,"0:None, 2:MAVLink, 3:TeraRangerTower, 4:RangeFinder, 5:RPLidarA2, 6:TeraRangerTowerEvo, 7:LightwareSF40c, 8:LightwareSF45B, 10:SITL, 12:AirSimSITL, 13:CygbotD1, 14:DroneCAN, 15:Scripting, 16:LD06, 17:MR72_CAN, 18:HexsoonRadar",,Standard,True,0,True,True,,,apm.pdef.json (@Param metadata)
PRX4_TYPE,Proximity type,What type of proximity sensor is connected,,,,"0:None, 2:MAVLink, 3:TeraRangerTower, 4:RangeFinder, 5:RPLidarA2, 6:TeraRangerTowerEvo, 7:LightwareSF40c, 8:LightwareSF45B, 10:SITL, 12:AirSimSITL, 13:CygbotD1, 14:DroneCAN, 15:Scripting, 16:LD06, 17:MR72_CAN, 18:HexsoonRadar",,Standard,True,0,True,True,,,apm.pdef.json (@Param metadata)
PRX5_TYPE,Proximity type,What type of proximity sensor is connected,,,,"0:None, 2:MAVLink, 3:TeraRangerTower, 4:RangeFinder, 5:RPLidarA2, 6:TeraRangerTowerEvo, 7:LightwareSF40c, 8:LightwareSF45B, 10:SITL, 12:AirSimSITL, 13:CygbotD1, 14:DroneCAN, 15:Scripting, 16:LD06, 17:MR72_CAN, 18:HexsoonRadar",,Standard,True,0,True,True,,,apm.pdef.json (@Param metadata)
PRX_ALT_MIN,Proximity lowest altitude.,Minimum altitude below which proximity should not work.,m,0,10,,,Advanced,,1,True,True,,,apm.pdef.json (@Param metadata)
PRX_FILT,Proximity filter cutoff frequency,Cutoff frequency for low pass filter applied to each face in the proximity boundary,Hz,0,20,,,Advanced,,0.25,True,True,,,apm.pdef.json (@Param metadata)
PRX_IGN_GND,Proximity sensor land detection,Ignore proximity data that is within 1 meter of the ground below the vehicle. This requires a downward facing rangefinder,,,,"0:Disabled, 1:Enabled",,Standard,,0,True,True,,,apm.pdef.json (@Param metadata)
PRX_LOG_RAW,Proximity raw distances log,Set this parameter to one if logging unfiltered(raw) distances from sensor should be enabled,,,,"0:Off, 1:On",,Advanced,,0,True,True,,,apm.pdef.json (@Param metadata)
PSC_ACCZ_D,Acceleration (vertical) controller D gain,Acceleration (vertical) controller D gain. Compensates for short-term change in desired vertical acceleration vs actual acceleration,,0.000,0.400,,,Standard,,0,True,True,,,apm.pdef.json (@Param metadata)
PSC_ACCZ_D_FF,Accel (vertical) Derivative FeedForward Gain,FF D Gain which produces an output that is proportional to the rate of change of the target,,0,0.02,,,Advanced,,0,True,True,,,apm.pdef.json (@Param metadata)
PSC_ACCZ_FF,Acceleration (vertical) controller feed forward,Acceleration (vertical) controller feed forward,,0,0.5,,,Standard,,0,True,True,,,apm.pdef.json (@Param metadata)
PSC_ACCZ_FLTD,Acceleration (vertical) controller derivative frequency in Hz,Acceleration (vertical) controller derivative frequency in Hz,Hz,1,100,,,Standard,,0,True,True,,,apm.pdef.json (@Param metadata)
PSC_ACCZ_FLTE,Acceleration (vertical) controller error frequency in Hz,Acceleration (vertical) controller error frequency in Hz,Hz,1,100,,,Standard,,20,True,True,,,apm.pdef.json (@Param metadata)
PSC_ACCZ_FLTT,Acceleration (vertical) controller target frequency in Hz,Acceleration (vertical) controller target frequency in Hz,Hz,1,50,,,Standard,,0,True,True,,,apm.pdef.json (@Param metadata)
PSC_ACCZ_I,Acceleration (vertical) controller I gain,Acceleration (vertical) controller I gain. Corrects long-term difference in desired vertical acceleration and actual acceleration,,0.000,3.000,,,Standard,,0.44,True,True,,,apm.pdef.json (@Param metadata)
PSC_ACCZ_IMAX,Acceleration (vertical) controller I gain maximum,Acceleration (vertical) controller I gain maximum. Constrains the maximum pwm that the I term will generate,d%,0,1000,,,Standard,,800,True,True,,,apm.pdef.json (@Param metadata)
PSC_ACCZ_NEF,Accel (vertical) Error notch filter index,Accel (vertical) Error notch filter index,,1,8,,,Advanced,,0,True,True,,,apm.pdef.json (@Param metadata)
PSC_ACCZ_NTF,Accel (vertical) Target notch filter index,Accel (vertical) Target notch filter index,,1,8,,,Advanced,,0,True,True,,,apm.pdef.json (@Param metadata)
PSC_ACCZ_P,Acceleration (vertical) controller P gain,Acceleration (vertical) controller P gain. Converts the difference between desired vertical acceleration and actual acceleration into a motor output,,0.200,1.500,,,Standard,,0.22,True,True,,,apm.pdef.json (@Param metadata)
PSC_ACCZ_PDMX,Acceleration (vertical) controller PD sum maximum,Acceleration (vertical) controller PD sum maximum. The maximum/minimum value that the sum of the P and D term can output,d%,0,1000,,,,,0,True,True,,,apm.pdef.json (@Param metadata)
PSC_ACCZ_SMAX,Accel (vertical) slew rate limit,"Sets an upper limit on the slew rate produced by the combined P and D gains. If the amplitude of the control action produced by the rate feedback exceeds this value, then the D+P gain is reduced to respect the limit. This limits the amplitude of high frequency oscillations caused by an excessive gain. The limit should be set to no more than 25% of the actuators maximum slew rate to allow for load effects. Note: The gain will not be reduced to less than 10% of the nominal value. A value of zero will disable this feature.",,0,200,,,Advanced,,0,True,True,,,apm.pdef.json (@Param metadata)
PSC_ANGLE_MAX,Position Control Angle Max,Maximum lean angle autopilot can request. Set to zero to use ANGLE_MAX parameter value,deg,0,45,,,Advanced,,0,True,True,,,apm.pdef.json (@Param metadata)
PSC_JERK_XY,Jerk limit for the horizontal kinematic input shaping,Jerk limit of the horizontal kinematic path generation used to determine how quickly the aircraft varies the acceleration target,m/s/s/s,1,20,,,Advanced,,5,True,True,,,apm.pdef.json (@Param metadata)
PSC_JERK_Z,Jerk limit for the vertical kinematic input shaping,Jerk limit of the vertical kinematic path generation used to determine how quickly the aircraft varies the acceleration target,m/s/s/s,5,50,,,Advanced,,5,True,True,,,apm.pdef.json (@Param metadata)
PSC_POSXY_P,Position (horizontal) controller P gain,Position controller P gain. Converts the distance (in the latitude direction) to the target location into a desired speed which is then passed to the loiter latitude rate controller,,0.500,2.000,,,Standard,,0.75,True,True,,,apm.pdef.json (@Param metadata)
PSC_POSZ_P,Position (vertical) controller P gain,Position (vertical) controller P gain. Converts the difference between the desired altitude and actual altitude into a climb or descent rate which is passed to the throttle rate controller,,1.000,3.000,,,Standard,,1,True,True,,,apm.pdef.json (@Param metadata)
PSC_VELXY_D,Velocity (horizontal) D gain,Velocity (horizontal) D gain. Corrects short-term changes in velocity,,0.00,1.00,,,Advanced,,0.5,True,True,,,apm.pdef.json (@Param metadata)
PSC_VELXY_FF,Velocity (horizontal) feed forward gain,Velocity (horizontal) feed forward gain. Converts the difference between desired velocity to a target acceleration,,0,6,,,Advanced,,0,True,True,,,apm.pdef.json (@Param metadata)
PSC_VELXY_FLTD,Velocity (horizontal) input filter,Velocity (horizontal) input filter. This filter (in Hz) is applied to the input for D term,Hz,0,100,,,Advanced,,5,True,True,,,apm.pdef.json (@Param metadata)
PSC_VELXY_FLTE,Velocity (horizontal) input filter,Velocity (horizontal) input filter. This filter (in Hz) is applied to the input for P and I terms,Hz,0,100,,,Advanced,,5,True,True,,,apm.pdef.json (@Param metadata)
PSC_VELXY_I,Velocity (horizontal) I gain,Velocity (horizontal) I gain. Corrects long-term difference between desired and actual velocity to a target acceleration,,0.02,1.00,,,Advanced,,0.75,True,True,,,apm.pdef.json (@Param metadata)
PSC_VELXY_IMAX,Velocity (horizontal) integrator maximum,Velocity (horizontal) integrator maximum. Constrains the target acceleration that the I gain will output,cm/s/s,0,4500,,,Advanced,,1000,True,True,,,apm.pdef.json (@Param metadata)
PSC_VELXY_P,Velocity (horizontal) P gain,Velocity (horizontal) P gain. Converts the difference between desired and actual velocity to a target acceleration,,0.1,6.0,,,Advanced,,1.5,True,True,,,apm.pdef.json (@Param metadata)
PSC_VELZ_D,Velocity (vertical) controller D gain,Velocity (vertical) controller D gain. Corrects short-term changes in velocity,,0.00,1.00,,,Advanced,,0,True,True,,,apm.pdef.json (@Param metadata)
PSC_VELZ_FF,Velocity (vertical) controller Feed Forward gain,Velocity (vertical) controller Feed Forward gain. Produces an output that is proportional to the magnitude of the target,,0,1,,,Advanced,,0,True,True,,,apm.pdef.json (@Param metadata)
PSC_VELZ_FLTD,Velocity (vertical) input filter for D term,Velocity (vertical) input filter for D term. This filter (in Hz) is applied to the input for D terms,Hz,0,100,,,Advanced,,5,True,True,,,apm.pdef.json (@Param metadata)
PSC_VELZ_FLTE,Velocity (vertical) error filter,Velocity (vertical) error filter. This filter (in Hz) is applied to the input for P and I terms,Hz,0,100,,,Advanced,,5,True,True,,,apm.pdef.json (@Param metadata)
PSC_VELZ_I,Velocity (vertical) controller I gain,Velocity (vertical) controller I gain. Corrects long-term difference in desired velocity to a target acceleration,,0.02,1.00,,,Advanced,,0,True,True,,,apm.pdef.json (@Param metadata)
PSC_VELZ_IMAX,Velocity (vertical) controller I gain maximum,Velocity (vertical) controller I gain maximum. Constrains the target acceleration that the I gain will output,,1.000,8.000,,,Standard,,1000,True,True,,,apm.pdef.json (@Param metadata)
PSC_VELZ_P,Velocity (vertical) controller P gain,Velocity (vertical) controller P gain. Converts the difference between desired vertical speed and actual speed into a desired acceleration that is passed to the throttle acceleration controller,,1.000,8.000,,,Standard,,8,True,True,,,apm.pdef.json (@Param metadata)
PTRN_ATIME,Accel/Decel Ramp Time,Acceleration and deceleration ramp time. Clamped by the script to 4..20.,s,4,20,,,,,6,False,True,,,Lua applet: ArduCopter/scripts/copter-fly-figure-8-v2.lua
PTRN_CHN1,Primary Trigger RC Channel,RC channel that triggers the primary pattern. Clamped by the script to 5..12.,,5,12,,,,,11,False,True,,,Lua applet: ArduCopter/scripts/copter-fly-figure-8-v2.lua
PTRN_CHN2,Secondary Trigger RC Channel,RC channel that triggers the secondary pattern. Clamped by the script to 5..12.,,5,12,,,,,16,False,True,,,Lua applet: ArduCopter/scripts/copter-fly-figure-8-v2.lua
PTRN_ENABLE,Pattern Script Enable,Master enable for the LiDAR calibration pattern script.,,,,"0:Disabled,1:Enabled",,,,1,False,True,,,Lua applet: ArduCopter/scripts/copter-fly-figure-8-v2.lua
PTRN_PNUM,Vendor Pattern,"Selects the vendor calibration routine. 1=Phoenix LiDAR (CHN1 line->figure-8, CHN2 figure-8->line, seamless at speed); 2=Inertial Labs (CHN1 line accel/cruise/decel -> dwell -> figure-8, CHN2 inactive); 3=YellowScan (CHN1 line -> U-turn, CHN2 inactive). Clamped to 1..3.",,1,3,"1:Phoenix LiDAR,2:Inertial Labs,3:YellowScan",,,,1,False,True,,,Lua applet: ArduCopter/scripts/copter-fly-figure-8-v2.lua
PTRN_RADIUS,Figure-8 Lobe Radius,Radius of each figure-8 lobe. Clamped by the script to 25..150.,m,25,150,,,,,25,False,True,,,Lua applet: ArduCopter/scripts/copter-fly-figure-8-v2.lua
PTRN_SHAPE,Figure-8 Shape,"Figure-8 curve type. 0=Lemniscate of Bernoulli (smooth, continuously varying curvature); 1=Two tangential circles (constant curvature per lobe, curvature reversal at centre crossing). Any other value is treated as 0.",,,,"0:Lemniscate of Bernoulli,1:Two tangential circles",,,,0,False,True,,,Lua applet: ArduCopter/scripts/copter-fly-figure-8-v2.lua
PTRN_SLSPD,Straight Line Speed,Target speed during the straight-line segment. Clamped by the script to 2..12.,m/s,2,12,,,,,6,False,True,,,Lua applet: ArduCopter/scripts/copter-fly-figure-8-v2.lua
PTRN_SLTIME,Straight Line Cruise Time,Cruise duration of the straight-line segment. Clamped by the script to 3..20.,s,3,20,,,,,6,False,True,,,Lua applet: ArduCopter/scripts/copter-fly-figure-8-v2.lua
PTRN_SPEED,Figure-8 Speed,Target speed during the figure-8 / maneuver segments. Clamped by the script to 2..8.,m/s,2,8,,,,,5,False,True,,,Lua applet: ArduCopter/scripts/copter-fly-figure-8-v2.lua
PTRN_TOAUTO,Exit Mode On Completion,"Flight mode entered when the pattern completes. 0=Loiter (await pilot input), 1=Auto (resume mission). Any other value is treated as 0.",,,,"0:Loiter,1:Auto",,,,0,False,True,,,Lua applet: ArduCopter/scripts/copter-fly-figure-8-v2.lua
PTRN_TRIGGER,GCS Pattern Trigger,"GCS-side trigger for the pattern. 0=idle, 1=start the CHN1 pattern, 2=start the CHN2 pattern.",,,,"0:Idle,1:Start CHN1 pattern,2:Start CHN2 pattern",,,,0,False,True,,,Lua applet: ArduCopter/scripts/copter-fly-figure-8-v2.lua
RALLY_INCL_HOME,Rally Include Home,Controls if Home is included as a Rally point (i.e. as a safe landing place) for RTL,,,,"0:DoNotIncludeHome, 1:IncludeHome",,Standard,,1,False,True,,,apm.pdef.json (@Param metadata)
RALLY_LIMIT_KM,Rally Limit,Maximum distance to rally point. If the closest rally point is more than this number of kilometers from the current position and the home location is closer than any of the rally points from the current position then do RTL to home rather than to the closest rally point. This prevents a leftover rally point from a different airfield being used accidentally. If this is set to 0 then the closest rally point is always used.,km,,,,,Advanced,,0.3,False,True,,,apm.pdef.json (@Param metadata)
RALLY_TOTAL,Rally Total,Number of rally points currently loaded,,,,,,Advanced,,,False,True,,,apm.pdef.json (@Param metadata)
RC10_DZ,RC dead-zone,PWM dead zone in microseconds around trim or bottom,PWM,0,200,,,Advanced,,50,False,True,,,apm.pdef.json (@Param metadata)
RC10_MAX,RC max PWM,"RC maximum PWM pulse width in microseconds. Typically 1000 is lower limit, 1500 is neutral and 2000 is upper limit.",PWM,800,2200,,,Advanced,,2000,False,True,,,apm.pdef.json (@Param metadata)
RC10_MIN,RC min PWM,"RC minimum PWM pulse width in microseconds. Typically 1000 is lower limit, 1500 is neutral and 2000 is upper limit.",PWM,800,2200,,,Advanced,,1000,False,True,,,apm.pdef.json (@Param metadata)
RC10_OPTION,RC input option,Function assigned to this RC channel,,,,"0:Do Nothing, 2:FLIP Mode, 3:Simple Mode, 4:RTL, 5:Save Trim, 7:Save WP, 9:Camera Trigger, 10:RangeFinder Enable, 11:Fence Enable, 13:Super Simple Mode, 14:Acro Trainer, 15:Sprayer Enable, 16:AUTO Mode, 17:AUTOTUNE Mode, 18:LAND Mode, 19:Gripper Release, 21:Parachute Enable, 22:Parachute Release, 23:Parachute 3pos, 24:Auto Mission Reset, 25:AttCon Feed Forward, 26:AttCon Accel Limits, 27:Retract Mount1, 28:Relay1 On/Off, 29:Landing Gear, 30:Lost Copter Sound, 31:Motor Emergency Stop, 32:Motor Interlock, 33:BRAKE Mode, 34:Relay2 On/Off, 35:Relay3 On/Off, 36:Relay4 On/Off, 37:THROW Mode, 38:ADSB Avoidance Enable, 39:PrecLoiter Enable, 40:Proximity Avoidance Enable, 41:ArmDisarm (4.1 and lower), 42:SMARTRTL Mode, 43:InvertedFlight Enable, 44:Winch Enable, 45:Winch Control, 46:RC Override Enable, 47:User Function 1, 48:User Function 2, 49:User Function 3, 52:ACRO Mode, 55:GUIDED Mode, 56:LOITER Mode, 57:FOLLOW Mode, 58:Clear Waypoints, 60:ZigZag Mode, 61:ZigZag SaveWP, 62:Compass Learn, 65:GPS Disable, 66:Relay5 On/Off, 67:Relay6 On/Off, 68:STABILIZE Mode, 69:POSHOLD Mode, 70:ALTHOLD Mode, 71:FLOWHOLD Mode, 72:CIRCLE Mode, 73:DRIFT Mode, 75:SurfaceTrackingUpDown, 76:STANDBY Mode, 78:RunCam Control, 79:RunCam OSD Control, 80:VisOdom Align, 81:Disarm, 83:ZigZag Auto, 84:AirMode, 85:Generator, 90:EKF Source Set, 94:VTX Power, 99:AUTO RTL, 100:KillIMU1, 101:KillIMU2, 102:Camera Mode Toggle, 105:GPS Disable Yaw, 109:use Custom Controller, 110:KillIMU3, 112:SwitchExternalAHRS, 113:Retract Mount2, 151:TURTLE Mode, 152:SIMPLE heading reset, 153:ArmDisarm (4.2 and higher), 154:ArmDisarm with AirMode  (4.2 and higher), 158:Optflow Calibration, 159:Force IS_Flying, 161:Turbine Start(heli), 162:FFT Tune, 163:Mount Lock, 164:Pause Stream Logging, 165:Arm/Emergency Motor Stop, 166:Camera Record Video, 167:Camera Zoom, 168:Camera Manual Focus, 169:Camera Auto Focus, 171:Calibrate Compasses, 172:Battery MPPT Enable, 174:Camera Image Tracking, 175:Camera Lens, 177:Mount LRF enable, 178:FlightMode Pause/Resume, 180:Test autotuned gains after tune is complete, 212:Mount1 Roll, 213:Mount1 Pitch, 214:Mount1 Yaw, 215:Mount2 Roll, 216:Mount2 Pitch, 217:Mount2 Yaw, 219:Transmitter Tuning, 300:Scripting1, 301:Scripting2, 302:Scripting3, 303:Scripting4, 304:Scripting5, 305:Scripting6, 306:Scripting7, 307:Scripting8",,Standard,,213,False,True,,,apm.pdef.json (@Param metadata)
RC10_REVERSED,RC reversed,Reverse channel input. Set to 0 for normal operation. Set to 1 to reverse this input channel.,,,,"0:Normal, 1:Reversed",,Advanced,,0,False,True,,,apm.pdef.json (@Param metadata)
RC10_TRIM,RC trim PWM,"RC trim (neutral) PWM pulse width in microseconds. Typically 1000 is lower limit, 1500 is neutral and 2000 is upper limit.",PWM,800,2200,,,Advanced,,1500,False,True,,,apm.pdef.json (@Param metadata)
RC11_DZ,RC dead-zone,PWM dead zone in microseconds around trim or bottom,PWM,0,200,,,Advanced,,0,False,True,,,apm.pdef.json (@Param metadata)
RC11_MAX,RC max PWM,"RC maximum PWM pulse width in microseconds. Typically 1000 is lower limit, 1500 is neutral and 2000 is upper limit.",PWM,800,2200,,,Advanced,,2000,False,True,,,apm.pdef.json (@Param metadata)
RC11_MIN,RC min PWM,"RC minimum PWM pulse width in microseconds. Typically 1000 is lower limit, 1500 is neutral and 2000 is upper limit.",PWM,800,2200,,,Advanced,,1000,False,True,,,apm.pdef.json (@Param metadata)
RC11_OPTION,RC input option,Function assigned to this RC channel,,,,"0:Do Nothing, 2:FLIP Mode, 3:Simple Mode, 4:RTL, 5:Save Trim, 7:Save WP, 9:Camera Trigger, 10:RangeFinder Enable, 11:Fence Enable, 13:Super Simple Mode, 14:Acro Trainer, 15:Sprayer Enable, 16:AUTO Mode, 17:AUTOTUNE Mode, 18:LAND Mode, 19:Gripper Release, 21:Parachute Enable, 22:Parachute Release, 23:Parachute 3pos, 24:Auto Mission Reset, 25:AttCon Feed Forward, 26:AttCon Accel Limits, 27:Retract Mount1, 28:Relay1 On/Off, 29:Landing Gear, 30:Lost Copter Sound, 31:Motor Emergency Stop, 32:Motor Interlock, 33:BRAKE Mode, 34:Relay2 On/Off, 35:Relay3 On/Off, 36:Relay4 On/Off, 37:THROW Mode, 38:ADSB Avoidance Enable, 39:PrecLoiter Enable, 40:Proximity Avoidance Enable, 41:ArmDisarm (4.1 and lower), 42:SMARTRTL Mode, 43:InvertedFlight Enable, 44:Winch Enable, 45:Winch Control, 46:RC Override Enable, 47:User Function 1, 48:User Function 2, 49:User Function 3, 52:ACRO Mode, 55:GUIDED Mode, 56:LOITER Mode, 57:FOLLOW Mode, 58:Clear Waypoints, 60:ZigZag Mode, 61:ZigZag SaveWP, 62:Compass Learn, 65:GPS Disable, 66:Relay5 On/Off, 67:Relay6 On/Off, 68:STABILIZE Mode, 69:POSHOLD Mode, 70:ALTHOLD Mode, 71:FLOWHOLD Mode, 72:CIRCLE Mode, 73:DRIFT Mode, 75:SurfaceTrackingUpDown, 76:STANDBY Mode, 78:RunCam Control, 79:RunCam OSD Control, 80:VisOdom Align, 81:Disarm, 83:ZigZag Auto, 84:AirMode, 85:Generator, 90:EKF Source Set, 94:VTX Power, 99:AUTO RTL, 100:KillIMU1, 101:KillIMU2, 102:Camera Mode Toggle, 105:GPS Disable Yaw, 109:use Custom Controller, 110:KillIMU3, 112:SwitchExternalAHRS, 113:Retract Mount2, 151:TURTLE Mode, 152:SIMPLE heading reset, 153:ArmDisarm (4.2 and higher), 154:ArmDisarm with AirMode  (4.2 and higher), 158:Optflow Calibration, 159:Force IS_Flying, 161:Turbine Start(heli), 162:FFT Tune, 163:Mount Lock, 164:Pause Stream Logging, 165:Arm/Emergency Motor Stop, 166:Camera Record Video, 167:Camera Zoom, 168:Camera Manual Focus, 169:Camera Auto Focus, 171:Calibrate Compasses, 172:Battery MPPT Enable, 174:Camera Image Tracking, 175:Camera Lens, 177:Mount LRF enable, 178:FlightMode Pause/Resume, 180:Test autotuned gains after tune is complete, 212:Mount1 Roll, 213:Mount1 Pitch, 214:Mount1 Yaw, 215:Mount2 Roll, 216:Mount2 Pitch, 217:Mount2 Yaw, 219:Transmitter Tuning, 300:Scripting1, 301:Scripting2, 302:Scripting3, 303:Scripting4, 304:Scripting5, 305:Scripting6, 306:Scripting7, 307:Scripting8",,Standard,,9,False,True,,,apm.pdef.json (@Param metadata)
RC11_REVERSED,RC reversed,Reverse channel input. Set to 0 for normal operation. Set to 1 to reverse this input channel.,,,,"0:Normal, 1:Reversed",,Advanced,,0,False,True,,,apm.pdef.json (@Param metadata)
RC11_TRIM,RC trim PWM,"RC trim (neutral) PWM pulse width in microseconds. Typically 1000 is lower limit, 1500 is neutral and 2000 is upper limit.",PWM,800,2200,,,Advanced,,1500,False,True,,,apm.pdef.json (@Param metadata)
RC12_DZ,RC dead-zone,PWM dead zone in microseconds around trim or bottom,PWM,0,200,,,Advanced,,0,False,True,,,apm.pdef.json (@Param metadata)
RC12_MAX,RC max PWM,"RC maximum PWM pulse width in microseconds. Typically 1000 is lower limit, 1500 is neutral and 2000 is upper limit.",PWM,800,2200,,,Advanced,,2000,False,True,,,apm.pdef.json (@Param metadata)
RC12_MIN,RC min PWM,"RC minimum PWM pulse width in microseconds. Typically 1000 is lower limit, 1500 is neutral and 2000 is upper limit.",PWM,800,2200,,,Advanced,,1000,False,True,,,apm.pdef.json (@Param metadata)
RC12_OPTION,RC input option,Function assigned to this RC channel,,,,"0:Do Nothing, 2:FLIP Mode, 3:Simple Mode, 4:RTL, 5:Save Trim, 7:Save WP, 9:Camera Trigger, 10:RangeFinder Enable, 11:Fence Enable, 13:Super Simple Mode, 14:Acro Trainer, 15:Sprayer Enable, 16:AUTO Mode, 17:AUTOTUNE Mode, 18:LAND Mode, 19:Gripper Release, 21:Parachute Enable, 22:Parachute Release, 23:Parachute 3pos, 24:Auto Mission Reset, 25:AttCon Feed Forward, 26:AttCon Accel Limits, 27:Retract Mount1, 28:Relay1 On/Off, 29:Landing Gear, 30:Lost Copter Sound, 31:Motor Emergency Stop, 32:Motor Interlock, 33:BRAKE Mode, 34:Relay2 On/Off, 35:Relay3 On/Off, 36:Relay4 On/Off, 37:THROW Mode, 38:ADSB Avoidance Enable, 39:PrecLoiter Enable, 40:Proximity Avoidance Enable, 41:ArmDisarm (4.1 and lower), 42:SMARTRTL Mode, 43:InvertedFlight Enable, 44:Winch Enable, 45:Winch Control, 46:RC Override Enable, 47:User Function 1, 48:User Function 2, 49:User Function 3, 52:ACRO Mode, 55:GUIDED Mode, 56:LOITER Mode, 57:FOLLOW Mode, 58:Clear Waypoints, 60:ZigZag Mode, 61:ZigZag SaveWP, 62:Compass Learn, 65:GPS Disable, 66:Relay5 On/Off, 67:Relay6 On/Off, 68:STABILIZE Mode, 69:POSHOLD Mode, 70:ALTHOLD Mode, 71:FLOWHOLD Mode, 72:CIRCLE Mode, 73:DRIFT Mode, 75:SurfaceTrackingUpDown, 76:STANDBY Mode, 78:RunCam Control, 79:RunCam OSD Control, 80:VisOdom Align, 81:Disarm, 83:ZigZag Auto, 84:AirMode, 85:Generator, 90:EKF Source Set, 94:VTX Power, 99:AUTO RTL, 100:KillIMU1, 101:KillIMU2, 102:Camera Mode Toggle, 105:GPS Disable Yaw, 109:use Custom Controller, 110:KillIMU3, 112:SwitchExternalAHRS, 113:Retract Mount2, 151:TURTLE Mode, 152:SIMPLE heading reset, 153:ArmDisarm (4.2 and higher), 154:ArmDisarm with AirMode  (4.2 and higher), 158:Optflow Calibration, 159:Force IS_Flying, 161:Turbine Start(heli), 162:FFT Tune, 163:Mount Lock, 164:Pause Stream Logging, 165:Arm/Emergency Motor Stop, 166:Camera Record Video, 167:Camera Zoom, 168:Camera Manual Focus, 169:Camera Auto Focus, 171:Calibrate Compasses, 172:Battery MPPT Enable, 174:Camera Image Tracking, 175:Camera Lens, 177:Mount LRF enable, 178:FlightMode Pause/Resume, 180:Test autotuned gains after tune is complete, 212:Mount1 Roll, 213:Mount1 Pitch, 214:Mount1 Yaw, 215:Mount2 Roll, 216:Mount2 Pitch, 217:Mount2 Yaw, 219:Transmitter Tuning, 300:Scripting1, 301:Scripting2, 302:Scripting3, 303:Scripting4, 304:Scripting5, 305:Scripting6, 306:Scripting7, 307:Scripting8",,Standard,,163,False,True,,,apm.pdef.json (@Param metadata)
RC12_REVERSED,RC reversed,Reverse channel input. Set to 0 for normal operation. Set to 1 to reverse this input channel.,,,,"0:Normal, 1:Reversed",,Advanced,,0,False,True,,,apm.pdef.json (@Param metadata)
RC12_TRIM,RC trim PWM,"RC trim (neutral) PWM pulse width in microseconds. Typically 1000 is lower limit, 1500 is neutral and 2000 is upper limit.",PWM,800,2200,,,Advanced,,1500,False,True,,,apm.pdef.json (@Param metadata)
RC13_DZ,RC dead-zone,PWM dead zone in microseconds around trim or bottom,PWM,0,200,,,Advanced,,0,False,True,,,apm.pdef.json (@Param metadata)
RC13_MAX,RC max PWM,"RC maximum PWM pulse width in microseconds. Typically 1000 is lower limit, 1500 is neutral and 2000 is upper limit.",PWM,800,2200,,,Advanced,,2000,False,True,,,apm.pdef.json (@Param metadata)
RC13_MIN,RC min PWM,"RC minimum PWM pulse width in microseconds. Typically 1000 is lower limit, 1500 is neutral and 2000 is upper limit.",PWM,800,2200,,,Advanced,,1000,False,True,,,apm.pdef.json (@Param metadata)
RC13_OPTION,RC input option,Function assigned to this RC channel,,,,"0:Do Nothing, 2:FLIP Mode, 3:Simple Mode, 4:RTL, 5:Save Trim, 7:Save WP, 9:Camera Trigger, 10:RangeFinder Enable, 11:Fence Enable, 13:Super Simple Mode, 14:Acro Trainer, 15:Sprayer Enable, 16:AUTO Mode, 17:AUTOTUNE Mode, 18:LAND Mode, 19:Gripper Release, 21:Parachute Enable, 22:Parachute Release, 23:Parachute 3pos, 24:Auto Mission Reset, 25:AttCon Feed Forward, 26:AttCon Accel Limits, 27:Retract Mount1, 28:Relay1 On/Off, 29:Landing Gear, 30:Lost Copter Sound, 31:Motor Emergency Stop, 32:Motor Interlock, 33:BRAKE Mode, 34:Relay2 On/Off, 35:Relay3 On/Off, 36:Relay4 On/Off, 37:THROW Mode, 38:ADSB Avoidance Enable, 39:PrecLoiter Enable, 40:Proximity Avoidance Enable, 41:ArmDisarm (4.1 and lower), 42:SMARTRTL Mode, 43:InvertedFlight Enable, 44:Winch Enable, 45:Winch Control, 46:RC Override Enable, 47:User Function 1, 48:User Function 2, 49:User Function 3, 52:ACRO Mode, 55:GUIDED Mode, 56:LOITER Mode, 57:FOLLOW Mode, 58:Clear Waypoints, 60:ZigZag Mode, 61:ZigZag SaveWP, 62:Compass Learn, 65:GPS Disable, 66:Relay5 On/Off, 67:Relay6 On/Off, 68:STABILIZE Mode, 69:POSHOLD Mode, 70:ALTHOLD Mode, 71:FLOWHOLD Mode, 72:CIRCLE Mode, 73:DRIFT Mode, 75:SurfaceTrackingUpDown, 76:STANDBY Mode, 78:RunCam Control, 79:RunCam OSD Control, 80:VisOdom Align, 81:Disarm, 83:ZigZag Auto, 84:AirMode, 85:Generator, 90:EKF Source Set, 94:VTX Power, 99:AUTO RTL, 100:KillIMU1, 101:KillIMU2, 102:Camera Mode Toggle, 105:GPS Disable Yaw, 109:use Custom Controller, 110:KillIMU3, 112:SwitchExternalAHRS, 113:Retract Mount2, 151:TURTLE Mode, 152:SIMPLE heading reset, 153:ArmDisarm (4.2 and higher), 154:ArmDisarm with AirMode  (4.2 and higher), 158:Optflow Calibration, 159:Force IS_Flying, 161:Turbine Start(heli), 162:FFT Tune, 163:Mount Lock, 164:Pause Stream Logging, 165:Arm/Emergency Motor Stop, 166:Camera Record Video, 167:Camera Zoom, 168:Camera Manual Focus, 169:Camera Auto Focus, 171:Calibrate Compasses, 172:Battery MPPT Enable, 174:Camera Image Tracking, 175:Camera Lens, 177:Mount LRF enable, 178:FlightMode Pause/Resume, 180:Test autotuned gains after tune is complete, 212:Mount1 Roll, 213:Mount1 Pitch, 214:Mount1 Yaw, 215:Mount2 Roll, 216:Mount2 Pitch, 217:Mount2 Yaw, 219:Transmitter Tuning, 300:Scripting1, 301:Scripting2, 302:Scripting3, 303:Scripting4, 304:Scripting5, 305:Scripting6, 306:Scripting7, 307:Scripting8",,Standard,,0,False,True,,,apm.pdef.json (@Param metadata)
RC13_REVERSED,RC reversed,Reverse channel input. Set to 0 for normal operation. Set to 1 to reverse this input channel.,,,,"0:Normal, 1:Reversed",,Advanced,,0,False,True,,,apm.pdef.json (@Param metadata)
RC13_TRIM,RC trim PWM,"RC trim (neutral) PWM pulse width in microseconds. Typically 1000 is lower limit, 1500 is neutral and 2000 is upper limit.",PWM,800,2200,,,Advanced,,1500,False,True,,,apm.pdef.json (@Param metadata)
RC14_DZ,RC dead-zone,PWM dead zone in microseconds around trim or bottom,PWM,0,200,,,Advanced,,0,False,True,,,apm.pdef.json (@Param metadata)
RC14_MAX,RC max PWM,"RC maximum PWM pulse width in microseconds. Typically 1000 is lower limit, 1500 is neutral and 2000 is upper limit.",PWM,800,2200,,,Advanced,,2000,False,True,,,apm.pdef.json (@Param metadata)
RC14_MIN,RC min PWM,"RC minimum PWM pulse width in microseconds. Typically 1000 is lower limit, 1500 is neutral and 2000 is upper limit.",PWM,800,2200,,,Advanced,,1000,False,True,,,apm.pdef.json (@Param metadata)
RC14_OPTION,RC input option,Function assigned to this RC channel,,,,"0:Do Nothing, 2:FLIP Mode, 3:Simple Mode, 4:RTL, 5:Save Trim, 7:Save WP, 9:Camera Trigger, 10:RangeFinder Enable, 11:Fence Enable, 13:Super Simple Mode, 14:Acro Trainer, 15:Sprayer Enable, 16:AUTO Mode, 17:AUTOTUNE Mode, 18:LAND Mode, 19:Gripper Release, 21:Parachute Enable, 22:Parachute Release, 23:Parachute 3pos, 24:Auto Mission Reset, 25:AttCon Feed Forward, 26:AttCon Accel Limits, 27:Retract Mount1, 28:Relay1 On/Off, 29:Landing Gear, 30:Lost Copter Sound, 31:Motor Emergency Stop, 32:Motor Interlock, 33:BRAKE Mode, 34:Relay2 On/Off, 35:Relay3 On/Off, 36:Relay4 On/Off, 37:THROW Mode, 38:ADSB Avoidance Enable, 39:PrecLoiter Enable, 40:Proximity Avoidance Enable, 41:ArmDisarm (4.1 and lower), 42:SMARTRTL Mode, 43:InvertedFlight Enable, 44:Winch Enable, 45:Winch Control, 46:RC Override Enable, 47:User Function 1, 48:User Function 2, 49:User Function 3, 52:ACRO Mode, 55:GUIDED Mode, 56:LOITER Mode, 57:FOLLOW Mode, 58:Clear Waypoints, 60:ZigZag Mode, 61:ZigZag SaveWP, 62:Compass Learn, 65:GPS Disable, 66:Relay5 On/Off, 67:Relay6 On/Off, 68:STABILIZE Mode, 69:POSHOLD Mode, 70:ALTHOLD Mode, 71:FLOWHOLD Mode, 72:CIRCLE Mode, 73:DRIFT Mode, 75:SurfaceTrackingUpDown, 76:STANDBY Mode, 78:RunCam Control, 79:RunCam OSD Control, 80:VisOdom Align, 81:Disarm, 83:ZigZag Auto, 84:AirMode, 85:Generator, 90:EKF Source Set, 94:VTX Power, 99:AUTO RTL, 100:KillIMU1, 101:KillIMU2, 102:Camera Mode Toggle, 105:GPS Disable Yaw, 109:use Custom Controller, 110:KillIMU3, 112:SwitchExternalAHRS, 113:Retract Mount2, 151:TURTLE Mode, 152:SIMPLE heading reset, 153:ArmDisarm (4.2 and higher), 154:ArmDisarm with AirMode  (4.2 and higher), 158:Optflow Calibration, 159:Force IS_Flying, 161:Turbine Start(heli), 162:FFT Tune, 163:Mount Lock, 164:Pause Stream Logging, 165:Arm/Emergency Motor Stop, 166:Camera Record Video, 167:Camera Zoom, 168:Camera Manual Focus, 169:Camera Auto Focus, 171:Calibrate Compasses, 172:Battery MPPT Enable, 174:Camera Image Tracking, 175:Camera Lens, 177:Mount LRF enable, 178:FlightMode Pause/Resume, 180:Test autotuned gains after tune is complete, 212:Mount1 Roll, 213:Mount1 Pitch, 214:Mount1 Yaw, 215:Mount2 Roll, 216:Mount2 Pitch, 217:Mount2 Yaw, 219:Transmitter Tuning, 300:Scripting1, 301:Scripting2, 302:Scripting3, 303:Scripting4, 304:Scripting5, 305:Scripting6, 306:Scripting7, 307:Scripting8",,Standard,,0,False,True,,,apm.pdef.json (@Param metadata)
RC14_REVERSED,RC reversed,Reverse channel input. Set to 0 for normal operation. Set to 1 to reverse this input channel.,,,,"0:Normal, 1:Reversed",,Advanced,,0,False,True,,,apm.pdef.json (@Param metadata)
RC14_TRIM,RC trim PWM,"RC trim (neutral) PWM pulse width in microseconds. Typically 1000 is lower limit, 1500 is neutral and 2000 is upper limit.",PWM,800,2200,,,Advanced,,1500,False,True,,,apm.pdef.json (@Param metadata)
RC15_DZ,RC dead-zone,PWM dead zone in microseconds around trim or bottom,PWM,0,200,,,Advanced,,0,False,True,,,apm.pdef.json (@Param metadata)
RC15_MAX,RC max PWM,"RC maximum PWM pulse width in microseconds. Typically 1000 is lower limit, 1500 is neutral and 2000 is upper limit.",PWM,800,2200,,,Advanced,,2000,False,True,,,apm.pdef.json (@Param metadata)
RC15_MIN,RC min PWM,"RC minimum PWM pulse width in microseconds. Typically 1000 is lower limit, 1500 is neutral and 2000 is upper limit.",PWM,800,2200,,,Advanced,,1000,False,True,,,apm.pdef.json (@Param metadata)
RC15_OPTION,RC input option,Function assigned to this RC channel,,,,"0:Do Nothing, 2:FLIP Mode, 3:Simple Mode, 4:RTL, 5:Save Trim, 7:Save WP, 9:Camera Trigger, 10:RangeFinder Enable, 11:Fence Enable, 13:Super Simple Mode, 14:Acro Trainer, 15:Sprayer Enable, 16:AUTO Mode, 17:AUTOTUNE Mode, 18:LAND Mode, 19:Gripper Release, 21:Parachute Enable, 22:Parachute Release, 23:Parachute 3pos, 24:Auto Mission Reset, 25:AttCon Feed Forward, 26:AttCon Accel Limits, 27:Retract Mount1, 28:Relay1 On/Off, 29:Landing Gear, 30:Lost Copter Sound, 31:Motor Emergency Stop, 32:Motor Interlock, 33:BRAKE Mode, 34:Relay2 On/Off, 35:Relay3 On/Off, 36:Relay4 On/Off, 37:THROW Mode, 38:ADSB Avoidance Enable, 39:PrecLoiter Enable, 40:Proximity Avoidance Enable, 41:ArmDisarm (4.1 and lower), 42:SMARTRTL Mode, 43:InvertedFlight Enable, 44:Winch Enable, 45:Winch Control, 46:RC Override Enable, 47:User Function 1, 48:User Function 2, 49:User Function 3, 52:ACRO Mode, 55:GUIDED Mode, 56:LOITER Mode, 57:FOLLOW Mode, 58:Clear Waypoints, 60:ZigZag Mode, 61:ZigZag SaveWP, 62:Compass Learn, 65:GPS Disable, 66:Relay5 On/Off, 67:Relay6 On/Off, 68:STABILIZE Mode, 69:POSHOLD Mode, 70:ALTHOLD Mode, 71:FLOWHOLD Mode, 72:CIRCLE Mode, 73:DRIFT Mode, 75:SurfaceTrackingUpDown, 76:STANDBY Mode, 78:RunCam Control, 79:RunCam OSD Control, 80:VisOdom Align, 81:Disarm, 83:ZigZag Auto, 84:AirMode, 85:Generator, 90:EKF Source Set, 94:VTX Power, 99:AUTO RTL, 100:KillIMU1, 101:KillIMU2, 102:Camera Mode Toggle, 105:GPS Disable Yaw, 109:use Custom Controller, 110:KillIMU3, 112:SwitchExternalAHRS, 113:Retract Mount2, 151:TURTLE Mode, 152:SIMPLE heading reset, 153:ArmDisarm (4.2 and higher), 154:ArmDisarm with AirMode  (4.2 and higher), 158:Optflow Calibration, 159:Force IS_Flying, 161:Turbine Start(heli), 162:FFT Tune, 163:Mount Lock, 164:Pause Stream Logging, 165:Arm/Emergency Motor Stop, 166:Camera Record Video, 167:Camera Zoom, 168:Camera Manual Focus, 169:Camera Auto Focus, 171:Calibrate Compasses, 172:Battery MPPT Enable, 174:Camera Image Tracking, 175:Camera Lens, 177:Mount LRF enable, 178:FlightMode Pause/Resume, 180:Test autotuned gains after tune is complete, 212:Mount1 Roll, 213:Mount1 Pitch, 214:Mount1 Yaw, 215:Mount2 Roll, 216:Mount2 Pitch, 217:Mount2 Yaw, 219:Transmitter Tuning, 300:Scripting1, 301:Scripting2, 302:Scripting3, 303:Scripting4, 304:Scripting5, 305:Scripting6, 306:Scripting7, 307:Scripting8",,Standard,,0,False,True,,,apm.pdef.json (@Param metadata)
RC15_REVERSED,RC reversed,Reverse channel input. Set to 0 for normal operation. Set to 1 to reverse this input channel.,,,,"0:Normal, 1:Reversed",,Advanced,,0,False,True,,,apm.pdef.json (@Param metadata)
RC15_TRIM,RC trim PWM,"RC trim (neutral) PWM pulse width in microseconds. Typically 1000 is lower limit, 1500 is neutral and 2000 is upper limit.",PWM,800,2200,,,Advanced,,1500,False,True,,,apm.pdef.json (@Param metadata)
RC16_DZ,RC dead-zone,PWM dead zone in microseconds around trim or bottom,PWM,0,200,,,Advanced,,0,False,True,,,apm.pdef.json (@Param metadata)
RC16_MAX,RC max PWM,"RC maximum PWM pulse width in microseconds. Typically 1000 is lower limit, 1500 is neutral and 2000 is upper limit.",PWM,800,2200,,,Advanced,,2000,False,True,,,apm.pdef.json (@Param metadata)
RC16_MIN,RC min PWM,"RC minimum PWM pulse width in microseconds. Typically 1000 is lower limit, 1500 is neutral and 2000 is upper limit.",PWM,800,2200,,,Advanced,,1000,False,True,,,apm.pdef.json (@Param metadata)
RC16_OPTION,RC input option,Function assigned to this RC channel,,,,"0:Do Nothing, 2:FLIP Mode, 3:Simple Mode, 4:RTL, 5:Save Trim, 7:Save WP, 9:Camera Trigger, 10:RangeFinder Enable, 11:Fence Enable, 13:Super Simple Mode, 14:Acro Trainer, 15:Sprayer Enable, 16:AUTO Mode, 17:AUTOTUNE Mode, 18:LAND Mode, 19:Gripper Release, 21:Parachute Enable, 22:Parachute Release, 23:Parachute 3pos, 24:Auto Mission Reset, 25:AttCon Feed Forward, 26:AttCon Accel Limits, 27:Retract Mount1, 28:Relay1 On/Off, 29:Landing Gear, 30:Lost Copter Sound, 31:Motor Emergency Stop, 32:Motor Interlock, 33:BRAKE Mode, 34:Relay2 On/Off, 35:Relay3 On/Off, 36:Relay4 On/Off, 37:THROW Mode, 38:ADSB Avoidance Enable, 39:PrecLoiter Enable, 40:Proximity Avoidance Enable, 41:ArmDisarm (4.1 and lower), 42:SMARTRTL Mode, 43:InvertedFlight Enable, 44:Winch Enable, 45:Winch Control, 46:RC Override Enable, 47:User Function 1, 48:User Function 2, 49:User Function 3, 52:ACRO Mode, 55:GUIDED Mode, 56:LOITER Mode, 57:FOLLOW Mode, 58:Clear Waypoints, 60:ZigZag Mode, 61:ZigZag SaveWP, 62:Compass Learn, 65:GPS Disable, 66:Relay5 On/Off, 67:Relay6 On/Off, 68:STABILIZE Mode, 69:POSHOLD Mode, 70:ALTHOLD Mode, 71:FLOWHOLD Mode, 72:CIRCLE Mode, 73:DRIFT Mode, 75:SurfaceTrackingUpDown, 76:STANDBY Mode, 78:RunCam Control, 79:RunCam OSD Control, 80:VisOdom Align, 81:Disarm, 83:ZigZag Auto, 84:AirMode, 85:Generator, 90:EKF Source Set, 94:VTX Power, 99:AUTO RTL, 100:KillIMU1, 101:KillIMU2, 102:Camera Mode Toggle, 105:GPS Disable Yaw, 109:use Custom Controller, 110:KillIMU3, 112:SwitchExternalAHRS, 113:Retract Mount2, 151:TURTLE Mode, 152:SIMPLE heading reset, 153:ArmDisarm (4.2 and higher), 154:ArmDisarm with AirMode  (4.2 and higher), 158:Optflow Calibration, 159:Force IS_Flying, 161:Turbine Start(heli), 162:FFT Tune, 163:Mount Lock, 164:Pause Stream Logging, 165:Arm/Emergency Motor Stop, 166:Camera Record Video, 167:Camera Zoom, 168:Camera Manual Focus, 169:Camera Auto Focus, 171:Calibrate Compasses, 172:Battery MPPT Enable, 174:Camera Image Tracking, 175:Camera Lens, 177:Mount LRF enable, 178:FlightMode Pause/Resume, 180:Test autotuned gains after tune is complete, 212:Mount1 Roll, 213:Mount1 Pitch, 214:Mount1 Yaw, 215:Mount2 Roll, 216:Mount2 Pitch, 217:Mount2 Yaw, 219:Transmitter Tuning, 300:Scripting1, 301:Scripting2, 302:Scripting3, 303:Scripting4, 304:Scripting5, 305:Scripting6, 306:Scripting7, 307:Scripting8",,Standard,,0,False,True,,,apm.pdef.json (@Param metadata)
RC16_REVERSED,RC reversed,Reverse channel input. Set to 0 for normal operation. Set to 1 to reverse this input channel.,,,,"0:Normal, 1:Reversed",,Advanced,,0,False,True,,,apm.pdef.json (@Param metadata)
RC16_TRIM,RC trim PWM,"RC trim (neutral) PWM pulse width in microseconds. Typically 1000 is lower limit, 1500 is neutral and 2000 is upper limit.",PWM,800,2200,,,Advanced,,1500,False,True,,,apm.pdef.json (@Param metadata)
RC1_DZ,RC dead-zone,PWM dead zone in microseconds around trim or bottom,PWM,0,200,,,Advanced,,50,False,True,,,apm.pdef.json (@Param metadata)
RC1_MAX,RC max PWM,"RC maximum PWM pulse width in microseconds. Typically 1000 is lower limit, 1500 is neutral and 2000 is upper limit.",PWM,800,2200,,,Advanced,,1927,False,True,,,apm.pdef.json (@Param metadata)
RC1_MIN,RC min PWM,"RC minimum PWM pulse width in microseconds. Typically 1000 is lower limit, 1500 is neutral and 2000 is upper limit.",PWM,800,2200,,,Advanced,,1102,False,True,,,apm.pdef.json (@Param metadata)
RC1_OPTION,RC input option,Function assigned to this RC channel,,,,"0:Do Nothing, 2:FLIP Mode, 3:Simple Mode, 4:RTL, 5:Save Trim, 7:Save WP, 9:Camera Trigger, 10:RangeFinder Enable, 11:Fence Enable, 13:Super Simple Mode, 14:Acro Trainer, 15:Sprayer Enable, 16:AUTO Mode, 17:AUTOTUNE Mode, 18:LAND Mode, 19:Gripper Release, 21:Parachute Enable, 22:Parachute Release, 23:Parachute 3pos, 24:Auto Mission Reset, 25:AttCon Feed Forward, 26:AttCon Accel Limits, 27:Retract Mount1, 28:Relay1 On/Off, 29:Landing Gear, 30:Lost Copter Sound, 31:Motor Emergency Stop, 32:Motor Interlock, 33:BRAKE Mode, 34:Relay2 On/Off, 35:Relay3 On/Off, 36:Relay4 On/Off, 37:THROW Mode, 38:ADSB Avoidance Enable, 39:PrecLoiter Enable, 40:Proximity Avoidance Enable, 41:ArmDisarm (4.1 and lower), 42:SMARTRTL Mode, 43:InvertedFlight Enable, 44:Winch Enable, 45:Winch Control, 46:RC Override Enable, 47:User Function 1, 48:User Function 2, 49:User Function 3, 52:ACRO Mode, 55:GUIDED Mode, 56:LOITER Mode, 57:FOLLOW Mode, 58:Clear Waypoints, 60:ZigZag Mode, 61:ZigZag SaveWP, 62:Compass Learn, 65:GPS Disable, 66:Relay5 On/Off, 67:Relay6 On/Off, 68:STABILIZE Mode, 69:POSHOLD Mode, 70:ALTHOLD Mode, 71:FLOWHOLD Mode, 72:CIRCLE Mode, 73:DRIFT Mode, 75:SurfaceTrackingUpDown, 76:STANDBY Mode, 78:RunCam Control, 79:RunCam OSD Control, 80:VisOdom Align, 81:Disarm, 83:ZigZag Auto, 84:AirMode, 85:Generator, 90:EKF Source Set, 94:VTX Power, 99:AUTO RTL, 100:KillIMU1, 101:KillIMU2, 102:Camera Mode Toggle, 105:GPS Disable Yaw, 109:use Custom Controller, 110:KillIMU3, 112:SwitchExternalAHRS, 113:Retract Mount2, 151:TURTLE Mode, 152:SIMPLE heading reset, 153:ArmDisarm (4.2 and higher), 154:ArmDisarm with AirMode  (4.2 and higher), 158:Optflow Calibration, 159:Force IS_Flying, 161:Turbine Start(heli), 162:FFT Tune, 163:Mount Lock, 164:Pause Stream Logging, 165:Arm/Emergency Motor Stop, 166:Camera Record Video, 167:Camera Zoom, 168:Camera Manual Focus, 169:Camera Auto Focus, 171:Calibrate Compasses, 172:Battery MPPT Enable, 174:Camera Image Tracking, 175:Camera Lens, 177:Mount LRF enable, 178:FlightMode Pause/Resume, 180:Test autotuned gains after tune is complete, 212:Mount1 Roll, 213:Mount1 Pitch, 214:Mount1 Yaw, 215:Mount2 Roll, 216:Mount2 Pitch, 217:Mount2 Yaw, 219:Transmitter Tuning, 300:Scripting1, 301:Scripting2, 302:Scripting3, 303:Scripting4, 304:Scripting5, 305:Scripting6, 306:Scripting7, 307:Scripting8",,Standard,,0,True,True,,,apm.pdef.json (@Param metadata)
RC1_REVERSED,RC reversed,Reverse channel input. Set to 0 for normal operation. Set to 1 to reverse this input channel.,,,,"0:Normal, 1:Reversed",,Advanced,,0,False,True,,,apm.pdef.json (@Param metadata)
RC1_TRIM,RC trim PWM,"RC trim (neutral) PWM pulse width in microseconds. Typically 1000 is lower limit, 1500 is neutral and 2000 is upper limit.",PWM,800,2200,,,Advanced,,1515,False,True,,,apm.pdef.json (@Param metadata)
RC2_DZ,RC dead-zone,PWM dead zone in microseconds around trim or bottom,PWM,0,200,,,Advanced,,20,False,True,,,apm.pdef.json (@Param metadata)
RC2_MAX,RC max PWM,"RC maximum PWM pulse width in microseconds. Typically 1000 is lower limit, 1500 is neutral and 2000 is upper limit.",PWM,800,2200,,,Advanced,,1927,False,True,,,apm.pdef.json (@Param metadata)
RC2_MIN,RC min PWM,"RC minimum PWM pulse width in microseconds. Typically 1000 is lower limit, 1500 is neutral and 2000 is upper limit.",PWM,800,2200,,,Advanced,,1102,False,True,,,apm.pdef.json (@Param metadata)
RC2_OPTION,RC input option,Function assigned to this RC channel,,,,"0:Do Nothing, 2:FLIP Mode, 3:Simple Mode, 4:RTL, 5:Save Trim, 7:Save WP, 9:Camera Trigger, 10:RangeFinder Enable, 11:Fence Enable, 13:Super Simple Mode, 14:Acro Trainer, 15:Sprayer Enable, 16:AUTO Mode, 17:AUTOTUNE Mode, 18:LAND Mode, 19:Gripper Release, 21:Parachute Enable, 22:Parachute Release, 23:Parachute 3pos, 24:Auto Mission Reset, 25:AttCon Feed Forward, 26:AttCon Accel Limits, 27:Retract Mount1, 28:Relay1 On/Off, 29:Landing Gear, 30:Lost Copter Sound, 31:Motor Emergency Stop, 32:Motor Interlock, 33:BRAKE Mode, 34:Relay2 On/Off, 35:Relay3 On/Off, 36:Relay4 On/Off, 37:THROW Mode, 38:ADSB Avoidance Enable, 39:PrecLoiter Enable, 40:Proximity Avoidance Enable, 41:ArmDisarm (4.1 and lower), 42:SMARTRTL Mode, 43:InvertedFlight Enable, 44:Winch Enable, 45:Winch Control, 46:RC Override Enable, 47:User Function 1, 48:User Function 2, 49:User Function 3, 52:ACRO Mode, 55:GUIDED Mode, 56:LOITER Mode, 57:FOLLOW Mode, 58:Clear Waypoints, 60:ZigZag Mode, 61:ZigZag SaveWP, 62:Compass Learn, 65:GPS Disable, 66:Relay5 On/Off, 67:Relay6 On/Off, 68:STABILIZE Mode, 69:POSHOLD Mode, 70:ALTHOLD Mode, 71:FLOWHOLD Mode, 72:CIRCLE Mode, 73:DRIFT Mode, 75:SurfaceTrackingUpDown, 76:STANDBY Mode, 78:RunCam Control, 79:RunCam OSD Control, 80:VisOdom Align, 81:Disarm, 83:ZigZag Auto, 84:AirMode, 85:Generator, 90:EKF Source Set, 94:VTX Power, 99:AUTO RTL, 100:KillIMU1, 101:KillIMU2, 102:Camera Mode Toggle, 105:GPS Disable Yaw, 109:use Custom Controller, 110:KillIMU3, 112:SwitchExternalAHRS, 113:Retract Mount2, 151:TURTLE Mode, 152:SIMPLE heading reset, 153:ArmDisarm (4.2 and higher), 154:ArmDisarm with AirMode  (4.2 and higher), 158:Optflow Calibration, 159:Force IS_Flying, 161:Turbine Start(heli), 162:FFT Tune, 163:Mount Lock, 164:Pause Stream Logging, 165:Arm/Emergency Motor Stop, 166:Camera Record Video, 167:Camera Zoom, 168:Camera Manual Focus, 169:Camera Auto Focus, 171:Calibrate Compasses, 172:Battery MPPT Enable, 174:Camera Image Tracking, 175:Camera Lens, 177:Mount LRF enable, 178:FlightMode Pause/Resume, 180:Test autotuned gains after tune is complete, 212:Mount1 Roll, 213:Mount1 Pitch, 214:Mount1 Yaw, 215:Mount2 Roll, 216:Mount2 Pitch, 217:Mount2 Yaw, 219:Transmitter Tuning, 300:Scripting1, 301:Scripting2, 302:Scripting3, 303:Scripting4, 304:Scripting5, 305:Scripting6, 306:Scripting7, 307:Scripting8",,Standard,,0,True,True,,,apm.pdef.json (@Param metadata)
RC2_REVERSED,RC reversed,Reverse channel input. Set to 0 for normal operation. Set to 1 to reverse this input channel.,,,,"0:Normal, 1:Reversed",,Advanced,,0,False,True,,,apm.pdef.json (@Param metadata)
RC2_TRIM,RC trim PWM,"RC trim (neutral) PWM pulse width in microseconds. Typically 1000 is lower limit, 1500 is neutral and 2000 is upper limit.",PWM,800,2200,,,Advanced,,1515,False,True,,,apm.pdef.json (@Param metadata)
RC3_DZ,RC dead-zone,PWM dead zone in microseconds around trim or bottom,PWM,0,200,,,Advanced,,30,False,True,,,apm.pdef.json (@Param metadata)
RC3_MAX,RC max PWM,"RC maximum PWM pulse width in microseconds. Typically 1000 is lower limit, 1500 is neutral and 2000 is upper limit.",PWM,800,2200,,,Advanced,,1927,False,True,,,apm.pdef.json (@Param metadata)
RC3_MIN,RC min PWM,"RC minimum PWM pulse width in microseconds. Typically 1000 is lower limit, 1500 is neutral and 2000 is upper limit.",PWM,800,2200,,,Advanced,,1102,False,True,,,apm.pdef.json (@Param metadata)
RC3_OPTION,RC input option,Function assigned to this RC channel,,,,"0:Do Nothing, 2:FLIP Mode, 3:Simple Mode, 4:RTL, 5:Save Trim, 7:Save WP, 9:Camera Trigger, 10:RangeFinder Enable, 11:Fence Enable, 13:Super Simple Mode, 14:Acro Trainer, 15:Sprayer Enable, 16:AUTO Mode, 17:AUTOTUNE Mode, 18:LAND Mode, 19:Gripper Release, 21:Parachute Enable, 22:Parachute Release, 23:Parachute 3pos, 24:Auto Mission Reset, 25:AttCon Feed Forward, 26:AttCon Accel Limits, 27:Retract Mount1, 28:Relay1 On/Off, 29:Landing Gear, 30:Lost Copter Sound, 31:Motor Emergency Stop, 32:Motor Interlock, 33:BRAKE Mode, 34:Relay2 On/Off, 35:Relay3 On/Off, 36:Relay4 On/Off, 37:THROW Mode, 38:ADSB Avoidance Enable, 39:PrecLoiter Enable, 40:Proximity Avoidance Enable, 41:ArmDisarm (4.1 and lower), 42:SMARTRTL Mode, 43:InvertedFlight Enable, 44:Winch Enable, 45:Winch Control, 46:RC Override Enable, 47:User Function 1, 48:User Function 2, 49:User Function 3, 52:ACRO Mode, 55:GUIDED Mode, 56:LOITER Mode, 57:FOLLOW Mode, 58:Clear Waypoints, 60:ZigZag Mode, 61:ZigZag SaveWP, 62:Compass Learn, 65:GPS Disable, 66:Relay5 On/Off, 67:Relay6 On/Off, 68:STABILIZE Mode, 69:POSHOLD Mode, 70:ALTHOLD Mode, 71:FLOWHOLD Mode, 72:CIRCLE Mode, 73:DRIFT Mode, 75:SurfaceTrackingUpDown, 76:STANDBY Mode, 78:RunCam Control, 79:RunCam OSD Control, 80:VisOdom Align, 81:Disarm, 83:ZigZag Auto, 84:AirMode, 85:Generator, 90:EKF Source Set, 94:VTX Power, 99:AUTO RTL, 100:KillIMU1, 101:KillIMU2, 102:Camera Mode Toggle, 105:GPS Disable Yaw, 109:use Custom Controller, 110:KillIMU3, 112:SwitchExternalAHRS, 113:Retract Mount2, 151:TURTLE Mode, 152:SIMPLE heading reset, 153:ArmDisarm (4.2 and higher), 154:ArmDisarm with AirMode  (4.2 and higher), 158:Optflow Calibration, 159:Force IS_Flying, 161:Turbine Start(heli), 162:FFT Tune, 163:Mount Lock, 164:Pause Stream Logging, 165:Arm/Emergency Motor Stop, 166:Camera Record Video, 167:Camera Zoom, 168:Camera Manual Focus, 169:Camera Auto Focus, 171:Calibrate Compasses, 172:Battery MPPT Enable, 174:Camera Image Tracking, 175:Camera Lens, 177:Mount LRF enable, 178:FlightMode Pause/Resume, 180:Test autotuned gains after tune is complete, 212:Mount1 Roll, 213:Mount1 Pitch, 214:Mount1 Yaw, 215:Mount2 Roll, 216:Mount2 Pitch, 217:Mount2 Yaw, 219:Transmitter Tuning, 300:Scripting1, 301:Scripting2, 302:Scripting3, 303:Scripting4, 304:Scripting5, 305:Scripting6, 306:Scripting7, 307:Scripting8",,Standard,,0,True,True,,,apm.pdef.json (@Param metadata)
RC3_REVERSED,RC reversed,Reverse channel input. Set to 0 for normal operation. Set to 1 to reverse this input channel.,,,,"0:Normal, 1:Reversed",,Advanced,,0,False,True,,,apm.pdef.json (@Param metadata)
RC3_TRIM,RC trim PWM,"RC trim (neutral) PWM pulse width in microseconds. Typically 1000 is lower limit, 1500 is neutral and 2000 is upper limit.",PWM,800,2200,,,Advanced,,1515,False,True,,,apm.pdef.json (@Param metadata)
RC4_DZ,RC dead-zone,PWM dead zone in microseconds around trim or bottom,PWM,0,200,,,Advanced,,20,False,True,,,apm.pdef.json (@Param metadata)
RC4_MAX,RC max PWM,"RC maximum PWM pulse width in microseconds. Typically 1000 is lower limit, 1500 is neutral and 2000 is upper limit.",PWM,800,2200,,,Advanced,,1927,False,True,,,apm.pdef.json (@Param metadata)
RC4_MIN,RC min PWM,"RC minimum PWM pulse width in microseconds. Typically 1000 is lower limit, 1500 is neutral and 2000 is upper limit.",PWM,800,2200,,,Advanced,,1102,False,True,,,apm.pdef.json (@Param metadata)
RC4_OPTION,RC input option,Function assigned to this RC channel,,,,"0:Do Nothing, 2:FLIP Mode, 3:Simple Mode, 4:RTL, 5:Save Trim, 7:Save WP, 9:Camera Trigger, 10:RangeFinder Enable, 11:Fence Enable, 13:Super Simple Mode, 14:Acro Trainer, 15:Sprayer Enable, 16:AUTO Mode, 17:AUTOTUNE Mode, 18:LAND Mode, 19:Gripper Release, 21:Parachute Enable, 22:Parachute Release, 23:Parachute 3pos, 24:Auto Mission Reset, 25:AttCon Feed Forward, 26:AttCon Accel Limits, 27:Retract Mount1, 28:Relay1 On/Off, 29:Landing Gear, 30:Lost Copter Sound, 31:Motor Emergency Stop, 32:Motor Interlock, 33:BRAKE Mode, 34:Relay2 On/Off, 35:Relay3 On/Off, 36:Relay4 On/Off, 37:THROW Mode, 38:ADSB Avoidance Enable, 39:PrecLoiter Enable, 40:Proximity Avoidance Enable, 41:ArmDisarm (4.1 and lower), 42:SMARTRTL Mode, 43:InvertedFlight Enable, 44:Winch Enable, 45:Winch Control, 46:RC Override Enable, 47:User Function 1, 48:User Function 2, 49:User Function 3, 52:ACRO Mode, 55:GUIDED Mode, 56:LOITER Mode, 57:FOLLOW Mode, 58:Clear Waypoints, 60:ZigZag Mode, 61:ZigZag SaveWP, 62:Compass Learn, 65:GPS Disable, 66:Relay5 On/Off, 67:Relay6 On/Off, 68:STABILIZE Mode, 69:POSHOLD Mode, 70:ALTHOLD Mode, 71:FLOWHOLD Mode, 72:CIRCLE Mode, 73:DRIFT Mode, 75:SurfaceTrackingUpDown, 76:STANDBY Mode, 78:RunCam Control, 79:RunCam OSD Control, 80:VisOdom Align, 81:Disarm, 83:ZigZag Auto, 84:AirMode, 85:Generator, 90:EKF Source Set, 94:VTX Power, 99:AUTO RTL, 100:KillIMU1, 101:KillIMU2, 102:Camera Mode Toggle, 105:GPS Disable Yaw, 109:use Custom Controller, 110:KillIMU3, 112:SwitchExternalAHRS, 113:Retract Mount2, 151:TURTLE Mode, 152:SIMPLE heading reset, 153:ArmDisarm (4.2 and higher), 154:ArmDisarm with AirMode  (4.2 and higher), 158:Optflow Calibration, 159:Force IS_Flying, 161:Turbine Start(heli), 162:FFT Tune, 163:Mount Lock, 164:Pause Stream Logging, 165:Arm/Emergency Motor Stop, 166:Camera Record Video, 167:Camera Zoom, 168:Camera Manual Focus, 169:Camera Auto Focus, 171:Calibrate Compasses, 172:Battery MPPT Enable, 174:Camera Image Tracking, 175:Camera Lens, 177:Mount LRF enable, 178:FlightMode Pause/Resume, 180:Test autotuned gains after tune is complete, 212:Mount1 Roll, 213:Mount1 Pitch, 214:Mount1 Yaw, 215:Mount2 Roll, 216:Mount2 Pitch, 217:Mount2 Yaw, 219:Transmitter Tuning, 300:Scripting1, 301:Scripting2, 302:Scripting3, 303:Scripting4, 304:Scripting5, 305:Scripting6, 306:Scripting7, 307:Scripting8",,Standard,,0,True,True,,,apm.pdef.json (@Param metadata)
RC4_REVERSED,RC reversed,Reverse channel input. Set to 0 for normal operation. Set to 1 to reverse this input channel.,,,,"0:Normal, 1:Reversed",,Advanced,,0,False,True,,,apm.pdef.json (@Param metadata)
RC4_TRIM,RC trim PWM,"RC trim (neutral) PWM pulse width in microseconds. Typically 1000 is lower limit, 1500 is neutral and 2000 is upper limit.",PWM,800,2200,,,Advanced,,1515,False,True,,,apm.pdef.json (@Param metadata)
RC5_DZ,RC dead-zone,PWM dead zone in microseconds around trim or bottom,PWM,0,200,,,Advanced,,0,False,True,,,apm.pdef.json (@Param metadata)
RC5_MAX,RC max PWM,"RC maximum PWM pulse width in microseconds. Typically 1000 is lower limit, 1500 is neutral and 2000 is upper limit.",PWM,800,2200,,,Advanced,,1927,False,True,,,apm.pdef.json (@Param metadata)
RC5_MIN,RC min PWM,"RC minimum PWM pulse width in microseconds. Typically 1000 is lower limit, 1500 is neutral and 2000 is upper limit.",PWM,800,2200,,,Advanced,,1102,False,True,,,apm.pdef.json (@Param metadata)
RC5_OPTION,RC input option,Function assigned to this RC channel,,,,"0:Do Nothing, 2:FLIP Mode, 3:Simple Mode, 4:RTL, 5:Save Trim, 7:Save WP, 9:Camera Trigger, 10:RangeFinder Enable, 11:Fence Enable, 13:Super Simple Mode, 14:Acro Trainer, 15:Sprayer Enable, 16:AUTO Mode, 17:AUTOTUNE Mode, 18:LAND Mode, 19:Gripper Release, 21:Parachute Enable, 22:Parachute Release, 23:Parachute 3pos, 24:Auto Mission Reset, 25:AttCon Feed Forward, 26:AttCon Accel Limits, 27:Retract Mount1, 28:Relay1 On/Off, 29:Landing Gear, 30:Lost Copter Sound, 31:Motor Emergency Stop, 32:Motor Interlock, 33:BRAKE Mode, 34:Relay2 On/Off, 35:Relay3 On/Off, 36:Relay4 On/Off, 37:THROW Mode, 38:ADSB Avoidance Enable, 39:PrecLoiter Enable, 40:Proximity Avoidance Enable, 41:ArmDisarm (4.1 and lower), 42:SMARTRTL Mode, 43:InvertedFlight Enable, 44:Winch Enable, 45:Winch Control, 46:RC Override Enable, 47:User Function 1, 48:User Function 2, 49:User Function 3, 52:ACRO Mode, 55:GUIDED Mode, 56:LOITER Mode, 57:FOLLOW Mode, 58:Clear Waypoints, 60:ZigZag Mode, 61:ZigZag SaveWP, 62:Compass Learn, 65:GPS Disable, 66:Relay5 On/Off, 67:Relay6 On/Off, 68:STABILIZE Mode, 69:POSHOLD Mode, 70:ALTHOLD Mode, 71:FLOWHOLD Mode, 72:CIRCLE Mode, 73:DRIFT Mode, 75:SurfaceTrackingUpDown, 76:STANDBY Mode, 78:RunCam Control, 79:RunCam OSD Control, 80:VisOdom Align, 81:Disarm, 83:ZigZag Auto, 84:AirMode, 85:Generator, 90:EKF Source Set, 94:VTX Power, 99:AUTO RTL, 100:KillIMU1, 101:KillIMU2, 102:Camera Mode Toggle, 105:GPS Disable Yaw, 109:use Custom Controller, 110:KillIMU3, 112:SwitchExternalAHRS, 113:Retract Mount2, 151:TURTLE Mode, 152:SIMPLE heading reset, 153:ArmDisarm (4.2 and higher), 154:ArmDisarm with AirMode  (4.2 and higher), 158:Optflow Calibration, 159:Force IS_Flying, 161:Turbine Start(heli), 162:FFT Tune, 163:Mount Lock, 164:Pause Stream Logging, 165:Arm/Emergency Motor Stop, 166:Camera Record Video, 167:Camera Zoom, 168:Camera Manual Focus, 169:Camera Auto Focus, 171:Calibrate Compasses, 172:Battery MPPT Enable, 174:Camera Image Tracking, 175:Camera Lens, 177:Mount LRF enable, 178:FlightMode Pause/Resume, 180:Test autotuned gains after tune is complete, 212:Mount1 Roll, 213:Mount1 Pitch, 214:Mount1 Yaw, 215:Mount2 Roll, 216:Mount2 Pitch, 217:Mount2 Yaw, 219:Transmitter Tuning, 300:Scripting1, 301:Scripting2, 302:Scripting3, 303:Scripting4, 304:Scripting5, 305:Scripting6, 306:Scripting7, 307:Scripting8",,Standard,,70,True,True,,,apm.pdef.json (@Param metadata)
RC5_REVERSED,RC reversed,Reverse channel input. Set to 0 for normal operation. Set to 1 to reverse this input channel.,,,,"0:Normal, 1:Reversed",,Advanced,,0,False,True,,,apm.pdef.json (@Param metadata)
RC5_TRIM,RC trim PWM,"RC trim (neutral) PWM pulse width in microseconds. Typically 1000 is lower limit, 1500 is neutral and 2000 is upper limit.",PWM,800,2200,,,Advanced,,1515,False,True,,,apm.pdef.json (@Param metadata)
RC6_DZ,RC dead-zone,PWM dead zone in microseconds around trim or bottom,PWM,0,200,,,Advanced,,30,False,True,,,apm.pdef.json (@Param metadata)
RC6_MAX,RC max PWM,"RC maximum PWM pulse width in microseconds. Typically 1000 is lower limit, 1500 is neutral and 2000 is upper limit.",PWM,800,2200,,,Advanced,,2000,False,True,,,apm.pdef.json (@Param metadata)
RC6_MIN,RC min PWM,"RC minimum PWM pulse width in microseconds. Typically 1000 is lower limit, 1500 is neutral and 2000 is upper limit.",PWM,800,2200,,,Advanced,,1000,False,True,,,apm.pdef.json (@Param metadata)
RC6_OPTION,RC input option,Function assigned to this RC channel,,,,"0:Do Nothing, 2:FLIP Mode, 3:Simple Mode, 4:RTL, 5:Save Trim, 7:Save WP, 9:Camera Trigger, 10:RangeFinder Enable, 11:Fence Enable, 13:Super Simple Mode, 14:Acro Trainer, 15:Sprayer Enable, 16:AUTO Mode, 17:AUTOTUNE Mode, 18:LAND Mode, 19:Gripper Release, 21:Parachute Enable, 22:Parachute Release, 23:Parachute 3pos, 24:Auto Mission Reset, 25:AttCon Feed Forward, 26:AttCon Accel Limits, 27:Retract Mount1, 28:Relay1 On/Off, 29:Landing Gear, 30:Lost Copter Sound, 31:Motor Emergency Stop, 32:Motor Interlock, 33:BRAKE Mode, 34:Relay2 On/Off, 35:Relay3 On/Off, 36:Relay4 On/Off, 37:THROW Mode, 38:ADSB Avoidance Enable, 39:PrecLoiter Enable, 40:Proximity Avoidance Enable, 41:ArmDisarm (4.1 and lower), 42:SMARTRTL Mode, 43:InvertedFlight Enable, 44:Winch Enable, 45:Winch Control, 46:RC Override Enable, 47:User Function 1, 48:User Function 2, 49:User Function 3, 52:ACRO Mode, 55:GUIDED Mode, 56:LOITER Mode, 57:FOLLOW Mode, 58:Clear Waypoints, 60:ZigZag Mode, 61:ZigZag SaveWP, 62:Compass Learn, 65:GPS Disable, 66:Relay5 On/Off, 67:Relay6 On/Off, 68:STABILIZE Mode, 69:POSHOLD Mode, 70:ALTHOLD Mode, 71:FLOWHOLD Mode, 72:CIRCLE Mode, 73:DRIFT Mode, 75:SurfaceTrackingUpDown, 76:STANDBY Mode, 78:RunCam Control, 79:RunCam OSD Control, 80:VisOdom Align, 81:Disarm, 83:ZigZag Auto, 84:AirMode, 85:Generator, 90:EKF Source Set, 94:VTX Power, 99:AUTO RTL, 100:KillIMU1, 101:KillIMU2, 102:Camera Mode Toggle, 105:GPS Disable Yaw, 109:use Custom Controller, 110:KillIMU3, 112:SwitchExternalAHRS, 113:Retract Mount2, 151:TURTLE Mode, 152:SIMPLE heading reset, 153:ArmDisarm (4.2 and higher), 154:ArmDisarm with AirMode  (4.2 and higher), 158:Optflow Calibration, 159:Force IS_Flying, 161:Turbine Start(heli), 162:FFT Tune, 163:Mount Lock, 164:Pause Stream Logging, 165:Arm/Emergency Motor Stop, 166:Camera Record Video, 167:Camera Zoom, 168:Camera Manual Focus, 169:Camera Auto Focus, 171:Calibrate Compasses, 172:Battery MPPT Enable, 174:Camera Image Tracking, 175:Camera Lens, 177:Mount LRF enable, 178:FlightMode Pause/Resume, 180:Test autotuned gains after tune is complete, 212:Mount1 Roll, 213:Mount1 Pitch, 214:Mount1 Yaw, 215:Mount2 Roll, 216:Mount2 Pitch, 217:Mount2 Yaw, 219:Transmitter Tuning, 300:Scripting1, 301:Scripting2, 302:Scripting3, 303:Scripting4, 304:Scripting5, 305:Scripting6, 306:Scripting7, 307:Scripting8",,Standard,,56,True,True,,,apm.pdef.json (@Param metadata)
RC6_REVERSED,RC reversed,Reverse channel input. Set to 0 for normal operation. Set to 1 to reverse this input channel.,,,,"0:Normal, 1:Reversed",,Advanced,,0,False,True,,,apm.pdef.json (@Param metadata)
RC6_TRIM,RC trim PWM,"RC trim (neutral) PWM pulse width in microseconds. Typically 1000 is lower limit, 1500 is neutral and 2000 is upper limit.",PWM,800,2200,,,Advanced,,1500,False,True,,,apm.pdef.json (@Param metadata)
RC7_DZ,RC dead-zone,PWM dead zone in microseconds around trim or bottom,PWM,0,200,,,Advanced,,50,False,True,,,apm.pdef.json (@Param metadata)
RC7_MAX,RC max PWM,"RC maximum PWM pulse width in microseconds. Typically 1000 is lower limit, 1500 is neutral and 2000 is upper limit.",PWM,800,2200,,,Advanced,,2000,False,True,,,apm.pdef.json (@Param metadata)
RC7_MIN,RC min PWM,"RC minimum PWM pulse width in microseconds. Typically 1000 is lower limit, 1500 is neutral and 2000 is upper limit.",PWM,800,2200,,,Advanced,,1000,False,True,,,apm.pdef.json (@Param metadata)
RC7_OPTION,RC input option,Function assigned to this RC channel,,,,"0:Do Nothing, 2:FLIP Mode, 3:Simple Mode, 4:RTL, 5:Save Trim, 7:Save WP, 9:Camera Trigger, 10:RangeFinder Enable, 11:Fence Enable, 13:Super Simple Mode, 14:Acro Trainer, 15:Sprayer Enable, 16:AUTO Mode, 17:AUTOTUNE Mode, 18:LAND Mode, 19:Gripper Release, 21:Parachute Enable, 22:Parachute Release, 23:Parachute 3pos, 24:Auto Mission Reset, 25:AttCon Feed Forward, 26:AttCon Accel Limits, 27:Retract Mount1, 28:Relay1 On/Off, 29:Landing Gear, 30:Lost Copter Sound, 31:Motor Emergency Stop, 32:Motor Interlock, 33:BRAKE Mode, 34:Relay2 On/Off, 35:Relay3 On/Off, 36:Relay4 On/Off, 37:THROW Mode, 38:ADSB Avoidance Enable, 39:PrecLoiter Enable, 40:Proximity Avoidance Enable, 41:ArmDisarm (4.1 and lower), 42:SMARTRTL Mode, 43:InvertedFlight Enable, 44:Winch Enable, 45:Winch Control, 46:RC Override Enable, 47:User Function 1, 48:User Function 2, 49:User Function 3, 52:ACRO Mode, 55:GUIDED Mode, 56:LOITER Mode, 57:FOLLOW Mode, 58:Clear Waypoints, 60:ZigZag Mode, 61:ZigZag SaveWP, 62:Compass Learn, 65:GPS Disable, 66:Relay5 On/Off, 67:Relay6 On/Off, 68:STABILIZE Mode, 69:POSHOLD Mode, 70:ALTHOLD Mode, 71:FLOWHOLD Mode, 72:CIRCLE Mode, 73:DRIFT Mode, 75:SurfaceTrackingUpDown, 76:STANDBY Mode, 78:RunCam Control, 79:RunCam OSD Control, 80:VisOdom Align, 81:Disarm, 83:ZigZag Auto, 84:AirMode, 85:Generator, 90:EKF Source Set, 94:VTX Power, 99:AUTO RTL, 100:KillIMU1, 101:KillIMU2, 102:Camera Mode Toggle, 105:GPS Disable Yaw, 109:use Custom Controller, 110:KillIMU3, 112:SwitchExternalAHRS, 113:Retract Mount2, 151:TURTLE Mode, 152:SIMPLE heading reset, 153:ArmDisarm (4.2 and higher), 154:ArmDisarm with AirMode  (4.2 and higher), 158:Optflow Calibration, 159:Force IS_Flying, 161:Turbine Start(heli), 162:FFT Tune, 163:Mount Lock, 164:Pause Stream Logging, 165:Arm/Emergency Motor Stop, 166:Camera Record Video, 167:Camera Zoom, 168:Camera Manual Focus, 169:Camera Auto Focus, 171:Calibrate Compasses, 172:Battery MPPT Enable, 174:Camera Image Tracking, 175:Camera Lens, 177:Mount LRF enable, 178:FlightMode Pause/Resume, 180:Test autotuned gains after tune is complete, 212:Mount1 Roll, 213:Mount1 Pitch, 214:Mount1 Yaw, 215:Mount2 Roll, 216:Mount2 Pitch, 217:Mount2 Yaw, 219:Transmitter Tuning, 300:Scripting1, 301:Scripting2, 302:Scripting3, 303:Scripting4, 304:Scripting5, 305:Scripting6, 306:Scripting7, 307:Scripting8",,Standard,,4,True,True,,,apm.pdef.json (@Param metadata)
RC7_REVERSED,RC reversed,Reverse channel input. Set to 0 for normal operation. Set to 1 to reverse this input channel.,,,,"0:Normal, 1:Reversed",,Advanced,,0,False,True,,,apm.pdef.json (@Param metadata)
RC7_TRIM,RC trim PWM,"RC trim (neutral) PWM pulse width in microseconds. Typically 1000 is lower limit, 1500 is neutral and 2000 is upper limit.",PWM,800,2200,,,Advanced,,1500,False,True,,,apm.pdef.json (@Param metadata)
RC8_DZ,RC dead-zone,PWM dead zone in microseconds around trim or bottom,PWM,0,200,,,Advanced,,50,False,True,,,apm.pdef.json (@Param metadata)
RC8_MAX,RC max PWM,"RC maximum PWM pulse width in microseconds. Typically 1000 is lower limit, 1500 is neutral and 2000 is upper limit.",PWM,800,2200,,,Advanced,,2000,False,True,,,apm.pdef.json (@Param metadata)
RC8_MIN,RC min PWM,"RC minimum PWM pulse width in microseconds. Typically 1000 is lower limit, 1500 is neutral and 2000 is upper limit.",PWM,800,2200,,,Advanced,,1000,False,True,,,apm.pdef.json (@Param metadata)
RC8_OPTION,RC input option,Function assigned to this RC channel,,,,"0:Do Nothing, 2:FLIP Mode, 3:Simple Mode, 4:RTL, 5:Save Trim, 7:Save WP, 9:Camera Trigger, 10:RangeFinder Enable, 11:Fence Enable, 13:Super Simple Mode, 14:Acro Trainer, 15:Sprayer Enable, 16:AUTO Mode, 17:AUTOTUNE Mode, 18:LAND Mode, 19:Gripper Release, 21:Parachute Enable, 22:Parachute Release, 23:Parachute 3pos, 24:Auto Mission Reset, 25:AttCon Feed Forward, 26:AttCon Accel Limits, 27:Retract Mount1, 28:Relay1 On/Off, 29:Landing Gear, 30:Lost Copter Sound, 31:Motor Emergency Stop, 32:Motor Interlock, 33:BRAKE Mode, 34:Relay2 On/Off, 35:Relay3 On/Off, 36:Relay4 On/Off, 37:THROW Mode, 38:ADSB Avoidance Enable, 39:PrecLoiter Enable, 40:Proximity Avoidance Enable, 41:ArmDisarm (4.1 and lower), 42:SMARTRTL Mode, 43:InvertedFlight Enable, 44:Winch Enable, 45:Winch Control, 46:RC Override Enable, 47:User Function 1, 48:User Function 2, 49:User Function 3, 52:ACRO Mode, 55:GUIDED Mode, 56:LOITER Mode, 57:FOLLOW Mode, 58:Clear Waypoints, 60:ZigZag Mode, 61:ZigZag SaveWP, 62:Compass Learn, 65:GPS Disable, 66:Relay5 On/Off, 67:Relay6 On/Off, 68:STABILIZE Mode, 69:POSHOLD Mode, 70:ALTHOLD Mode, 71:FLOWHOLD Mode, 72:CIRCLE Mode, 73:DRIFT Mode, 75:SurfaceTrackingUpDown, 76:STANDBY Mode, 78:RunCam Control, 79:RunCam OSD Control, 80:VisOdom Align, 81:Disarm, 83:ZigZag Auto, 84:AirMode, 85:Generator, 90:EKF Source Set, 94:VTX Power, 99:AUTO RTL, 100:KillIMU1, 101:KillIMU2, 102:Camera Mode Toggle, 105:GPS Disable Yaw, 109:use Custom Controller, 110:KillIMU3, 112:SwitchExternalAHRS, 113:Retract Mount2, 151:TURTLE Mode, 152:SIMPLE heading reset, 153:ArmDisarm (4.2 and higher), 154:ArmDisarm with AirMode  (4.2 and higher), 158:Optflow Calibration, 159:Force IS_Flying, 161:Turbine Start(heli), 162:FFT Tune, 163:Mount Lock, 164:Pause Stream Logging, 165:Arm/Emergency Motor Stop, 166:Camera Record Video, 167:Camera Zoom, 168:Camera Manual Focus, 169:Camera Auto Focus, 171:Calibrate Compasses, 172:Battery MPPT Enable, 174:Camera Image Tracking, 175:Camera Lens, 177:Mount LRF enable, 178:FlightMode Pause/Resume, 180:Test autotuned gains after tune is complete, 212:Mount1 Roll, 213:Mount1 Pitch, 214:Mount1 Yaw, 215:Mount2 Roll, 216:Mount2 Pitch, 217:Mount2 Yaw, 219:Transmitter Tuning, 300:Scripting1, 301:Scripting2, 302:Scripting3, 303:Scripting4, 304:Scripting5, 305:Scripting6, 306:Scripting7, 307:Scripting8",,Standard,,16,True,True,,,apm.pdef.json (@Param metadata)
RC8_REVERSED,RC reversed,Reverse channel input. Set to 0 for normal operation. Set to 1 to reverse this input channel.,,,,"0:Normal, 1:Reversed",,Advanced,,0,False,True,,,apm.pdef.json (@Param metadata)
RC8_TRIM,RC trim PWM,"RC trim (neutral) PWM pulse width in microseconds. Typically 1000 is lower limit, 1500 is neutral and 2000 is upper limit.",PWM,800,2200,,,Advanced,,1500,False,True,,,apm.pdef.json (@Param metadata)
RC9_DZ,RC dead-zone,PWM dead zone in microseconds around trim or bottom,PWM,0,200,,,Advanced,,50,False,True,,,apm.pdef.json (@Param metadata)
RC9_MAX,RC max PWM,"RC maximum PWM pulse width in microseconds. Typically 1000 is lower limit, 1500 is neutral and 2000 is upper limit.",PWM,800,2200,,,Advanced,,2000,False,True,,,apm.pdef.json (@Param metadata)
RC9_MIN,RC min PWM,"RC minimum PWM pulse width in microseconds. Typically 1000 is lower limit, 1500 is neutral and 2000 is upper limit.",PWM,800,2200,,,Advanced,,1000,False,True,,,apm.pdef.json (@Param metadata)
RC9_OPTION,RC input option,Function assigned to this RC channel,,,,"0:Do Nothing, 2:FLIP Mode, 3:Simple Mode, 4:RTL, 5:Save Trim, 7:Save WP, 9:Camera Trigger, 10:RangeFinder Enable, 11:Fence Enable, 13:Super Simple Mode, 14:Acro Trainer, 15:Sprayer Enable, 16:AUTO Mode, 17:AUTOTUNE Mode, 18:LAND Mode, 19:Gripper Release, 21:Parachute Enable, 22:Parachute Release, 23:Parachute 3pos, 24:Auto Mission Reset, 25:AttCon Feed Forward, 26:AttCon Accel Limits, 27:Retract Mount1, 28:Relay1 On/Off, 29:Landing Gear, 30:Lost Copter Sound, 31:Motor Emergency Stop, 32:Motor Interlock, 33:BRAKE Mode, 34:Relay2 On/Off, 35:Relay3 On/Off, 36:Relay4 On/Off, 37:THROW Mode, 38:ADSB Avoidance Enable, 39:PrecLoiter Enable, 40:Proximity Avoidance Enable, 41:ArmDisarm (4.1 and lower), 42:SMARTRTL Mode, 43:InvertedFlight Enable, 44:Winch Enable, 45:Winch Control, 46:RC Override Enable, 47:User Function 1, 48:User Function 2, 49:User Function 3, 52:ACRO Mode, 55:GUIDED Mode, 56:LOITER Mode, 57:FOLLOW Mode, 58:Clear Waypoints, 60:ZigZag Mode, 61:ZigZag SaveWP, 62:Compass Learn, 65:GPS Disable, 66:Relay5 On/Off, 67:Relay6 On/Off, 68:STABILIZE Mode, 69:POSHOLD Mode, 70:ALTHOLD Mode, 71:FLOWHOLD Mode, 72:CIRCLE Mode, 73:DRIFT Mode, 75:SurfaceTrackingUpDown, 76:STANDBY Mode, 78:RunCam Control, 79:RunCam OSD Control, 80:VisOdom Align, 81:Disarm, 83:ZigZag Auto, 84:AirMode, 85:Generator, 90:EKF Source Set, 94:VTX Power, 99:AUTO RTL, 100:KillIMU1, 101:KillIMU2, 102:Camera Mode Toggle, 105:GPS Disable Yaw, 109:use Custom Controller, 110:KillIMU3, 112:SwitchExternalAHRS, 113:Retract Mount2, 151:TURTLE Mode, 152:SIMPLE heading reset, 153:ArmDisarm (4.2 and higher), 154:ArmDisarm with AirMode  (4.2 and higher), 158:Optflow Calibration, 159:Force IS_Flying, 161:Turbine Start(heli), 162:FFT Tune, 163:Mount Lock, 164:Pause Stream Logging, 165:Arm/Emergency Motor Stop, 166:Camera Record Video, 167:Camera Zoom, 168:Camera Manual Focus, 169:Camera Auto Focus, 171:Calibrate Compasses, 172:Battery MPPT Enable, 174:Camera Image Tracking, 175:Camera Lens, 177:Mount LRF enable, 178:FlightMode Pause/Resume, 180:Test autotuned gains after tune is complete, 212:Mount1 Roll, 213:Mount1 Pitch, 214:Mount1 Yaw, 215:Mount2 Roll, 216:Mount2 Pitch, 217:Mount2 Yaw, 219:Transmitter Tuning, 300:Scripting1, 301:Scripting2, 302:Scripting3, 303:Scripting4, 304:Scripting5, 305:Scripting6, 306:Scripting7, 307:Scripting8",,Standard,,214,False,True,,,apm.pdef.json (@Param metadata)
RC9_REVERSED,RC reversed,Reverse channel input. Set to 0 for normal operation. Set to 1 to reverse this input channel.,,,,"0:Normal, 1:Reversed",,Advanced,,0,False,True,,,apm.pdef.json (@Param metadata)
RC9_TRIM,RC trim PWM,"RC trim (neutral) PWM pulse width in microseconds. Typically 1000 is lower limit, 1500 is neutral and 2000 is upper limit.",PWM,800,2200,,,Advanced,,1500,False,True,,,apm.pdef.json (@Param metadata)
RCMAP_PITCH,Pitch channel,"Pitch channel number. This is useful when you have a RC transmitter that can't change the channel order easily. Pitch is normally on channel 2, but you can move it to any channel with this parameter. Reboot is required for changes to take effect.",,1,16,,,Advanced,True,2,True,True,,,apm.pdef.json (@Param metadata)
RCMAP_ROLL,Roll channel,"Roll channel number. This is useful when you have a RC transmitter that can't change the channel order easily. Roll is normally on channel 1, but you can move it to any channel with this parameter. Reboot is required for changes to take effect.",,1,16,,,Advanced,True,1,True,True,,,apm.pdef.json (@Param metadata)
RCMAP_THROTTLE,Throttle channel,"Throttle channel number. This is useful when you have a RC transmitter that can't change the channel order easily. Throttle is normally on channel 3, but you can move it to any channel with this parameter. Reboot is required for changes to take effect.",,1,16,,,Advanced,True,3,True,True,,,apm.pdef.json (@Param metadata)
RCMAP_YAW,Yaw channel,"Yaw channel number. This is useful when you have a RC transmitter that can't change the channel order easily. Yaw (also known as rudder) is normally on channel 4, but you can move it to any channel with this parameter. Reboot is required for changes to take effect.",,1,16,,,Advanced,True,4,True,True,,,apm.pdef.json (@Param metadata)
RC_FS_TIMEOUT,RC Failsafe timeout,RC failsafe will trigger this many seconds after loss of RC,s,0.5,10.0,,,Standard,,1,False,True,,,apm.pdef.json (@Param metadata)
RC_OPTIONS,RC options,RC input options,,,,,"0:Ignore RC Receiver, 1:Ignore MAVLink Overrides, 2:Ignore Receiver Failsafe bit but allow other RC failsafes if setup, 3:FPort Pad, 4:Log RC input bytes, 5:Arming check throttle for 0 input, 6:Skip the arming check for neutral Roll/Pitch/Yaw sticks, 7:Allow Switch reverse, 8:Use passthrough for CRSF telemetry, 9:Suppress CRSF mode/rate message for ELRS systems, 10:Enable multiple receiver support, 11:Use Link Quality for RSSI with CRSF, 12:Annotate CRSF flight mode with * on disarm, 13:Use 420kbaud for ELRS protocol",Advanced,,32,True,False,,,apm.pdef.json (@Param metadata)
RC_OVERRIDE_TIME,RC override timeout,"Timeout after which RC overrides will no longer be used, and RC input will resume, 0 will disable RC overrides, -1 will never timeout, and continue using overrides until they are disabled",s,0.0,120.0,,,Advanced,,3,True,False,,,apm.pdef.json (@Param metadata)
RC_PROTOCOLS,RC protocols enabled,Bitmask of enabled RC protocols. Allows narrowing the protocol detection to only specific types of RC receivers which can avoid issues with incorrect detection. Set to 1 to enable all protocols.,,,,,"0:All, 1:PPM, 2:IBUS, 3:SBUS, 4:SBUS_NI, 5:DSM, 6:SUMD, 7:SRXL, 8:SRXL2, 9:CRSF, 10:ST24, 11:FPORT, 12:FPORT2, 13:FastSBUS, 14:DroneCAN, 15:Ghost, 16:MAVRadio",Advanced,,1,True,False,,,apm.pdef.json (@Param metadata)
RC_SPEED,ESC Update Speed,This is the speed in Hertz that your ESCs will receive updates,Hz,50,490,,,Advanced,,490,True,False,,,apm.pdef.json (@Param metadata)
RELAY1_FUNCTION,Relay function,The function the relay channel is mapped to.,,,,"0:None, 1:Relay, 3:Parachute, 4:Camera",,,,0,False,True,,,apm.pdef.json (@Param metadata)
RELAY2_FUNCTION,Relay function,The function the relay channel is mapped to.,,,,"0:None, 1:Relay, 3:Parachute, 4:Camera",,,,0,False,True,,,apm.pdef.json (@Param metadata)
RELAY3_FUNCTION,Relay function,The function the relay channel is mapped to.,,,,"0:None, 1:Relay, 3:Parachute, 4:Camera",,,,0,False,True,,,apm.pdef.json (@Param metadata)
RELAY4_FUNCTION,Relay function,The function the relay channel is mapped to.,,,,"0:None, 1:Relay, 3:Parachute, 4:Camera",,,,0,False,True,,,apm.pdef.json (@Param metadata)
RELAY5_FUNCTION,Relay function,The function the relay channel is mapped to.,,,,"0:None, 1:Relay, 3:Parachute, 4:Camera",,,,0,False,True,,,apm.pdef.json (@Param metadata)
RELAY6_FUNCTION,Relay function,The function the relay channel is mapped to.,,,,"0:None, 1:Relay, 3:Parachute, 4:Camera",,,,0,False,True,,,apm.pdef.json (@Param metadata)
RFND_BTN_EN,Downward Rangefinder GCS Button Enable,"Soft enable for the downward rangefinder, driven by a GCS button. When this parameter changes from the GCS, the downward rangefinder enable state is updated to match (1 = enabled, 0 = disabled). On boot the value is recorded but not applied, so hardware-detected enable state from init_rangefinder() is preserved. RC AUX_FUNC RANGEFINDER (option 28) still works in parallel.",,,,"0:Disabled, 1:Enabled",,Standard,,1,False,True,,,apm.pdef.json (@Param metadata)
RNGFND1_ADDR,Bus address of sensor,"This sets the bus address of the sensor, where applicable. Used for the I2C and DroneCAN sensors to allow for multiple sensors on different addresses.",,0,127,,,Standard,,0,True,False,,,apm.pdef.json (@Param metadata)
RNGFND1_FUNCTION,Rangefinder function,"Control over what function is used to calculate distance. For a linear function, the distance is (voltage-offset)*scaling. For a inverted function the distance is (offset-voltage)*scaling. For a hyperbolic function the distance is scaling/(voltage-offset). The functions return the distance in meters.",,,,"0:Linear, 1:Inverted, 2:Hyperbolic",,Standard,,0,True,False,,,apm.pdef.json (@Param metadata)
RNGFND1_GNDCLEAR,Distance (in cm) from the range finder to the ground,This parameter sets the expected range measurement(in cm) that the range finder should return when the vehicle is on the ground.,cm,5,127,,,Standard,,30,False,False,,,apm.pdef.json (@Param metadata)
RNGFND1_MAX_CM,Rangefinder maximum distance,Maximum distance in centimeters that rangefinder can reliably read,cm,,,,,Standard,,9500,False,False,,,apm.pdef.json (@Param metadata)
RNGFND1_MIN_CM,Rangefinder minimum distance,Minimum distance in centimeters that rangefinder can reliably read,cm,,,,,Standard,,5,False,False,,,apm.pdef.json (@Param metadata)
RNGFND1_OFFSET,rangefinder offset,Offset in volts for zero distance for analog rangefinders. Offset added to distance in centimeters for PWM lidars,V,,,,,Standard,,0,False,False,,,apm.pdef.json (@Param metadata)
RNGFND1_ORIENT,Rangefinder orientation,Orientation of rangefinder,,,,"0:Forward, 1:Forward-Right, 2:Right, 3:Back-Right, 4:Back, 5:Back-Left, 6:Left, 7:Forward-Left, 24:Up, 25:Down",,Advanced,,25,False,False,,,apm.pdef.json (@Param metadata)
RNGFND1_PIN,Rangefinder pin,"Analog or PWM input pin that rangefinder is connected to. Analog RSSI or Airspeed ports can be used for Analog inputs (some autopilots provide others also), Non-IOMCU Servo/MotorOutputs can be used for PWM input when configured as ""GPIOs"". Values for some autopilots are given as examples. Search wiki for ""Analog pins"" for analog pin or ""GPIOs"", if PWM input type, to determine pin number.",,,,"-1:Not Used, 11:Pixracer, 13:Pixhawk ADC4, 14:Pixhawk ADC3, 15:Pixhawk ADC6/Pixhawk2 ADC, 50:AUX1, 51:AUX2, 52:AUX3, 53:AUX4, 54:AUX5, 55:AUX6, 103:Pixhawk SBUS",,Standard,,-1,True,False,,,apm.pdef.json (@Param metadata)
RNGFND1_POS_X, X position offset,X position of the rangefinder in body frame. Positive X is forward of the origin. Use the zero range datum point if supplied.,m,-5,5,,,Advanced,,0,True,False,,,apm.pdef.json (@Param metadata)
RNGFND1_POS_Y,Y position offset,Y position of the rangefinder in body frame. Positive Y is to the right of the origin. Use the zero range datum point if supplied.,m,-5,5,,,Advanced,,0,True,False,,,apm.pdef.json (@Param metadata)
RNGFND1_POS_Z,Z position offset,Z position of the rangefinder in body frame. Positive Z is down from the origin. Use the zero range datum point if supplied.,m,-5,5,,,Advanced,,0,True,False,,,apm.pdef.json (@Param metadata)
RNGFND1_PWRRNG,Powersave range,This parameter sets the estimated terrain distance in meters above which the sensor will be put into a power saving mode (if available). A value of zero means power saving is not enabled,m,0,32767,,,Standard,,0,True,False,,,apm.pdef.json (@Param metadata)
RNGFND1_RMETRIC,Ratiometric,"This parameter sets whether an analog rangefinder is ratiometric. Most analog rangefinders are ratiometric, meaning that their output voltage is influenced by the supply voltage. Some analog rangefinders (such as the SF/02) have their own internal voltage regulators so they are not ratiometric.",,,,"0:No, 1:Yes",,Standard,,1,True,False,,,apm.pdef.json (@Param metadata)
RNGFND1_SCALING,Rangefinder scaling,Scaling factor between rangefinder reading and distance. For the linear and inverted functions this is in meters per volt. For the hyperbolic function the units are meterVolts. For Maxbotix serial sonar this is unit conversion to meters.,m/V,,,,,Standard,,1,True,False,,,apm.pdef.json (@Param metadata)
RNGFND1_STOP_PIN,Rangefinder stop pin,"Digital pin that enables/disables rangefinder measurement for the pwm rangefinder. A value of -1 means no pin. If this is set, then the pin is set to 1 to enable the rangefinder and set to 0 to disable it. This is used to enable powersaving when out of range. Some common values are given, but see the Wiki's ""GPIOs"" page for how to determine the pin number for a given autopilot.",,,,"-1:Not Used, 50:AUX1, 51:AUX2, 52:AUX3, 53:AUX4, 54:AUX5, 55:AUX6, 111:PX4 FMU Relay1, 112:PX4 FMU Relay2, 113:PX4IO Relay1, 114:PX4IO Relay2, 115:PX4IO ACC1, 116:PX4IO ACC2",,Standard,,-1,True,False,,,apm.pdef.json (@Param metadata)
RNGFND1_TYPE,Rangefinder type,Type of connected rangefinder,,,,"0:None, 1:Analog, 2:MaxbotixI2C, 3:LidarLite-I2C, 5:PWM, 6:BBB-PRU, 7:LightWareI2C, 8:LightWareSerial, 9:Bebop, 10:MAVLink, 11:USD1_Serial, 12:LeddarOne, 13:MaxbotixSerial, 14:TeraRangerI2C, 15:LidarLiteV3-I2C, 16:VL53L0X or VL53L1X, 17:NMEA, 18:WASP-LRF, 19:BenewakeTF02, 20:Benewake-Serial, 21:LidarLightV3HP, 22:PWM, 23:BlueRoboticsPing, 24:DroneCAN, 25:BenewakeTFminiPlus-I2C, 26:LanbaoPSK-CM8JL65-CC5, 27:BenewakeTF03, 28:VL53L1X-ShortRange, 29:LeddarVu8-Serial, 30:HC-SR04, 31:GYUS42v2, 32:MSP, 33:USD1_CAN, 34:Benewake_CAN, 35:TeraRangerSerial, 36:Lua_Scripting, 37:NoopLoop_TOFSense, 38:NoopLoop_TOFSense_CAN, 39:NRA24_CAN, 40:NoopLoop_TOFSenseF_I2C, 41:JRE_Serial, 42:Ainstein_LR_D1, 43:RDS02UF, 44:HexsoonRadar, 100:SITL",,Standard,,8,False,False,,,apm.pdef.json (@Param metadata)
RNGFND2_ADDR,Bus address of sensor,"This sets the bus address of the sensor, where applicable. Used for the I2C and DroneCAN sensors to allow for multiple sensors on different addresses.",,0,127,,,Standard,,0,True,False,,,apm.pdef.json (@Param metadata)
RNGFND2_FUNCTION,Rangefinder function,"Control over what function is used to calculate distance. For a linear function, the distance is (voltage-offset)*scaling. For a inverted function the distance is (offset-voltage)*scaling. For a hyperbolic function the distance is scaling/(voltage-offset). The functions return the distance in meters.",,,,"0:Linear, 1:Inverted, 2:Hyperbolic",,Standard,,0,True,False,,,apm.pdef.json (@Param metadata)
RNGFND2_GNDCLEAR,Distance (in cm) from the range finder to the ground,This parameter sets the expected range measurement(in cm) that the range finder should return when the vehicle is on the ground.,cm,5,127,,,Standard,,10,False,False,,,apm.pdef.json (@Param metadata)
RNGFND2_MAX_CM,Rangefinder maximum distance,Maximum distance in centimeters that rangefinder can reliably read,cm,,,,,Standard,,4500,False,False,,,apm.pdef.json (@Param metadata)
RNGFND2_MIN_CM,Rangefinder minimum distance,Minimum distance in centimeters that rangefinder can reliably read,cm,,,,,Standard,,20,False,False,,,apm.pdef.json (@Param metadata)
RNGFND2_OFFSET,rangefinder offset,Offset in volts for zero distance for analog rangefinders. Offset added to distance in centimeters for PWM lidars,V,,,,,Standard,,0,True,False,,,apm.pdef.json (@Param metadata)
RNGFND2_ORIENT,Rangefinder orientation,Orientation of rangefinder,,,,"0:Forward, 1:Forward-Right, 2:Right, 3:Back-Right, 4:Back, 5:Back-Left, 6:Left, 7:Forward-Left, 24:Up, 25:Down",,Advanced,,0,True,False,,,apm.pdef.json (@Param metadata)
RNGFND2_PIN,Rangefinder pin,"Analog or PWM input pin that rangefinder is connected to. Analog RSSI or Airspeed ports can be used for Analog inputs (some autopilots provide others also), Non-IOMCU Servo/MotorOutputs can be used for PWM input when configured as ""GPIOs"". Values for some autopilots are given as examples. Search wiki for ""Analog pins"" for analog pin or ""GPIOs"", if PWM input type, to determine pin number.",,,,"-1:Not Used, 11:Pixracer, 13:Pixhawk ADC4, 14:Pixhawk ADC3, 15:Pixhawk ADC6/Pixhawk2 ADC, 50:AUX1, 51:AUX2, 52:AUX3, 53:AUX4, 54:AUX5, 55:AUX6, 103:Pixhawk SBUS",,Standard,,-1,True,False,,,apm.pdef.json (@Param metadata)
RNGFND2_POS_X, X position offset,X position of the rangefinder in body frame. Positive X is forward of the origin. Use the zero range datum point if supplied.,m,-5,5,,,Advanced,,0,True,False,,,apm.pdef.json (@Param metadata)
RNGFND2_POS_Y,Y position offset,Y position of the rangefinder in body frame. Positive Y is to the right of the origin. Use the zero range datum point if supplied.,m,-5,5,,,Advanced,,0,True,False,,,apm.pdef.json (@Param metadata)
RNGFND2_POS_Z,Z position offset,Z position of the rangefinder in body frame. Positive Z is down from the origin. Use the zero range datum point if supplied.,m,-5,5,,,Advanced,,0,True,False,,,apm.pdef.json (@Param metadata)
RNGFND2_PWRRNG,Powersave range,This parameter sets the estimated terrain distance in meters above which the sensor will be put into a power saving mode (if available). A value of zero means power saving is not enabled,m,0,32767,,,Standard,,0,True,False,,,apm.pdef.json (@Param metadata)
RNGFND2_RMETRIC,Ratiometric,"This parameter sets whether an analog rangefinder is ratiometric. Most analog rangefinders are ratiometric, meaning that their output voltage is influenced by the supply voltage. Some analog rangefinders (such as the SF/02) have their own internal voltage regulators so they are not ratiometric.",,,,"0:No, 1:Yes",,Standard,,1,True,False,,,apm.pdef.json (@Param metadata)
RNGFND2_SCALING,Rangefinder scaling,Scaling factor between rangefinder reading and distance. For the linear and inverted functions this is in meters per volt. For the hyperbolic function the units are meterVolts. For Maxbotix serial sonar this is unit conversion to meters.,m/V,,,,,Standard,,1,True,False,,,apm.pdef.json (@Param metadata)
RNGFND2_STOP_PIN,Rangefinder stop pin,"Digital pin that enables/disables rangefinder measurement for the pwm rangefinder. A value of -1 means no pin. If this is set, then the pin is set to 1 to enable the rangefinder and set to 0 to disable it. This is used to enable powersaving when out of range. Some common values are given, but see the Wiki's ""GPIOs"" page for how to determine the pin number for a given autopilot.",,,,"-1:Not Used, 50:AUX1, 51:AUX2, 52:AUX3, 53:AUX4, 54:AUX5, 55:AUX6, 111:PX4 FMU Relay1, 112:PX4 FMU Relay2, 113:PX4IO Relay1, 114:PX4IO Relay2, 115:PX4IO ACC1, 116:PX4IO ACC2",,Standard,,-1,True,False,,,apm.pdef.json (@Param metadata)
RNGFND2_TYPE,Rangefinder type,Type of connected rangefinder,,,,"0:None, 1:Analog, 2:MaxbotixI2C, 3:LidarLite-I2C, 5:PWM, 6:BBB-PRU, 7:LightWareI2C, 8:LightWareSerial, 9:Bebop, 10:MAVLink, 11:USD1_Serial, 12:LeddarOne, 13:MaxbotixSerial, 14:TeraRangerI2C, 15:LidarLiteV3-I2C, 16:VL53L0X or VL53L1X, 17:NMEA, 18:WASP-LRF, 19:BenewakeTF02, 20:Benewake-Serial, 21:LidarLightV3HP, 22:PWM, 23:BlueRoboticsPing, 24:DroneCAN, 25:BenewakeTFminiPlus-I2C, 26:LanbaoPSK-CM8JL65-CC5, 27:BenewakeTF03, 28:VL53L1X-ShortRange, 29:LeddarVu8-Serial, 30:HC-SR04, 31:GYUS42v2, 32:MSP, 33:USD1_CAN, 34:Benewake_CAN, 35:TeraRangerSerial, 36:Lua_Scripting, 37:NoopLoop_TOFSense, 38:NoopLoop_TOFSense_CAN, 39:NRA24_CAN, 40:NoopLoop_TOFSenseF_I2C, 41:JRE_Serial, 42:Ainstein_LR_D1, 43:RDS02UF, 44:HexsoonRadar, 100:SITL",,Standard,,24,False,False,,,apm.pdef.json (@Param metadata)
RNGFND3_TYPE,Rangefinder type,Type of connected rangefinder,,,,"0:None, 1:Analog, 2:MaxbotixI2C, 3:LidarLite-I2C, 5:PWM, 6:BBB-PRU, 7:LightWareI2C, 8:LightWareSerial, 9:Bebop, 10:MAVLink, 11:USD1_Serial, 12:LeddarOne, 13:MaxbotixSerial, 14:TeraRangerI2C, 15:LidarLiteV3-I2C, 16:VL53L0X or VL53L1X, 17:NMEA, 18:WASP-LRF, 19:BenewakeTF02, 20:Benewake-Serial, 21:LidarLightV3HP, 22:PWM, 23:BlueRoboticsPing, 24:DroneCAN, 25:BenewakeTFminiPlus-I2C, 26:LanbaoPSK-CM8JL65-CC5, 27:BenewakeTF03, 28:VL53L1X-ShortRange, 29:LeddarVu8-Serial, 30:HC-SR04, 31:GYUS42v2, 32:MSP, 33:USD1_CAN, 34:Benewake_CAN, 35:TeraRangerSerial, 36:Lua_Scripting, 37:NoopLoop_TOFSense, 38:NoopLoop_TOFSense_CAN, 39:NRA24_CAN, 40:NoopLoop_TOFSenseF_I2C, 41:JRE_Serial, 42:Ainstein_LR_D1, 43:RDS02UF, 44:HexsoonRadar, 100:SITL",,Standard,,0,False,False,,,apm.pdef.json (@Param metadata)
RNGFND4_TYPE,Rangefinder type,Type of connected rangefinder,,,,"0:None, 1:Analog, 2:MaxbotixI2C, 3:LidarLite-I2C, 5:PWM, 6:BBB-PRU, 7:LightWareI2C, 8:LightWareSerial, 9:Bebop, 10:MAVLink, 11:USD1_Serial, 12:LeddarOne, 13:MaxbotixSerial, 14:TeraRangerI2C, 15:LidarLiteV3-I2C, 16:VL53L0X or VL53L1X, 17:NMEA, 18:WASP-LRF, 19:BenewakeTF02, 20:Benewake-Serial, 21:LidarLightV3HP, 22:PWM, 23:BlueRoboticsPing, 24:DroneCAN, 25:BenewakeTFminiPlus-I2C, 26:LanbaoPSK-CM8JL65-CC5, 27:BenewakeTF03, 28:VL53L1X-ShortRange, 29:LeddarVu8-Serial, 30:HC-SR04, 31:GYUS42v2, 32:MSP, 33:USD1_CAN, 34:Benewake_CAN, 35:TeraRangerSerial, 36:Lua_Scripting, 37:NoopLoop_TOFSense, 38:NoopLoop_TOFSense_CAN, 39:NRA24_CAN, 40:NoopLoop_TOFSenseF_I2C, 41:JRE_Serial, 42:Ainstein_LR_D1, 43:RDS02UF, 44:HexsoonRadar, 100:SITL",,Standard,,0,True,False,,,apm.pdef.json (@Param metadata)
RNGFND5_TYPE,Rangefinder type,Type of connected rangefinder,,,,"0:None, 1:Analog, 2:MaxbotixI2C, 3:LidarLite-I2C, 5:PWM, 6:BBB-PRU, 7:LightWareI2C, 8:LightWareSerial, 9:Bebop, 10:MAVLink, 11:USD1_Serial, 12:LeddarOne, 13:MaxbotixSerial, 14:TeraRangerI2C, 15:LidarLiteV3-I2C, 16:VL53L0X or VL53L1X, 17:NMEA, 18:WASP-LRF, 19:BenewakeTF02, 20:Benewake-Serial, 21:LidarLightV3HP, 22:PWM, 23:BlueRoboticsPing, 24:DroneCAN, 25:BenewakeTFminiPlus-I2C, 26:LanbaoPSK-CM8JL65-CC5, 27:BenewakeTF03, 28:VL53L1X-ShortRange, 29:LeddarVu8-Serial, 30:HC-SR04, 31:GYUS42v2, 32:MSP, 33:USD1_CAN, 34:Benewake_CAN, 35:TeraRangerSerial, 36:Lua_Scripting, 37:NoopLoop_TOFSense, 38:NoopLoop_TOFSense_CAN, 39:NRA24_CAN, 40:NoopLoop_TOFSenseF_I2C, 41:JRE_Serial, 42:Ainstein_LR_D1, 43:RDS02UF, 44:HexsoonRadar, 100:SITL",,Standard,,0,True,False,,,apm.pdef.json (@Param metadata)
RNGFND6_TYPE,Rangefinder type,Type of connected rangefinder,,,,"0:None, 1:Analog, 2:MaxbotixI2C, 3:LidarLite-I2C, 5:PWM, 6:BBB-PRU, 7:LightWareI2C, 8:LightWareSerial, 9:Bebop, 10:MAVLink, 11:USD1_Serial, 12:LeddarOne, 13:MaxbotixSerial, 14:TeraRangerI2C, 15:LidarLiteV3-I2C, 16:VL53L0X or VL53L1X, 17:NMEA, 18:WASP-LRF, 19:BenewakeTF02, 20:Benewake-Serial, 21:LidarLightV3HP, 22:PWM, 23:BlueRoboticsPing, 24:DroneCAN, 25:BenewakeTFminiPlus-I2C, 26:LanbaoPSK-CM8JL65-CC5, 27:BenewakeTF03, 28:VL53L1X-ShortRange, 29:LeddarVu8-Serial, 30:HC-SR04, 31:GYUS42v2, 32:MSP, 33:USD1_CAN, 34:Benewake_CAN, 35:TeraRangerSerial, 36:Lua_Scripting, 37:NoopLoop_TOFSense, 38:NoopLoop_TOFSense_CAN, 39:NRA24_CAN, 40:NoopLoop_TOFSenseF_I2C, 41:JRE_Serial, 42:Ainstein_LR_D1, 43:RDS02UF, 44:HexsoonRadar, 100:SITL",,Standard,,0,True,False,,,apm.pdef.json (@Param metadata)
RNGFND7_TYPE,Rangefinder type,Type of connected rangefinder,,,,"0:None, 1:Analog, 2:MaxbotixI2C, 3:LidarLite-I2C, 5:PWM, 6:BBB-PRU, 7:LightWareI2C, 8:LightWareSerial, 9:Bebop, 10:MAVLink, 11:USD1_Serial, 12:LeddarOne, 13:MaxbotixSerial, 14:TeraRangerI2C, 15:LidarLiteV3-I2C, 16:VL53L0X or VL53L1X, 17:NMEA, 18:WASP-LRF, 19:BenewakeTF02, 20:Benewake-Serial, 21:LidarLightV3HP, 22:PWM, 23:BlueRoboticsPing, 24:DroneCAN, 25:BenewakeTFminiPlus-I2C, 26:LanbaoPSK-CM8JL65-CC5, 27:BenewakeTF03, 28:VL53L1X-ShortRange, 29:LeddarVu8-Serial, 30:HC-SR04, 31:GYUS42v2, 32:MSP, 33:USD1_CAN, 34:Benewake_CAN, 35:TeraRangerSerial, 36:Lua_Scripting, 37:NoopLoop_TOFSense, 38:NoopLoop_TOFSense_CAN, 39:NRA24_CAN, 40:NoopLoop_TOFSenseF_I2C, 41:JRE_Serial, 42:Ainstein_LR_D1, 43:RDS02UF, 44:HexsoonRadar, 100:SITL",,Standard,,0,True,False,,,apm.pdef.json (@Param metadata)
RNGFND8_TYPE,Rangefinder type,Type of connected rangefinder,,,,"0:None, 1:Analog, 2:MaxbotixI2C, 3:LidarLite-I2C, 5:PWM, 6:BBB-PRU, 7:LightWareI2C, 8:LightWareSerial, 9:Bebop, 10:MAVLink, 11:USD1_Serial, 12:LeddarOne, 13:MaxbotixSerial, 14:TeraRangerI2C, 15:LidarLiteV3-I2C, 16:VL53L0X or VL53L1X, 17:NMEA, 18:WASP-LRF, 19:BenewakeTF02, 20:Benewake-Serial, 21:LidarLightV3HP, 22:PWM, 23:BlueRoboticsPing, 24:DroneCAN, 25:BenewakeTFminiPlus-I2C, 26:LanbaoPSK-CM8JL65-CC5, 27:BenewakeTF03, 28:VL53L1X-ShortRange, 29:LeddarVu8-Serial, 30:HC-SR04, 31:GYUS42v2, 32:MSP, 33:USD1_CAN, 34:Benewake_CAN, 35:TeraRangerSerial, 36:Lua_Scripting, 37:NoopLoop_TOFSense, 38:NoopLoop_TOFSense_CAN, 39:NRA24_CAN, 40:NoopLoop_TOFSenseF_I2C, 41:JRE_Serial, 42:Ainstein_LR_D1, 43:RDS02UF, 44:HexsoonRadar, 100:SITL",,Standard,,0,True,False,,,apm.pdef.json (@Param metadata)
RNGFND9_TYPE,Rangefinder type,Type of connected rangefinder,,,,"0:None, 1:Analog, 2:MaxbotixI2C, 3:LidarLite-I2C, 5:PWM, 6:BBB-PRU, 7:LightWareI2C, 8:LightWareSerial, 9:Bebop, 10:MAVLink, 11:USD1_Serial, 12:LeddarOne, 13:MaxbotixSerial, 14:TeraRangerI2C, 15:LidarLiteV3-I2C, 16:VL53L0X or VL53L1X, 17:NMEA, 18:WASP-LRF, 19:BenewakeTF02, 20:Benewake-Serial, 21:LidarLightV3HP, 22:PWM, 23:BlueRoboticsPing, 24:DroneCAN, 25:BenewakeTFminiPlus-I2C, 26:LanbaoPSK-CM8JL65-CC5, 27:BenewakeTF03, 28:VL53L1X-ShortRange, 29:LeddarVu8-Serial, 30:HC-SR04, 31:GYUS42v2, 32:MSP, 33:USD1_CAN, 34:Benewake_CAN, 35:TeraRangerSerial, 36:Lua_Scripting, 37:NoopLoop_TOFSense, 38:NoopLoop_TOFSense_CAN, 39:NRA24_CAN, 40:NoopLoop_TOFSenseF_I2C, 41:JRE_Serial, 42:Ainstein_LR_D1, 43:RDS02UF, 44:HexsoonRadar, 100:SITL",,Standard,,0,True,False,,,apm.pdef.json (@Param metadata)
RNGFNDA_TYPE,Rangefinder type,Type of connected rangefinder,,,,"0:None, 1:Analog, 2:MaxbotixI2C, 3:LidarLite-I2C, 5:PWM, 6:BBB-PRU, 7:LightWareI2C, 8:LightWareSerial, 9:Bebop, 10:MAVLink, 11:USD1_Serial, 12:LeddarOne, 13:MaxbotixSerial, 14:TeraRangerI2C, 15:LidarLiteV3-I2C, 16:VL53L0X or VL53L1X, 17:NMEA, 18:WASP-LRF, 19:BenewakeTF02, 20:Benewake-Serial, 21:LidarLightV3HP, 22:PWM, 23:BlueRoboticsPing, 24:DroneCAN, 25:BenewakeTFminiPlus-I2C, 26:LanbaoPSK-CM8JL65-CC5, 27:BenewakeTF03, 28:VL53L1X-ShortRange, 29:LeddarVu8-Serial, 30:HC-SR04, 31:GYUS42v2, 32:MSP, 33:USD1_CAN, 34:Benewake_CAN, 35:TeraRangerSerial, 36:Lua_Scripting, 37:NoopLoop_TOFSense, 38:NoopLoop_TOFSense_CAN, 39:NRA24_CAN, 40:NoopLoop_TOFSenseF_I2C, 41:JRE_Serial, 42:Ainstein_LR_D1, 43:RDS02UF, 44:HexsoonRadar, 100:SITL",,Standard,,0,True,False,,,apm.pdef.json (@Param metadata)
RNGFND_FILT,Rangefinder filter,Rangefinder filter to smooth distance. Set to zero to disable filtering,Hz,0,5,,,Standard,True,0.5,False,False,,,apm.pdef.json (@Param metadata)
RPM1_TYPE,RPM type,What type of RPM sensor is connected,,,,"0:None, 1:Not Used, 2:GPIO, 3:EFI, 4:Harmonic Notch, 5:ESC Telemetry Motors Bitmask, 6:Generator, 7:DroneCAN",,Standard,,0,True,False,,,apm.pdef.json (@Param metadata)
RPM2_TYPE,RPM type,What type of RPM sensor is connected,,,,"0:None, 1:Not Used, 2:GPIO, 3:EFI, 4:Harmonic Notch, 5:ESC Telemetry Motors Bitmask, 6:Generator, 7:DroneCAN",,Standard,,0,True,False,,,apm.pdef.json (@Param metadata)
RSSI_TYPE,RSSI Type,"Radio Receiver RSSI type. If your radio receiver supports RSSI of some kind, set it here, then set its associated RSSI_XXXXX parameters, if any.",,,,"0:Disabled, 1:AnalogPin, 2:RCChannelPwmValue, 3:ReceiverProtocol, 4:PWMInputPin, 5:TelemetryRadioRSSI",,Standard,,0,True,False,,,apm.pdef.json (@Param metadata)
RTL_ALT,RTL Altitude,The minimum alt above home the vehicle will climb to before returning. If the vehicle is flying higher than this value it will return at its current altitude.,cm,30,300000,,,Standard,,5000,False,True,,,apm.pdef.json (@Param metadata)
RTL_ALT_FINAL,RTL Final Altitude,This is the altitude the vehicle will move to as the final stage of Returning to Launch or after completing a mission. Set to zero to land.,cm,0,1000,,,Standard,,0,False,True,,,apm.pdef.json (@Param metadata)
RTL_ALT_TYPE,RTL mode altitude type,RTL altitude type. Set to 1 for Terrain following during RTL and then set WPNAV_RFND_USE=1 to use rangefinder or WPNAV_RFND_USE=0 to use Terrain database,,,,"0:Relative to Home, 1:Terrain",,Standard,,0,False,True,,,apm.pdef.json (@Param metadata)
RTL_CLIMB_MIN,RTL minimum climb,The vehicle will climb this many cm during the initial climb portion of the RTL,cm,0,3000,,,Standard,,0,False,True,,,apm.pdef.json (@Param metadata)
RTL_CONE_SLOPE,RTL cone slope,Defines a cone above home which determines maximum climb,,0.5,10.0,"0:Disabled, 1:Shallow, 3:Steep",,Standard,,0,False,True,,,apm.pdef.json (@Param metadata)
RTL_LOIT_TIME,RTL loiter time,Time (in milliseconds) to loiter above home before beginning final descent,ms,0,60000,,,Standard,,1000,False,True,,,apm.pdef.json (@Param metadata)
RTL_OPTIONS,RTL mode options,Options that can be applied to change RTL mode behaviour,,,,,2:Ignore pilot yaw,Advanced,,0,False,True,,,apm.pdef.json (@Param metadata)
RTL_SPEED,RTL speed,"Defines the speed in cm/s which the aircraft will attempt to maintain horizontally while flying home. If this is set to zero, WPNAV_SPEED will be used instead.",cm/s,0,2000,,,Standard,,0,False,True,,,apm.pdef.json (@Param metadata)
SCHED_DEBUG,Scheduler debug level,"Set to non-zero to enable scheduler debug messages. When set to show ""Slips"" the scheduler will display a message whenever a scheduled task is delayed due to too much CPU load. When set to ShowOverruns the scheduled will display a message whenever a task takes longer than the limit promised in the task table.",,,,"0:Disabled, 2:ShowSlips, 3:ShowOverruns",,Advanced,,0,True,False,,,apm.pdef.json (@Param metadata)
SCHED_LOOP_RATE,Scheduling main loop rate,This controls the rate of the main control loop in Hz. This should only be changed by developers. This only takes effect on restart. Values over 400 are considered highly experimental.,Hz,50,400,,,Advanced,True,400,True,False,,,apm.pdef.json (@Param metadata)
SCHED_OPTIONS,Scheduling options,This controls optional aspects of the scheduler.,,,,,0:Enable per-task perf info,Advanced,,0,True,False,,,apm.pdef.json (@Param metadata)
SCR_DEBUG_OPTS,Scripting Debug Level,Debugging options,,,,,"0:No Scripts to run message if all scripts have stopped, 1:Runtime messages for memory usage and execution time, 2:Suppress logging scripts to dataflash, 3:log runtime memory usage and execution time, 4:Disable pre-arm check, 5:Save CRC of current scripts to loaded and running checksum parameters enabling pre-arm, 6:Disable heap expansion on allocation failure",Advanced,,0,True,True,,,apm.pdef.json (@Param metadata)
SCR_DIR_DISABLE,Directory disable,This will stop scripts being loaded from the given locations,,,,,"0:ROMFS, 1:APM/scripts",Advanced,True,0,True,True,,,apm.pdef.json (@Param metadata)
SCR_ENABLE,Enable Scripting,Controls if scripting is enabled,,,,"0:None, 1:Lua Scripts",,Advanced,True,1,True,True,,,apm.pdef.json (@Param metadata)
SCR_HEAP_SIZE,Scripting Heap Size,Amount of memory available for scripting,,1024,1048576,,,Advanced,True,204800,False,True,,,apm.pdef.json (@Param metadata)
SCR_LD_CHECKSUM,Loaded script checksum,"Required XOR of CRC32 checksum of loaded scripts, vehicle will not arm with incorrect scripts loaded, -1 disables",,,,,,Advanced,,-1,True,True,,,apm.pdef.json (@Param metadata)
SCR_RUN_CHECKSUM,Running script checksum,"Required XOR of CRC32 checksum of running scripts, vehicle will not arm with incorrect scripts running, -1 disables",,,,,,Advanced,,-1,True,True,,,apm.pdef.json (@Param metadata)
SCR_SDEV_EN,Scripting serial device enable,Enable scripting serial devices,,,,"0:Disabled, 1:Enabled",,Advanced,True,0,True,True,,,apm.pdef.json (@Param metadata)
SCR_THD_PRIORITY,Scripting thread priority,"This sets the priority of the scripting thread. This is normally set to a low priority to prevent scripts from interfering with other parts of the system. Advanced users can change this priority if scripting needs to be prioritised for realtime applications. WARNING: changing this parameter can impact the stability of your flight controller. The scipting thread priority in this parameter is chosen based on a set of system level priorities for other subsystems. It is strongly recommended that you use the lowest priority that is sufficient for your application. Note that all scripts run at the same priority, so if you raise this priority you must carefully audit all lua scripts for behaviour that does not interfere with the operation of the system.",,,,"0:Normal, 1:IO Priority, 2:Storage Priority, 3:UART Priority, 4:I2C Priority, 5:SPI Priority, 6:Timer Priority, 7:Main Priority, 8:Boost Priority",,Advanced,True,0,True,True,,,apm.pdef.json (@Param metadata)
SCR_USER1,Scripting User Parameter1,General purpose user variable input for scripts,,,,,,Standard,,0,True,True,,,apm.pdef.json (@Param metadata)
SCR_USER2,Scripting User Parameter2,General purpose user variable input for scripts,,,,,,Standard,,0,True,True,,,apm.pdef.json (@Param metadata)
SCR_USER3,Scripting User Parameter3,General purpose user variable input for scripts,,,,,,Standard,,0,True,True,,,apm.pdef.json (@Param metadata)
SCR_USER4,Scripting User Parameter4,General purpose user variable input for scripts,,,,,,Standard,,0,True,True,,,apm.pdef.json (@Param metadata)
SCR_USER5,Scripting User Parameter5,General purpose user variable input for scripts,,,,,,Standard,,0,True,True,,,apm.pdef.json (@Param metadata)
SCR_USER6,Scripting User Parameter6,General purpose user variable input for scripts,,,,,,Standard,,0,True,True,,,apm.pdef.json (@Param metadata)
SCR_VM_I_COUNT,Scripting Virtual Machine Instruction Count,The number virtual machine instructions that can be run before considering a script to have taken an excessive amount of time,,1000,1000000,,,Advanced,,10000,True,True,,,apm.pdef.json (@Param metadata)
SERIAL0_BAUD,Serial0 baud rate,The baud rate used on the USB console. Most stm32-based boards can support rates of up to 1500. If you setup a rate you cannot support and then can't connect to your board you should load a firmware from a different vehicle type. That will reset all your parameters to defaults.,,,,"1:1200, 2:2400, 4:4800, 9:9600, 19:19200, 38:38400, 57:57600, 111:111100, 115:115200, 230:230400, 256:256000, 460:460800, 500:500000, 921:921600, 1500:1.5MBaud, 2000:2MBaud, 12500000:12.5MBaud",,Standard,,115,True,True,,,apm.pdef.json (@Param metadata)
SERIAL0_PROTOCOL,Console protocol selection,Control what protocol to use on the console.,,,,"1:MAVLink1, 2:MAVLink2",,Standard,True,2,True,True,,,apm.pdef.json (@Param metadata)
SERIAL1_BAUD,Telem1 Baud Rate,The baud rate used on the Telem1 port. Most stm32-based boards can support rates of up to 1500. If you setup a rate you cannot support and then can't connect to your board you should load a firmware from a different vehicle type. That will reset all your parameters to defaults.,,,,"1:1200, 2:2400, 4:4800, 9:9600, 19:19200, 38:38400, 57:57600, 111:111100, 115:115200, 230:230400, 256:256000, 460:460800, 500:500000, 921:921600, 1500:1.5MBaud, 2000:2MBaud, 12500000:12.5MBaud",,Standard,,115,True,True,,,apm.pdef.json (@Param metadata)
SERIAL1_OPTIONS,Telem1 options,"Control over UART options. The InvertRX option controls invert of the receive pin. The InvertTX option controls invert of the transmit pin. The HalfDuplex option controls half-duplex (onewire) mode, where both transmit and receive is done on the transmit wire. The Swap option allows the RX and TX pins to be swapped on STM32F7 based boards.",,,,,"0:InvertRX, 1:InvertTX, 2:HalfDuplex, 3:SwapTXRX, 4:RX_PullDown, 5:RX_PullUp, 6:TX_PullDown, 7:TX_PullUp, 8:RX_NoDMA, 9:TX_NoDMA, 10:Don't forward mavlink to/from, 11:DisableFIFO, 12:Ignore Streamrate",Advanced,True,0,True,True,,,apm.pdef.json (@Param metadata)
SERIAL1_PROTOCOL,Telem1 protocol selection,Control what protocol to use on the Telem1 port. Note that the Frsky options require external converter hardware. See the wiki for details.,,,,"-1:None, 1:MAVLink1, 2:MAVLink2, 3:Frsky D, 4:Frsky SPort, 5:GPS, 7:Alexmos Gimbal Serial, 8:Gimbal, 9:Rangefinder, 10:FrSky SPort Passthrough (OpenTX), 11:Lidar360, 13:Beacon, 14:Volz servo out, 15:SBus servo out, 16:ESC Telemetry, 17:Devo Telemetry, 18:OpticalFlow, 19:RobotisServo, 20:NMEA Output, 21:WindVane, 22:SLCAN, 23:RCIN, 24:EFI Serial, 25:LTM, 26:RunCam, 27:HottTelem, 28:Scripting, 29:Crossfire VTX, 30:Generator, 31:Winch, 32:MSP, 33:DJI FPV, 34:AirSpeed, 35:ADSB, 36:AHRS, 37:SmartAudio, 38:FETtecOneWire, 39:Torqeedo, 40:AIS, 41:CoDevESC, 42:DisplayPort, 43:MAVLink High Latency, 44:IRC Tramp, 45:DDS XRCE, 46:IMUDATA, 48:PPP, 49:i-BUS Telemetry",,Standard,True,2,True,True,,,apm.pdef.json (@Param metadata)
SERIAL2_BAUD,Telemetry 2 Baud Rate,The baud rate of the Telem2 port. Most stm32-based boards can support rates of up to 1500. If you setup a rate you cannot support and then can't connect to your board you should load a firmware from a different vehicle type. That will reset all your parameters to defaults.,,,,"1:1200, 2:2400, 4:4800, 9:9600, 19:19200, 38:38400, 57:57600, 111:111100, 115:115200, 230:230400, 256:256000, 460:460800, 500:500000, 921:921600, 1500:1.5MBaud, 2000:2MBaud, 12500000:12.5MBaud",,Standard,,500,False,True,,,apm.pdef.json (@Param metadata)
SERIAL2_OPTIONS,Telem2 options,"Control over UART options. The InvertRX option controls invert of the receive pin. The InvertTX option controls invert of the transmit pin. The HalfDuplex option controls half-duplex (onewire) mode, where both transmit and receive is done on the transmit wire. The Swap option allows the RX and TX pins to be swapped on STM32F7 based boards.",,,,,"0:InvertRX, 1:InvertTX, 2:HalfDuplex, 3:SwapTXRX, 4:RX_PullDown, 5:RX_PullUp, 6:TX_PullDown, 7:TX_PullUp, 8:RX_NoDMA, 9:TX_NoDMA, 10:Don't forward mavlink to/from, 11:DisableFIFO, 12:Ignore Streamrate",Advanced,True,0,False,True,,,apm.pdef.json (@Param metadata)
SERIAL2_PROTOCOL,Telemetry 2 protocol selection,Control what protocol to use on the Telem2 port. Note that the Frsky options require external converter hardware. See the wiki for details.,,,,"-1:None, 1:MAVLink1, 2:MAVLink2, 3:Frsky D, 4:Frsky SPort, 5:GPS, 7:Alexmos Gimbal Serial, 8:Gimbal, 9:Rangefinder, 10:FrSky SPort Passthrough (OpenTX), 11:Lidar360, 13:Beacon, 14:Volz servo out, 15:SBus servo out, 16:ESC Telemetry, 17:Devo Telemetry, 18:OpticalFlow, 19:RobotisServo, 20:NMEA Output, 21:WindVane, 22:SLCAN, 23:RCIN, 24:EFI Serial, 25:LTM, 26:RunCam, 27:HottTelem, 28:Scripting, 29:Crossfire VTX, 30:Generator, 31:Winch, 32:MSP, 33:DJI FPV, 34:AirSpeed, 35:ADSB, 36:AHRS, 37:SmartAudio, 38:FETtecOneWire, 39:Torqeedo, 40:AIS, 41:CoDevESC, 42:DisplayPort, 43:MAVLink High Latency, 44:IRC Tramp, 45:DDS XRCE, 46:IMUDATA, 48:PPP, 49:i-BUS Telemetry",,Standard,True,2,False,True,,,apm.pdef.json (@Param metadata)
SERIAL3_BAUD,Serial 3 (GPS) Baud Rate,The baud rate used for the Serial 3 (GPS). Most stm32-based boards can support rates of up to 1500. If you setup a rate you cannot support and then can't connect to your board you should load a firmware from a different vehicle type. That will reset all your parameters to defaults.,,,,"1:1200, 2:2400, 4:4800, 9:9600, 19:19200, 38:38400, 57:57600, 111:111100, 115:115200, 230:230400, 256:256000, 460:460800, 500:500000, 921:921600, 1500:1.5MBaud, 2000:2MBaud, 12500000:12.5MBaud",,Standard,,115,False,True,,,apm.pdef.json (@Param metadata)
SERIAL3_OPTIONS,Serial3 options,"Control over UART options. The InvertRX option controls invert of the receive pin. The InvertTX option controls invert of the transmit pin. The HalfDuplex option controls half-duplex (onewire) mode, where both transmit and receive is done on the transmit wire. The Swap option allows the RX and TX pins to be swapped on STM32F7 based boards.",,,,,"0:InvertRX, 1:InvertTX, 2:HalfDuplex, 3:SwapTXRX, 4:RX_PullDown, 5:RX_PullUp, 6:TX_PullDown, 7:TX_PullUp, 8:RX_NoDMA, 9:TX_NoDMA, 10:Don't forward mavlink to/from, 11:DisableFIFO, 12:Ignore Streamrate",Advanced,True,0,False,True,,,apm.pdef.json (@Param metadata)
SERIAL3_PROTOCOL,Serial 3 (GPS) protocol selection,Control what protocol Serial 3 (GPS) should be used for. Note that the Frsky options require external converter hardware. See the wiki for details.,,,,"-1:None, 1:MAVLink1, 2:MAVLink2, 3:Frsky D, 4:Frsky SPort, 5:GPS, 7:Alexmos Gimbal Serial, 8:Gimbal, 9:Rangefinder, 10:FrSky SPort Passthrough (OpenTX), 11:Lidar360, 13:Beacon, 14:Volz servo out, 15:SBus servo out, 16:ESC Telemetry, 17:Devo Telemetry, 18:OpticalFlow, 19:RobotisServo, 20:NMEA Output, 21:WindVane, 22:SLCAN, 23:RCIN, 24:EFI Serial, 25:LTM, 26:RunCam, 27:HottTelem, 28:Scripting, 29:Crossfire VTX, 30:Generator, 31:Winch, 32:MSP, 33:DJI FPV, 34:AirSpeed, 35:ADSB, 36:AHRS, 37:SmartAudio, 38:FETtecOneWire, 39:Torqeedo, 40:AIS, 41:CoDevESC, 42:DisplayPort, 43:MAVLink High Latency, 44:IRC Tramp, 45:DDS XRCE, 46:IMUDATA, 48:PPP, 49:i-BUS Telemetry",,Standard,True,-1,False,True,,,apm.pdef.json (@Param metadata)
SERIAL4_BAUD,Serial 4 Baud Rate,The baud rate used for Serial4. Most stm32-based boards can support rates of up to 1500. If you setup a rate you cannot support and then can't connect to your board you should load a firmware from a different vehicle type. That will reset all your parameters to defaults.,,,,"1:1200, 2:2400, 4:4800, 9:9600, 19:19200, 38:38400, 57:57600, 111:111100, 115:115200, 230:230400, 256:256000, 460:460800, 500:500000, 921:921600, 1500:1.5MBaud, 2000:2MBaud, 12500000:12.5MBaud",,Standard,,115,False,True,,,apm.pdef.json (@Param metadata)
SERIAL4_OPTIONS,Serial4 options,"Control over UART options. The InvertRX option controls invert of the receive pin. The InvertTX option controls invert of the transmit pin. The HalfDuplex option controls half-duplex (onewire) mode, where both transmit and receive is done on the transmit wire. The Swap option allows the RX and TX pins to be swapped on STM32F7 based boards.",,,,,"0:InvertRX, 1:InvertTX, 2:HalfDuplex, 3:SwapTXRX, 4:RX_PullDown, 5:RX_PullUp, 6:TX_PullDown, 7:TX_PullUp, 8:RX_NoDMA, 9:TX_NoDMA, 10:Don't forward mavlink to/from, 11:DisableFIFO, 12:Ignore Streamrate",Advanced,True,0,False,True,,,apm.pdef.json (@Param metadata)
SERIAL4_PROTOCOL,Serial4 protocol selection,Control what protocol Serial4 port should be used for. Note that the Frsky options require external converter hardware. See the wiki for details.,,,,"-1:None, 1:MAVLink1, 2:MAVLink2, 3:Frsky D, 4:Frsky SPort, 5:GPS, 7:Alexmos Gimbal Serial, 8:Gimbal, 9:Rangefinder, 10:FrSky SPort Passthrough (OpenTX), 11:Lidar360, 13:Beacon, 14:Volz servo out, 15:SBus servo out, 16:ESC Telemetry, 17:Devo Telemetry, 18:OpticalFlow, 19:RobotisServo, 20:NMEA Output, 21:WindVane, 22:SLCAN, 23:RCIN, 24:EFI Serial, 25:LTM, 26:RunCam, 27:HottTelem, 28:Scripting, 29:Crossfire VTX, 30:Generator, 31:Winch, 32:MSP, 33:DJI FPV, 34:AirSpeed, 35:ADSB, 36:AHRS, 37:SmartAudio, 38:FETtecOneWire, 39:Torqeedo, 40:AIS, 41:CoDevESC, 42:DisplayPort, 43:MAVLink High Latency, 44:IRC Tramp, 45:DDS XRCE, 46:IMUDATA, 48:PPP, 49:i-BUS Telemetry",,Standard,True,9,False,True,,,apm.pdef.json (@Param metadata)
SERIAL5_BAUD,Serial 5 Baud Rate,The baud rate used for Serial5. Most stm32-based boards can support rates of up to 1500. If you setup a rate you cannot support and then can't connect to your board you should load a firmware from a different vehicle type. That will reset all your parameters to defaults.,,,,"1:1200, 2:2400, 4:4800, 9:9600, 19:19200, 38:38400, 57:57600, 111:111100, 115:115200, 230:230400, 256:256000, 460:460800, 500:500000, 921:921600, 1500:1.5MBaud, 2000:2MBaud, 12500000:12.5MBaud",,Standard,,115,False,True,,,apm.pdef.json (@Param metadata)
SERIAL5_OPTIONS,Serial5 options,"Control over UART options. The InvertRX option controls invert of the receive pin. The InvertTX option controls invert of the transmit pin. The HalfDuplex option controls half-duplex (onewire) mode, where both transmit and receive is done on the transmit wire. The Swap option allows the RX and TX pins to be swapped on STM32F7 based boards.",,,,,"0:InvertRX, 1:InvertTX, 2:HalfDuplex, 3:SwapTXRX, 4:RX_PullDown, 5:RX_PullUp, 6:TX_PullDown, 7:TX_PullUp, 8:RX_NoDMA, 9:TX_NoDMA, 10:Don't forward mavlink to/from, 11:DisableFIFO, 12:Ignore Streamrate",Advanced,True,0,False,True,,,apm.pdef.json (@Param metadata)
SERIAL5_PROTOCOL,Serial5 protocol selection,Control what protocol Serial5 port should be used for. Note that the Frsky options require external converter hardware. See the wiki for details.,,,,"-1:None, 1:MAVLink1, 2:MAVLink2, 3:Frsky D, 4:Frsky SPort, 5:GPS, 7:Alexmos Gimbal Serial, 8:Gimbal, 9:Rangefinder, 10:FrSky SPort Passthrough (OpenTX), 11:Lidar360, 13:Beacon, 14:Volz servo out, 15:SBus servo out, 16:ESC Telemetry, 17:Devo Telemetry, 18:OpticalFlow, 19:RobotisServo, 20:NMEA Output, 21:WindVane, 22:SLCAN, 23:RCIN, 24:EFI Serial, 25:LTM, 26:RunCam, 27:HottTelem, 28:Scripting, 29:Crossfire VTX, 30:Generator, 31:Winch, 32:MSP, 33:DJI FPV, 34:AirSpeed, 35:ADSB, 36:AHRS, 37:SmartAudio, 38:FETtecOneWire, 39:Torqeedo, 40:AIS, 41:CoDevESC, 42:DisplayPort, 43:MAVLink High Latency, 44:IRC Tramp, 45:DDS XRCE, 46:IMUDATA, 48:PPP, 49:i-BUS Telemetry",,Standard,True,-1,False,True,,,apm.pdef.json (@Param metadata)
SERIAL6_BAUD,Serial 6 Baud Rate,The baud rate used for Serial6. Most stm32-based boards can support rates of up to 1500. If you setup a rate you cannot support and then can't connect to your board you should load a firmware from a different vehicle type. That will reset all your parameters to defaults.,,,,"1:1200, 2:2400, 4:4800, 9:9600, 19:19200, 38:38400, 57:57600, 111:111100, 115:115200, 230:230400, 256:256000, 460:460800, 500:500000, 921:921600, 1500:1.5MBaud, 2000:2MBaud, 12500000:12.5MBaud",,Standard,,115200,True,True,,,apm.pdef.json (@Param metadata)
SERIAL6_OPTIONS,Serial6 options,"Control over UART options. The InvertRX option controls invert of the receive pin. The InvertTX option controls invert of the transmit pin. The HalfDuplex option controls half-duplex (onewire) mode, where both transmit and receive is done on the transmit wire. The Swap option allows the RX and TX pins to be swapped on STM32F7 based boards.",,,,,"0:InvertRX, 1:InvertTX, 2:HalfDuplex, 3:SwapTXRX, 4:RX_PullDown, 5:RX_PullUp, 6:TX_PullDown, 7:TX_PullUp, 8:RX_NoDMA, 9:TX_NoDMA, 10:Don't forward mavlink to/from, 11:DisableFIFO, 12:Ignore Streamrate",Advanced,True,0,True,True,,,apm.pdef.json (@Param metadata)
SERIAL6_PROTOCOL,Serial6 protocol selection,Control what protocol Serial6 port should be used for. Note that the Frsky options require external converter hardware. See the wiki for details.,,,,"-1:None, 1:MAVLink1, 2:MAVLink2, 3:Frsky D, 4:Frsky SPort, 5:GPS, 7:Alexmos Gimbal Serial, 8:Gimbal, 9:Rangefinder, 10:FrSky SPort Passthrough (OpenTX), 11:Lidar360, 13:Beacon, 14:Volz servo out, 15:SBus servo out, 16:ESC Telemetry, 17:Devo Telemetry, 18:OpticalFlow, 19:RobotisServo, 20:NMEA Output, 21:WindVane, 22:SLCAN, 23:RCIN, 24:EFI Serial, 25:LTM, 26:RunCam, 27:HottTelem, 28:Scripting, 29:Crossfire VTX, 30:Generator, 31:Winch, 32:MSP, 33:DJI FPV, 34:AirSpeed, 35:ADSB, 36:AHRS, 37:SmartAudio, 38:FETtecOneWire, 39:Torqeedo, 40:AIS, 41:CoDevESC, 42:DisplayPort, 43:MAVLink High Latency, 44:IRC Tramp, 45:DDS XRCE, 46:IMUDATA, 48:PPP, 49:i-BUS Telemetry",,Standard,True,22,True,True,,,apm.pdef.json (@Param metadata)
SERIAL_PASS1,Serial passthru first port,This sets one side of pass-through between two serial ports. Once both sides are set then all data received on either port will be passed to the other port,,,,"-1:Disabled, 0:Serial0, 1:Serial1, 2:Serial2, 3:Serial3, 4:Serial4, 5:Serial5, 6:Serial6",,Advanced,,0,True,True,,,apm.pdef.json (@Param metadata)
SERIAL_PASS2,Serial passthru second port,This sets one side of pass-through between two serial ports. Once both sides are set then all data received on either port will be passed to the other port,,,,"-1:Disabled, 0:Serial0, 1:Serial1, 2:Serial2, 3:Serial3, 4:Serial4, 5:Serial5, 6:Serial6",,Advanced,,-1,True,True,,,apm.pdef.json (@Param metadata)
SERIAL_PASSTIMO,Serial passthru timeout,This sets a timeout for serial pass-through in seconds. When the pass-through is enabled by setting the SERIAL_PASS1 and SERIAL_PASS2 parameters then it remains in effect until no data comes from the first port for SERIAL_PASSTIMO seconds. This allows the port to revent to its normal usage (such as MAVLink connection to a GCS) when it is no longer needed. A value of 0 means no timeout.,s,0,120,,,Advanced,,15,True,True,,,apm.pdef.json (@Param metadata)
SERVO10_FUNCTION,Servo output function,Function assigned to this servo. Setting this to Disabled(0) will setup this output for control by auto missions or MAVLink servo set commands. any other value will enable the corresponding function,,,,"-1:GPIO, 0:Disabled, 1:RCPassThru, 6:Mount1Yaw, 7:Mount1Pitch, 8:Mount1Roll, 9:Mount1Retract, 10:CameraTrigger, 12:Mount2Yaw, 13:Mount2Pitch, 14:Mount2Roll, 15:Mount2Retract, 22:SprayerPump, 23:SprayerSpinner, 27:Parachute, 28:Gripper, 29:LandingGear, 30:EngineRunEnable, 31:HeliRSC, 32:HeliTailRSC, 33:Motor1, 34:Motor2, 35:Motor3, 36:Motor4, 37:Motor5, 38:Motor6, 39:Motor7, 40:Motor8, 51:RCIN1, 52:RCIN2, 53:RCIN3, 54:RCIN4, 55:RCIN5, 56:RCIN6, 57:RCIN7, 58:RCIN8, 59:RCIN9, 60:RCIN10, 61:RCIN11, 62:RCIN12, 63:RCIN13, 64:RCIN14, 65:RCIN15, 66:RCIN16, 73:ThrottleLeft, 74:ThrottleRight, 75:TiltMotorFrontLeft, 76:TiltMotorFrontRight, 81:BoostThrottle, 82:Motor9, 83:Motor10, 84:Motor11, 85:Motor12, 88:Winch, 90:CameraISO, 91:CameraAperture, 92:CameraFocus, 93:CameraShutterSpeed, 94:Script1, 95:Script2, 96:Script3, 97:Script4, 98:Script5, 99:Script6, 100:Script7, 101:Script8, 102:Script9, 103:Script10, 104:Script11, 105:Script12, 106:Script13, 107:Script14, 108:Script15, 109:Script16, 120:NeoPixel1, 121:NeoPixel2, 122:NeoPixel3, 123:NeoPixel4, 124:RateRoll, 125:RatePitch, 126:RateThrust, 127:RateYaw, 129:ProfiLED1, 130:ProfiLED2, 131:ProfiLED3, 132:ProfiLEDClock, 133:Winch Clutch, 134:SERVOn_MIN, 135:SERVOn_TRIM, 136:SERVOn_MAX, 138:Alarm, 139:Alarm Inverted, 140:RCIN1Scaled, 141:RCIN2Scaled, 142:RCIN3Scaled, 143:RCIN4Scaled, 144:RCIN5Scaled, 145:RCIN6Scaled, 146:RCIN7Scaled, 147:RCIN8Scaled, 148:RCIN9Scaled, 149:RCIN10Scaled, 150:RCIN11Scaled, 151:RCIN12Scaled, 152:RCIN13Scaled, 153:RCIN14Scaled, 154:RCIN15Scaled, 155:RCIN16Scaled",,Standard,True,0,False,True,,,apm.pdef.json (@Param metadata)
SERVO10_MAX,Maximum PWM,"maximum PWM pulse width in microseconds. Typically 1000 is lower limit, 1500 is neutral and 2000 is upper limit.",PWM,800,2200,,,Standard,,1900,False,True,,,apm.pdef.json (@Param metadata)
SERVO10_MIN,Minimum PWM,"minimum PWM pulse width in microseconds. Typically 1000 is lower limit, 1500 is neutral and 2000 is upper limit.",PWM,800,2200,,,Standard,,1100,False,True,,,apm.pdef.json (@Param metadata)
SERVO10_REVERSED,Servo reverse,Reverse servo operation. Set to 0 for normal operation. Set to 1 to reverse this output channel.,,,,"0:Normal, 1:Reversed",,Standard,,0,False,True,,,apm.pdef.json (@Param metadata)
SERVO10_TRIM,Trim PWM,"Trim PWM pulse width in microseconds. Typically 1000 is lower limit, 1500 is neutral and 2000 is upper limit.",PWM,800,2200,,,Standard,,1500,False,True,,,apm.pdef.json (@Param metadata)
SERVO11_FUNCTION,Servo output function,Function assigned to this servo. Setting this to Disabled(0) will setup this output for control by auto missions or MAVLink servo set commands. any other value will enable the corresponding function,,,,"-1:GPIO, 0:Disabled, 1:RCPassThru, 6:Mount1Yaw, 7:Mount1Pitch, 8:Mount1Roll, 9:Mount1Retract, 10:CameraTrigger, 12:Mount2Yaw, 13:Mount2Pitch, 14:Mount2Roll, 15:Mount2Retract, 22:SprayerPump, 23:SprayerSpinner, 27:Parachute, 28:Gripper, 29:LandingGear, 30:EngineRunEnable, 31:HeliRSC, 32:HeliTailRSC, 33:Motor1, 34:Motor2, 35:Motor3, 36:Motor4, 37:Motor5, 38:Motor6, 39:Motor7, 40:Motor8, 51:RCIN1, 52:RCIN2, 53:RCIN3, 54:RCIN4, 55:RCIN5, 56:RCIN6, 57:RCIN7, 58:RCIN8, 59:RCIN9, 60:RCIN10, 61:RCIN11, 62:RCIN12, 63:RCIN13, 64:RCIN14, 65:RCIN15, 66:RCIN16, 73:ThrottleLeft, 74:ThrottleRight, 75:TiltMotorFrontLeft, 76:TiltMotorFrontRight, 81:BoostThrottle, 82:Motor9, 83:Motor10, 84:Motor11, 85:Motor12, 88:Winch, 90:CameraISO, 91:CameraAperture, 92:CameraFocus, 93:CameraShutterSpeed, 94:Script1, 95:Script2, 96:Script3, 97:Script4, 98:Script5, 99:Script6, 100:Script7, 101:Script8, 102:Script9, 103:Script10, 104:Script11, 105:Script12, 106:Script13, 107:Script14, 108:Script15, 109:Script16, 120:NeoPixel1, 121:NeoPixel2, 122:NeoPixel3, 123:NeoPixel4, 124:RateRoll, 125:RatePitch, 126:RateThrust, 127:RateYaw, 129:ProfiLED1, 130:ProfiLED2, 131:ProfiLED3, 132:ProfiLEDClock, 133:Winch Clutch, 134:SERVOn_MIN, 135:SERVOn_TRIM, 136:SERVOn_MAX, 138:Alarm, 139:Alarm Inverted, 140:RCIN1Scaled, 141:RCIN2Scaled, 142:RCIN3Scaled, 143:RCIN4Scaled, 144:RCIN5Scaled, 145:RCIN6Scaled, 146:RCIN7Scaled, 147:RCIN8Scaled, 148:RCIN9Scaled, 149:RCIN10Scaled, 150:RCIN11Scaled, 151:RCIN12Scaled, 152:RCIN13Scaled, 153:RCIN14Scaled, 154:RCIN15Scaled, 155:RCIN16Scaled",,Standard,True,0,False,True,,,apm.pdef.json (@Param metadata)
SERVO11_MAX,Maximum PWM,"maximum PWM pulse width in microseconds. Typically 1000 is lower limit, 1500 is neutral and 2000 is upper limit.",PWM,800,2200,,,Standard,,1900,False,True,,,apm.pdef.json (@Param metadata)
SERVO11_MIN,Minimum PWM,"minimum PWM pulse width in microseconds. Typically 1000 is lower limit, 1500 is neutral and 2000 is upper limit.",PWM,800,2200,,,Standard,,1100,False,True,,,apm.pdef.json (@Param metadata)
SERVO11_REVERSED,Servo reverse,Reverse servo operation. Set to 0 for normal operation. Set to 1 to reverse this output channel.,,,,"0:Normal, 1:Reversed",,Standard,,0,False,True,,,apm.pdef.json (@Param metadata)
SERVO11_TRIM,Trim PWM,"Trim PWM pulse width in microseconds. Typically 1000 is lower limit, 1500 is neutral and 2000 is upper limit.",PWM,800,2200,,,Standard,,1500,False,True,,,apm.pdef.json (@Param metadata)
SERVO12_FUNCTION,Servo output function,Function assigned to this servo. Setting this to Disabled(0) will setup this output for control by auto missions or MAVLink servo set commands. any other value will enable the corresponding function,,,,"-1:GPIO, 0:Disabled, 1:RCPassThru, 6:Mount1Yaw, 7:Mount1Pitch, 8:Mount1Roll, 9:Mount1Retract, 10:CameraTrigger, 12:Mount2Yaw, 13:Mount2Pitch, 14:Mount2Roll, 15:Mount2Retract, 22:SprayerPump, 23:SprayerSpinner, 27:Parachute, 28:Gripper, 29:LandingGear, 30:EngineRunEnable, 31:HeliRSC, 32:HeliTailRSC, 33:Motor1, 34:Motor2, 35:Motor3, 36:Motor4, 37:Motor5, 38:Motor6, 39:Motor7, 40:Motor8, 51:RCIN1, 52:RCIN2, 53:RCIN3, 54:RCIN4, 55:RCIN5, 56:RCIN6, 57:RCIN7, 58:RCIN8, 59:RCIN9, 60:RCIN10, 61:RCIN11, 62:RCIN12, 63:RCIN13, 64:RCIN14, 65:RCIN15, 66:RCIN16, 73:ThrottleLeft, 74:ThrottleRight, 75:TiltMotorFrontLeft, 76:TiltMotorFrontRight, 81:BoostThrottle, 82:Motor9, 83:Motor10, 84:Motor11, 85:Motor12, 88:Winch, 90:CameraISO, 91:CameraAperture, 92:CameraFocus, 93:CameraShutterSpeed, 94:Script1, 95:Script2, 96:Script3, 97:Script4, 98:Script5, 99:Script6, 100:Script7, 101:Script8, 102:Script9, 103:Script10, 104:Script11, 105:Script12, 106:Script13, 107:Script14, 108:Script15, 109:Script16, 120:NeoPixel1, 121:NeoPixel2, 122:NeoPixel3, 123:NeoPixel4, 124:RateRoll, 125:RatePitch, 126:RateThrust, 127:RateYaw, 129:ProfiLED1, 130:ProfiLED2, 131:ProfiLED3, 132:ProfiLEDClock, 133:Winch Clutch, 134:SERVOn_MIN, 135:SERVOn_TRIM, 136:SERVOn_MAX, 138:Alarm, 139:Alarm Inverted, 140:RCIN1Scaled, 141:RCIN2Scaled, 142:RCIN3Scaled, 143:RCIN4Scaled, 144:RCIN5Scaled, 145:RCIN6Scaled, 146:RCIN7Scaled, 147:RCIN8Scaled, 148:RCIN9Scaled, 149:RCIN10Scaled, 150:RCIN11Scaled, 151:RCIN12Scaled, 152:RCIN13Scaled, 153:RCIN14Scaled, 154:RCIN15Scaled, 155:RCIN16Scaled",,Standard,True,0,True,False,,,apm.pdef.json (@Param metadata)
SERVO12_MAX,Maximum PWM,"maximum PWM pulse width in microseconds. Typically 1000 is lower limit, 1500 is neutral and 2000 is upper limit.",PWM,800,2200,,,Standard,,1900,True,False,,,apm.pdef.json (@Param metadata)
SERVO12_MIN,Minimum PWM,"minimum PWM pulse width in microseconds. Typically 1000 is lower limit, 1500 is neutral and 2000 is upper limit.",PWM,800,2200,,,Standard,,1100,True,False,,,apm.pdef.json (@Param metadata)
SERVO12_REVERSED,Servo reverse,Reverse servo operation. Set to 0 for normal operation. Set to 1 to reverse this output channel.,,,,"0:Normal, 1:Reversed",,Standard,,0,True,False,,,apm.pdef.json (@Param metadata)
SERVO12_TRIM,Trim PWM,"Trim PWM pulse width in microseconds. Typically 1000 is lower limit, 1500 is neutral and 2000 is upper limit.",PWM,800,2200,,,Standard,,1500,True,False,,,apm.pdef.json (@Param metadata)
SERVO13_FUNCTION,Servo output function,Function assigned to this servo. Setting this to Disabled(0) will setup this output for control by auto missions or MAVLink servo set commands. any other value will enable the corresponding function,,,,"-1:GPIO, 0:Disabled, 1:RCPassThru, 6:Mount1Yaw, 7:Mount1Pitch, 8:Mount1Roll, 9:Mount1Retract, 10:CameraTrigger, 12:Mount2Yaw, 13:Mount2Pitch, 14:Mount2Roll, 15:Mount2Retract, 22:SprayerPump, 23:SprayerSpinner, 27:Parachute, 28:Gripper, 29:LandingGear, 30:EngineRunEnable, 31:HeliRSC, 32:HeliTailRSC, 33:Motor1, 34:Motor2, 35:Motor3, 36:Motor4, 37:Motor5, 38:Motor6, 39:Motor7, 40:Motor8, 51:RCIN1, 52:RCIN2, 53:RCIN3, 54:RCIN4, 55:RCIN5, 56:RCIN6, 57:RCIN7, 58:RCIN8, 59:RCIN9, 60:RCIN10, 61:RCIN11, 62:RCIN12, 63:RCIN13, 64:RCIN14, 65:RCIN15, 66:RCIN16, 73:ThrottleLeft, 74:ThrottleRight, 75:TiltMotorFrontLeft, 76:TiltMotorFrontRight, 81:BoostThrottle, 82:Motor9, 83:Motor10, 84:Motor11, 85:Motor12, 88:Winch, 90:CameraISO, 91:CameraAperture, 92:CameraFocus, 93:CameraShutterSpeed, 94:Script1, 95:Script2, 96:Script3, 97:Script4, 98:Script5, 99:Script6, 100:Script7, 101:Script8, 102:Script9, 103:Script10, 104:Script11, 105:Script12, 106:Script13, 107:Script14, 108:Script15, 109:Script16, 120:NeoPixel1, 121:NeoPixel2, 122:NeoPixel3, 123:NeoPixel4, 124:RateRoll, 125:RatePitch, 126:RateThrust, 127:RateYaw, 129:ProfiLED1, 130:ProfiLED2, 131:ProfiLED3, 132:ProfiLEDClock, 133:Winch Clutch, 134:SERVOn_MIN, 135:SERVOn_TRIM, 136:SERVOn_MAX, 138:Alarm, 139:Alarm Inverted, 140:RCIN1Scaled, 141:RCIN2Scaled, 142:RCIN3Scaled, 143:RCIN4Scaled, 144:RCIN5Scaled, 145:RCIN6Scaled, 146:RCIN7Scaled, 147:RCIN8Scaled, 148:RCIN9Scaled, 149:RCIN10Scaled, 150:RCIN11Scaled, 151:RCIN12Scaled, 152:RCIN13Scaled, 153:RCIN14Scaled, 154:RCIN15Scaled, 155:RCIN16Scaled",,Standard,True,0,True,False,,,apm.pdef.json (@Param metadata)
SERVO13_MAX,Maximum PWM,"maximum PWM pulse width in microseconds. Typically 1000 is lower limit, 1500 is neutral and 2000 is upper limit.",PWM,800,2200,,,Standard,,1900,True,False,,,apm.pdef.json (@Param metadata)
SERVO13_MIN,Minimum PWM,"minimum PWM pulse width in microseconds. Typically 1000 is lower limit, 1500 is neutral and 2000 is upper limit.",PWM,800,2200,,,Standard,,1100,True,False,,,apm.pdef.json (@Param metadata)
SERVO13_REVERSED,Servo reverse,Reverse servo operation. Set to 0 for normal operation. Set to 1 to reverse this output channel.,,,,"0:Normal, 1:Reversed",,Standard,,0,True,False,,,apm.pdef.json (@Param metadata)
SERVO13_TRIM,Trim PWM,"Trim PWM pulse width in microseconds. Typically 1000 is lower limit, 1500 is neutral and 2000 is upper limit.",PWM,800,2200,,,Standard,,1500,True,False,,,apm.pdef.json (@Param metadata)
SERVO14_FUNCTION,Servo output function,Function assigned to this servo. Setting this to Disabled(0) will setup this output for control by auto missions or MAVLink servo set commands. any other value will enable the corresponding function,,,,"-1:GPIO, 0:Disabled, 1:RCPassThru, 6:Mount1Yaw, 7:Mount1Pitch, 8:Mount1Roll, 9:Mount1Retract, 10:CameraTrigger, 12:Mount2Yaw, 13:Mount2Pitch, 14:Mount2Roll, 15:Mount2Retract, 22:SprayerPump, 23:SprayerSpinner, 27:Parachute, 28:Gripper, 29:LandingGear, 30:EngineRunEnable, 31:HeliRSC, 32:HeliTailRSC, 33:Motor1, 34:Motor2, 35:Motor3, 36:Motor4, 37:Motor5, 38:Motor6, 39:Motor7, 40:Motor8, 51:RCIN1, 52:RCIN2, 53:RCIN3, 54:RCIN4, 55:RCIN5, 56:RCIN6, 57:RCIN7, 58:RCIN8, 59:RCIN9, 60:RCIN10, 61:RCIN11, 62:RCIN12, 63:RCIN13, 64:RCIN14, 65:RCIN15, 66:RCIN16, 73:ThrottleLeft, 74:ThrottleRight, 75:TiltMotorFrontLeft, 76:TiltMotorFrontRight, 81:BoostThrottle, 82:Motor9, 83:Motor10, 84:Motor11, 85:Motor12, 88:Winch, 90:CameraISO, 91:CameraAperture, 92:CameraFocus, 93:CameraShutterSpeed, 94:Script1, 95:Script2, 96:Script3, 97:Script4, 98:Script5, 99:Script6, 100:Script7, 101:Script8, 102:Script9, 103:Script10, 104:Script11, 105:Script12, 106:Script13, 107:Script14, 108:Script15, 109:Script16, 120:NeoPixel1, 121:NeoPixel2, 122:NeoPixel3, 123:NeoPixel4, 124:RateRoll, 125:RatePitch, 126:RateThrust, 127:RateYaw, 129:ProfiLED1, 130:ProfiLED2, 131:ProfiLED3, 132:ProfiLEDClock, 133:Winch Clutch, 134:SERVOn_MIN, 135:SERVOn_TRIM, 136:SERVOn_MAX, 138:Alarm, 139:Alarm Inverted, 140:RCIN1Scaled, 141:RCIN2Scaled, 142:RCIN3Scaled, 143:RCIN4Scaled, 144:RCIN5Scaled, 145:RCIN6Scaled, 146:RCIN7Scaled, 147:RCIN8Scaled, 148:RCIN9Scaled, 149:RCIN10Scaled, 150:RCIN11Scaled, 151:RCIN12Scaled, 152:RCIN13Scaled, 153:RCIN14Scaled, 154:RCIN15Scaled, 155:RCIN16Scaled",,Standard,True,0,True,False,,,apm.pdef.json (@Param metadata)
SERVO14_MAX,Maximum PWM,"maximum PWM pulse width in microseconds. Typically 1000 is lower limit, 1500 is neutral and 2000 is upper limit.",PWM,800,2200,,,Standard,,1900,True,False,,,apm.pdef.json (@Param metadata)
SERVO14_MIN,Minimum PWM,"minimum PWM pulse width in microseconds. Typically 1000 is lower limit, 1500 is neutral and 2000 is upper limit.",PWM,800,2200,,,Standard,,1100,True,False,,,apm.pdef.json (@Param metadata)
SERVO14_REVERSED,Servo reverse,Reverse servo operation. Set to 0 for normal operation. Set to 1 to reverse this output channel.,,,,"0:Normal, 1:Reversed",,Standard,,0,True,False,,,apm.pdef.json (@Param metadata)
SERVO14_TRIM,Trim PWM,"Trim PWM pulse width in microseconds. Typically 1000 is lower limit, 1500 is neutral and 2000 is upper limit.",PWM,800,2200,,,Standard,,1500,True,False,,,apm.pdef.json (@Param metadata)
SERVO15_FUNCTION,Servo output function,Function assigned to this servo. Setting this to Disabled(0) will setup this output for control by auto missions or MAVLink servo set commands. any other value will enable the corresponding function,,,,"-1:GPIO, 0:Disabled, 1:RCPassThru, 6:Mount1Yaw, 7:Mount1Pitch, 8:Mount1Roll, 9:Mount1Retract, 10:CameraTrigger, 12:Mount2Yaw, 13:Mount2Pitch, 14:Mount2Roll, 15:Mount2Retract, 22:SprayerPump, 23:SprayerSpinner, 27:Parachute, 28:Gripper, 29:LandingGear, 30:EngineRunEnable, 31:HeliRSC, 32:HeliTailRSC, 33:Motor1, 34:Motor2, 35:Motor3, 36:Motor4, 37:Motor5, 38:Motor6, 39:Motor7, 40:Motor8, 51:RCIN1, 52:RCIN2, 53:RCIN3, 54:RCIN4, 55:RCIN5, 56:RCIN6, 57:RCIN7, 58:RCIN8, 59:RCIN9, 60:RCIN10, 61:RCIN11, 62:RCIN12, 63:RCIN13, 64:RCIN14, 65:RCIN15, 66:RCIN16, 73:ThrottleLeft, 74:ThrottleRight, 75:TiltMotorFrontLeft, 76:TiltMotorFrontRight, 81:BoostThrottle, 82:Motor9, 83:Motor10, 84:Motor11, 85:Motor12, 88:Winch, 90:CameraISO, 91:CameraAperture, 92:CameraFocus, 93:CameraShutterSpeed, 94:Script1, 95:Script2, 96:Script3, 97:Script4, 98:Script5, 99:Script6, 100:Script7, 101:Script8, 102:Script9, 103:Script10, 104:Script11, 105:Script12, 106:Script13, 107:Script14, 108:Script15, 109:Script16, 120:NeoPixel1, 121:NeoPixel2, 122:NeoPixel3, 123:NeoPixel4, 124:RateRoll, 125:RatePitch, 126:RateThrust, 127:RateYaw, 129:ProfiLED1, 130:ProfiLED2, 131:ProfiLED3, 132:ProfiLEDClock, 133:Winch Clutch, 134:SERVOn_MIN, 135:SERVOn_TRIM, 136:SERVOn_MAX, 138:Alarm, 139:Alarm Inverted, 140:RCIN1Scaled, 141:RCIN2Scaled, 142:RCIN3Scaled, 143:RCIN4Scaled, 144:RCIN5Scaled, 145:RCIN6Scaled, 146:RCIN7Scaled, 147:RCIN8Scaled, 148:RCIN9Scaled, 149:RCIN10Scaled, 150:RCIN11Scaled, 151:RCIN12Scaled, 152:RCIN13Scaled, 153:RCIN14Scaled, 154:RCIN15Scaled, 155:RCIN16Scaled",,Standard,True,0,True,False,,,apm.pdef.json (@Param metadata)
SERVO15_MAX,Maximum PWM,"maximum PWM pulse width in microseconds. Typically 1000 is lower limit, 1500 is neutral and 2000 is upper limit.",PWM,800,2200,,,Standard,,1900,True,False,,,apm.pdef.json (@Param metadata)
SERVO15_MIN,Minimum PWM,"minimum PWM pulse width in microseconds. Typically 1000 is lower limit, 1500 is neutral and 2000 is upper limit.",PWM,800,2200,,,Standard,,1100,True,False,,,apm.pdef.json (@Param metadata)
SERVO15_REVERSED,Servo reverse,Reverse servo operation. Set to 0 for normal operation. Set to 1 to reverse this output channel.,,,,"0:Normal, 1:Reversed",,Standard,,0,True,False,,,apm.pdef.json (@Param metadata)
SERVO15_TRIM,Trim PWM,"Trim PWM pulse width in microseconds. Typically 1000 is lower limit, 1500 is neutral and 2000 is upper limit.",PWM,800,2200,,,Standard,,1500,True,False,,,apm.pdef.json (@Param metadata)
SERVO16_FUNCTION,Servo output function,Function assigned to this servo. Setting this to Disabled(0) will setup this output for control by auto missions or MAVLink servo set commands. any other value will enable the corresponding function,,,,"-1:GPIO, 0:Disabled, 1:RCPassThru, 6:Mount1Yaw, 7:Mount1Pitch, 8:Mount1Roll, 9:Mount1Retract, 10:CameraTrigger, 12:Mount2Yaw, 13:Mount2Pitch, 14:Mount2Roll, 15:Mount2Retract, 22:SprayerPump, 23:SprayerSpinner, 27:Parachute, 28:Gripper, 29:LandingGear, 30:EngineRunEnable, 31:HeliRSC, 32:HeliTailRSC, 33:Motor1, 34:Motor2, 35:Motor3, 36:Motor4, 37:Motor5, 38:Motor6, 39:Motor7, 40:Motor8, 51:RCIN1, 52:RCIN2, 53:RCIN3, 54:RCIN4, 55:RCIN5, 56:RCIN6, 57:RCIN7, 58:RCIN8, 59:RCIN9, 60:RCIN10, 61:RCIN11, 62:RCIN12, 63:RCIN13, 64:RCIN14, 65:RCIN15, 66:RCIN16, 73:ThrottleLeft, 74:ThrottleRight, 75:TiltMotorFrontLeft, 76:TiltMotorFrontRight, 81:BoostThrottle, 82:Motor9, 83:Motor10, 84:Motor11, 85:Motor12, 88:Winch, 90:CameraISO, 91:CameraAperture, 92:CameraFocus, 93:CameraShutterSpeed, 94:Script1, 95:Script2, 96:Script3, 97:Script4, 98:Script5, 99:Script6, 100:Script7, 101:Script8, 102:Script9, 103:Script10, 104:Script11, 105:Script12, 106:Script13, 107:Script14, 108:Script15, 109:Script16, 120:NeoPixel1, 121:NeoPixel2, 122:NeoPixel3, 123:NeoPixel4, 124:RateRoll, 125:RatePitch, 126:RateThrust, 127:RateYaw, 129:ProfiLED1, 130:ProfiLED2, 131:ProfiLED3, 132:ProfiLEDClock, 133:Winch Clutch, 134:SERVOn_MIN, 135:SERVOn_TRIM, 136:SERVOn_MAX, 138:Alarm, 139:Alarm Inverted, 140:RCIN1Scaled, 141:RCIN2Scaled, 142:RCIN3Scaled, 143:RCIN4Scaled, 144:RCIN5Scaled, 145:RCIN6Scaled, 146:RCIN7Scaled, 147:RCIN8Scaled, 148:RCIN9Scaled, 149:RCIN10Scaled, 150:RCIN11Scaled, 151:RCIN12Scaled, 152:RCIN13Scaled, 153:RCIN14Scaled, 154:RCIN15Scaled, 155:RCIN16Scaled",,Standard,True,0,True,False,,,apm.pdef.json (@Param metadata)
SERVO16_MAX,Maximum PWM,"maximum PWM pulse width in microseconds. Typically 1000 is lower limit, 1500 is neutral and 2000 is upper limit.",PWM,800,2200,,,Standard,,1900,True,False,,,apm.pdef.json (@Param metadata)
SERVO16_MIN,Minimum PWM,"minimum PWM pulse width in microseconds. Typically 1000 is lower limit, 1500 is neutral and 2000 is upper limit.",PWM,800,2200,,,Standard,,1100,True,False,,,apm.pdef.json (@Param metadata)
SERVO16_REVERSED,Servo reverse,Reverse servo operation. Set to 0 for normal operation. Set to 1 to reverse this output channel.,,,,"0:Normal, 1:Reversed",,Standard,,0,True,False,,,apm.pdef.json (@Param metadata)
SERVO16_TRIM,Trim PWM,"Trim PWM pulse width in microseconds. Typically 1000 is lower limit, 1500 is neutral and 2000 is upper limit.",PWM,800,2200,,,Standard,,1500,True,False,,,apm.pdef.json (@Param metadata)
SERVO1_FUNCTION,Servo output function,Function assigned to this servo. Setting this to Disabled(0) will setup this output for control by auto missions or MAVLink servo set commands. any other value will enable the corresponding function,,,,"-1:GPIO, 0:Disabled, 1:RCPassThru, 6:Mount1Yaw, 7:Mount1Pitch, 8:Mount1Roll, 9:Mount1Retract, 10:CameraTrigger, 12:Mount2Yaw, 13:Mount2Pitch, 14:Mount2Roll, 15:Mount2Retract, 22:SprayerPump, 23:SprayerSpinner, 27:Parachute, 28:Gripper, 29:LandingGear, 30:EngineRunEnable, 31:HeliRSC, 32:HeliTailRSC, 33:Motor1, 34:Motor2, 35:Motor3, 36:Motor4, 37:Motor5, 38:Motor6, 39:Motor7, 40:Motor8, 51:RCIN1, 52:RCIN2, 53:RCIN3, 54:RCIN4, 55:RCIN5, 56:RCIN6, 57:RCIN7, 58:RCIN8, 59:RCIN9, 60:RCIN10, 61:RCIN11, 62:RCIN12, 63:RCIN13, 64:RCIN14, 65:RCIN15, 66:RCIN16, 73:ThrottleLeft, 74:ThrottleRight, 75:TiltMotorFrontLeft, 76:TiltMotorFrontRight, 81:BoostThrottle, 82:Motor9, 83:Motor10, 84:Motor11, 85:Motor12, 88:Winch, 90:CameraISO, 91:CameraAperture, 92:CameraFocus, 93:CameraShutterSpeed, 94:Script1, 95:Script2, 96:Script3, 97:Script4, 98:Script5, 99:Script6, 100:Script7, 101:Script8, 102:Script9, 103:Script10, 104:Script11, 105:Script12, 106:Script13, 107:Script14, 108:Script15, 109:Script16, 120:NeoPixel1, 121:NeoPixel2, 122:NeoPixel3, 123:NeoPixel4, 124:RateRoll, 125:RatePitch, 126:RateThrust, 127:RateYaw, 129:ProfiLED1, 130:ProfiLED2, 131:ProfiLED3, 132:ProfiLEDClock, 133:Winch Clutch, 134:SERVOn_MIN, 135:SERVOn_TRIM, 136:SERVOn_MAX, 138:Alarm, 139:Alarm Inverted, 140:RCIN1Scaled, 141:RCIN2Scaled, 142:RCIN3Scaled, 143:RCIN4Scaled, 144:RCIN5Scaled, 145:RCIN6Scaled, 146:RCIN7Scaled, 147:RCIN8Scaled, 148:RCIN9Scaled, 149:RCIN10Scaled, 150:RCIN11Scaled, 151:RCIN12Scaled, 152:RCIN13Scaled, 153:RCIN14Scaled, 154:RCIN15Scaled, 155:RCIN16Scaled",,Standard,True,33,True,False,,,apm.pdef.json (@Param metadata)
SERVO1_MAX,Maximum PWM,"maximum PWM pulse width in microseconds. Typically 1000 is lower limit, 1500 is neutral and 2000 is upper limit.",PWM,800,2200,,,Standard,,1900,True,False,,,apm.pdef.json (@Param metadata)
SERVO1_MIN,Minimum PWM,"minimum PWM pulse width in microseconds. Typically 1000 is lower limit, 1500 is neutral and 2000 is upper limit.",PWM,800,2200,,,Standard,,1100,True,False,,,apm.pdef.json (@Param metadata)
SERVO1_REVERSED,Servo reverse,Reverse servo operation. Set to 0 for normal operation. Set to 1 to reverse this output channel.,,,,"0:Normal, 1:Reversed",,Standard,,0,True,False,,,apm.pdef.json (@Param metadata)
SERVO1_TRIM,Trim PWM,"Trim PWM pulse width in microseconds. Typically 1000 is lower limit, 1500 is neutral and 2000 is upper limit.",PWM,800,2200,,,Standard,,1500,True,False,,,apm.pdef.json (@Param metadata)
SERVO2_FUNCTION,Servo output function,Function assigned to this servo. Setting this to Disabled(0) will setup this output for control by auto missions or MAVLink servo set commands. any other value will enable the corresponding function,,,,"-1:GPIO, 0:Disabled, 1:RCPassThru, 6:Mount1Yaw, 7:Mount1Pitch, 8:Mount1Roll, 9:Mount1Retract, 10:CameraTrigger, 12:Mount2Yaw, 13:Mount2Pitch, 14:Mount2Roll, 15:Mount2Retract, 22:SprayerPump, 23:SprayerSpinner, 27:Parachute, 28:Gripper, 29:LandingGear, 30:EngineRunEnable, 31:HeliRSC, 32:HeliTailRSC, 33:Motor1, 34:Motor2, 35:Motor3, 36:Motor4, 37:Motor5, 38:Motor6, 39:Motor7, 40:Motor8, 51:RCIN1, 52:RCIN2, 53:RCIN3, 54:RCIN4, 55:RCIN5, 56:RCIN6, 57:RCIN7, 58:RCIN8, 59:RCIN9, 60:RCIN10, 61:RCIN11, 62:RCIN12, 63:RCIN13, 64:RCIN14, 65:RCIN15, 66:RCIN16, 73:ThrottleLeft, 74:ThrottleRight, 75:TiltMotorFrontLeft, 76:TiltMotorFrontRight, 81:BoostThrottle, 82:Motor9, 83:Motor10, 84:Motor11, 85:Motor12, 88:Winch, 90:CameraISO, 91:CameraAperture, 92:CameraFocus, 93:CameraShutterSpeed, 94:Script1, 95:Script2, 96:Script3, 97:Script4, 98:Script5, 99:Script6, 100:Script7, 101:Script8, 102:Script9, 103:Script10, 104:Script11, 105:Script12, 106:Script13, 107:Script14, 108:Script15, 109:Script16, 120:NeoPixel1, 121:NeoPixel2, 122:NeoPixel3, 123:NeoPixel4, 124:RateRoll, 125:RatePitch, 126:RateThrust, 127:RateYaw, 129:ProfiLED1, 130:ProfiLED2, 131:ProfiLED3, 132:ProfiLEDClock, 133:Winch Clutch, 134:SERVOn_MIN, 135:SERVOn_TRIM, 136:SERVOn_MAX, 138:Alarm, 139:Alarm Inverted, 140:RCIN1Scaled, 141:RCIN2Scaled, 142:RCIN3Scaled, 143:RCIN4Scaled, 144:RCIN5Scaled, 145:RCIN6Scaled, 146:RCIN7Scaled, 147:RCIN8Scaled, 148:RCIN9Scaled, 149:RCIN10Scaled, 150:RCIN11Scaled, 151:RCIN12Scaled, 152:RCIN13Scaled, 153:RCIN14Scaled, 154:RCIN15Scaled, 155:RCIN16Scaled",,Standard,True,34,True,False,,,apm.pdef.json (@Param metadata)
SERVO2_MAX,Maximum PWM,"maximum PWM pulse width in microseconds. Typically 1000 is lower limit, 1500 is neutral and 2000 is upper limit.",PWM,800,2200,,,Standard,,1900,True,False,,,apm.pdef.json (@Param metadata)
SERVO2_MIN,Minimum PWM,"minimum PWM pulse width in microseconds. Typically 1000 is lower limit, 1500 is neutral and 2000 is upper limit.",PWM,800,2200,,,Standard,,1100,True,False,,,apm.pdef.json (@Param metadata)
SERVO2_REVERSED,Servo reverse,Reverse servo operation. Set to 0 for normal operation. Set to 1 to reverse this output channel.,,,,"0:Normal, 1:Reversed",,Standard,,0,True,False,,,apm.pdef.json (@Param metadata)
SERVO2_TRIM,Trim PWM,"Trim PWM pulse width in microseconds. Typically 1000 is lower limit, 1500 is neutral and 2000 is upper limit.",PWM,800,2200,,,Standard,,1500,True,False,,,apm.pdef.json (@Param metadata)
SERVO3_FUNCTION,Servo output function,Function assigned to this servo. Setting this to Disabled(0) will setup this output for control by auto missions or MAVLink servo set commands. any other value will enable the corresponding function,,,,"-1:GPIO, 0:Disabled, 1:RCPassThru, 6:Mount1Yaw, 7:Mount1Pitch, 8:Mount1Roll, 9:Mount1Retract, 10:CameraTrigger, 12:Mount2Yaw, 13:Mount2Pitch, 14:Mount2Roll, 15:Mount2Retract, 22:SprayerPump, 23:SprayerSpinner, 27:Parachute, 28:Gripper, 29:LandingGear, 30:EngineRunEnable, 31:HeliRSC, 32:HeliTailRSC, 33:Motor1, 34:Motor2, 35:Motor3, 36:Motor4, 37:Motor5, 38:Motor6, 39:Motor7, 40:Motor8, 51:RCIN1, 52:RCIN2, 53:RCIN3, 54:RCIN4, 55:RCIN5, 56:RCIN6, 57:RCIN7, 58:RCIN8, 59:RCIN9, 60:RCIN10, 61:RCIN11, 62:RCIN12, 63:RCIN13, 64:RCIN14, 65:RCIN15, 66:RCIN16, 73:ThrottleLeft, 74:ThrottleRight, 75:TiltMotorFrontLeft, 76:TiltMotorFrontRight, 81:BoostThrottle, 82:Motor9, 83:Motor10, 84:Motor11, 85:Motor12, 88:Winch, 90:CameraISO, 91:CameraAperture, 92:CameraFocus, 93:CameraShutterSpeed, 94:Script1, 95:Script2, 96:Script3, 97:Script4, 98:Script5, 99:Script6, 100:Script7, 101:Script8, 102:Script9, 103:Script10, 104:Script11, 105:Script12, 106:Script13, 107:Script14, 108:Script15, 109:Script16, 120:NeoPixel1, 121:NeoPixel2, 122:NeoPixel3, 123:NeoPixel4, 124:RateRoll, 125:RatePitch, 126:RateThrust, 127:RateYaw, 129:ProfiLED1, 130:ProfiLED2, 131:ProfiLED3, 132:ProfiLEDClock, 133:Winch Clutch, 134:SERVOn_MIN, 135:SERVOn_TRIM, 136:SERVOn_MAX, 138:Alarm, 139:Alarm Inverted, 140:RCIN1Scaled, 141:RCIN2Scaled, 142:RCIN3Scaled, 143:RCIN4Scaled, 144:RCIN5Scaled, 145:RCIN6Scaled, 146:RCIN7Scaled, 147:RCIN8Scaled, 148:RCIN9Scaled, 149:RCIN10Scaled, 150:RCIN11Scaled, 151:RCIN12Scaled, 152:RCIN13Scaled, 153:RCIN14Scaled, 154:RCIN15Scaled, 155:RCIN16Scaled",,Standard,True,35,True,False,,,apm.pdef.json (@Param metadata)
SERVO3_MAX,Maximum PWM,"maximum PWM pulse width in microseconds. Typically 1000 is lower limit, 1500 is neutral and 2000 is upper limit.",PWM,800,2200,,,Standard,,1900,True,False,,,apm.pdef.json (@Param metadata)
SERVO3_MIN,Minimum PWM,"minimum PWM pulse width in microseconds. Typically 1000 is lower limit, 1500 is neutral and 2000 is upper limit.",PWM,800,2200,,,Standard,,1100,True,False,,,apm.pdef.json (@Param metadata)
SERVO3_REVERSED,Servo reverse,Reverse servo operation. Set to 0 for normal operation. Set to 1 to reverse this output channel.,,,,"0:Normal, 1:Reversed",,Standard,,0,True,False,,,apm.pdef.json (@Param metadata)
SERVO3_TRIM,Trim PWM,"Trim PWM pulse width in microseconds. Typically 1000 is lower limit, 1500 is neutral and 2000 is upper limit.",PWM,800,2200,,,Standard,,1500,True,False,,,apm.pdef.json (@Param metadata)
SERVO4_FUNCTION,Servo output function,Function assigned to this servo. Setting this to Disabled(0) will setup this output for control by auto missions or MAVLink servo set commands. any other value will enable the corresponding function,,,,"-1:GPIO, 0:Disabled, 1:RCPassThru, 6:Mount1Yaw, 7:Mount1Pitch, 8:Mount1Roll, 9:Mount1Retract, 10:CameraTrigger, 12:Mount2Yaw, 13:Mount2Pitch, 14:Mount2Roll, 15:Mount2Retract, 22:SprayerPump, 23:SprayerSpinner, 27:Parachute, 28:Gripper, 29:LandingGear, 30:EngineRunEnable, 31:HeliRSC, 32:HeliTailRSC, 33:Motor1, 34:Motor2, 35:Motor3, 36:Motor4, 37:Motor5, 38:Motor6, 39:Motor7, 40:Motor8, 51:RCIN1, 52:RCIN2, 53:RCIN3, 54:RCIN4, 55:RCIN5, 56:RCIN6, 57:RCIN7, 58:RCIN8, 59:RCIN9, 60:RCIN10, 61:RCIN11, 62:RCIN12, 63:RCIN13, 64:RCIN14, 65:RCIN15, 66:RCIN16, 73:ThrottleLeft, 74:ThrottleRight, 75:TiltMotorFrontLeft, 76:TiltMotorFrontRight, 81:BoostThrottle, 82:Motor9, 83:Motor10, 84:Motor11, 85:Motor12, 88:Winch, 90:CameraISO, 91:CameraAperture, 92:CameraFocus, 93:CameraShutterSpeed, 94:Script1, 95:Script2, 96:Script3, 97:Script4, 98:Script5, 99:Script6, 100:Script7, 101:Script8, 102:Script9, 103:Script10, 104:Script11, 105:Script12, 106:Script13, 107:Script14, 108:Script15, 109:Script16, 120:NeoPixel1, 121:NeoPixel2, 122:NeoPixel3, 123:NeoPixel4, 124:RateRoll, 125:RatePitch, 126:RateThrust, 127:RateYaw, 129:ProfiLED1, 130:ProfiLED2, 131:ProfiLED3, 132:ProfiLEDClock, 133:Winch Clutch, 134:SERVOn_MIN, 135:SERVOn_TRIM, 136:SERVOn_MAX, 138:Alarm, 139:Alarm Inverted, 140:RCIN1Scaled, 141:RCIN2Scaled, 142:RCIN3Scaled, 143:RCIN4Scaled, 144:RCIN5Scaled, 145:RCIN6Scaled, 146:RCIN7Scaled, 147:RCIN8Scaled, 148:RCIN9Scaled, 149:RCIN10Scaled, 150:RCIN11Scaled, 151:RCIN12Scaled, 152:RCIN13Scaled, 153:RCIN14Scaled, 154:RCIN15Scaled, 155:RCIN16Scaled",,Standard,True,36,True,False,,,apm.pdef.json (@Param metadata)
SERVO4_MAX,Maximum PWM,"maximum PWM pulse width in microseconds. Typically 1000 is lower limit, 1500 is neutral and 2000 is upper limit.",PWM,800,2200,,,Standard,,1900,True,False,,,apm.pdef.json (@Param metadata)
SERVO4_MIN,Minimum PWM,"minimum PWM pulse width in microseconds. Typically 1000 is lower limit, 1500 is neutral and 2000 is upper limit.",PWM,800,2200,,,Standard,,1100,True,False,,,apm.pdef.json (@Param metadata)
SERVO4_REVERSED,Servo reverse,Reverse servo operation. Set to 0 for normal operation. Set to 1 to reverse this output channel.,,,,"0:Normal, 1:Reversed",,Standard,,0,True,False,,,apm.pdef.json (@Param metadata)
SERVO4_TRIM,Trim PWM,"Trim PWM pulse width in microseconds. Typically 1000 is lower limit, 1500 is neutral and 2000 is upper limit.",PWM,800,2200,,,Standard,,1500,True,False,,,apm.pdef.json (@Param metadata)
SERVO5_FUNCTION,Servo output function,Function assigned to this servo. Setting this to Disabled(0) will setup this output for control by auto missions or MAVLink servo set commands. any other value will enable the corresponding function,,,,"-1:GPIO, 0:Disabled, 1:RCPassThru, 6:Mount1Yaw, 7:Mount1Pitch, 8:Mount1Roll, 9:Mount1Retract, 10:CameraTrigger, 12:Mount2Yaw, 13:Mount2Pitch, 14:Mount2Roll, 15:Mount2Retract, 22:SprayerPump, 23:SprayerSpinner, 27:Parachute, 28:Gripper, 29:LandingGear, 30:EngineRunEnable, 31:HeliRSC, 32:HeliTailRSC, 33:Motor1, 34:Motor2, 35:Motor3, 36:Motor4, 37:Motor5, 38:Motor6, 39:Motor7, 40:Motor8, 51:RCIN1, 52:RCIN2, 53:RCIN3, 54:RCIN4, 55:RCIN5, 56:RCIN6, 57:RCIN7, 58:RCIN8, 59:RCIN9, 60:RCIN10, 61:RCIN11, 62:RCIN12, 63:RCIN13, 64:RCIN14, 65:RCIN15, 66:RCIN16, 73:ThrottleLeft, 74:ThrottleRight, 75:TiltMotorFrontLeft, 76:TiltMotorFrontRight, 81:BoostThrottle, 82:Motor9, 83:Motor10, 84:Motor11, 85:Motor12, 88:Winch, 90:CameraISO, 91:CameraAperture, 92:CameraFocus, 93:CameraShutterSpeed, 94:Script1, 95:Script2, 96:Script3, 97:Script4, 98:Script5, 99:Script6, 100:Script7, 101:Script8, 102:Script9, 103:Script10, 104:Script11, 105:Script12, 106:Script13, 107:Script14, 108:Script15, 109:Script16, 120:NeoPixel1, 121:NeoPixel2, 122:NeoPixel3, 123:NeoPixel4, 124:RateRoll, 125:RatePitch, 126:RateThrust, 127:RateYaw, 129:ProfiLED1, 130:ProfiLED2, 131:ProfiLED3, 132:ProfiLEDClock, 133:Winch Clutch, 134:SERVOn_MIN, 135:SERVOn_TRIM, 136:SERVOn_MAX, 138:Alarm, 139:Alarm Inverted, 140:RCIN1Scaled, 141:RCIN2Scaled, 142:RCIN3Scaled, 143:RCIN4Scaled, 144:RCIN5Scaled, 145:RCIN6Scaled, 146:RCIN7Scaled, 147:RCIN8Scaled, 148:RCIN9Scaled, 149:RCIN10Scaled, 150:RCIN11Scaled, 151:RCIN12Scaled, 152:RCIN13Scaled, 153:RCIN14Scaled, 154:RCIN15Scaled, 155:RCIN16Scaled",,Standard,True,0,True,False,,,apm.pdef.json (@Param metadata)
SERVO5_MAX,Maximum PWM,"maximum PWM pulse width in microseconds. Typically 1000 is lower limit, 1500 is neutral and 2000 is upper limit.",PWM,800,2200,,,Standard,,1900,True,False,,,apm.pdef.json (@Param metadata)
SERVO5_MIN,Minimum PWM,"minimum PWM pulse width in microseconds. Typically 1000 is lower limit, 1500 is neutral and 2000 is upper limit.",PWM,800,2200,,,Standard,,1100,True,False,,,apm.pdef.json (@Param metadata)
SERVO5_REVERSED,Servo reverse,Reverse servo operation. Set to 0 for normal operation. Set to 1 to reverse this output channel.,,,,"0:Normal, 1:Reversed",,Standard,,0,True,False,,,apm.pdef.json (@Param metadata)
SERVO5_TRIM,Trim PWM,"Trim PWM pulse width in microseconds. Typically 1000 is lower limit, 1500 is neutral and 2000 is upper limit.",PWM,800,2200,,,Standard,,1500,True,False,,,apm.pdef.json (@Param metadata)
SERVO6_FUNCTION,Servo output function,Function assigned to this servo. Setting this to Disabled(0) will setup this output for control by auto missions or MAVLink servo set commands. any other value will enable the corresponding function,,,,"-1:GPIO, 0:Disabled, 1:RCPassThru, 6:Mount1Yaw, 7:Mount1Pitch, 8:Mount1Roll, 9:Mount1Retract, 10:CameraTrigger, 12:Mount2Yaw, 13:Mount2Pitch, 14:Mount2Roll, 15:Mount2Retract, 22:SprayerPump, 23:SprayerSpinner, 27:Parachute, 28:Gripper, 29:LandingGear, 30:EngineRunEnable, 31:HeliRSC, 32:HeliTailRSC, 33:Motor1, 34:Motor2, 35:Motor3, 36:Motor4, 37:Motor5, 38:Motor6, 39:Motor7, 40:Motor8, 51:RCIN1, 52:RCIN2, 53:RCIN3, 54:RCIN4, 55:RCIN5, 56:RCIN6, 57:RCIN7, 58:RCIN8, 59:RCIN9, 60:RCIN10, 61:RCIN11, 62:RCIN12, 63:RCIN13, 64:RCIN14, 65:RCIN15, 66:RCIN16, 73:ThrottleLeft, 74:ThrottleRight, 75:TiltMotorFrontLeft, 76:TiltMotorFrontRight, 81:BoostThrottle, 82:Motor9, 83:Motor10, 84:Motor11, 85:Motor12, 88:Winch, 90:CameraISO, 91:CameraAperture, 92:CameraFocus, 93:CameraShutterSpeed, 94:Script1, 95:Script2, 96:Script3, 97:Script4, 98:Script5, 99:Script6, 100:Script7, 101:Script8, 102:Script9, 103:Script10, 104:Script11, 105:Script12, 106:Script13, 107:Script14, 108:Script15, 109:Script16, 120:NeoPixel1, 121:NeoPixel2, 122:NeoPixel3, 123:NeoPixel4, 124:RateRoll, 125:RatePitch, 126:RateThrust, 127:RateYaw, 129:ProfiLED1, 130:ProfiLED2, 131:ProfiLED3, 132:ProfiLEDClock, 133:Winch Clutch, 134:SERVOn_MIN, 135:SERVOn_TRIM, 136:SERVOn_MAX, 138:Alarm, 139:Alarm Inverted, 140:RCIN1Scaled, 141:RCIN2Scaled, 142:RCIN3Scaled, 143:RCIN4Scaled, 144:RCIN5Scaled, 145:RCIN6Scaled, 146:RCIN7Scaled, 147:RCIN8Scaled, 148:RCIN9Scaled, 149:RCIN10Scaled, 150:RCIN11Scaled, 151:RCIN12Scaled, 152:RCIN13Scaled, 153:RCIN14Scaled, 154:RCIN15Scaled, 155:RCIN16Scaled",,Standard,True,0,True,False,,,apm.pdef.json (@Param metadata)
SERVO6_MAX,Maximum PWM,"maximum PWM pulse width in microseconds. Typically 1000 is lower limit, 1500 is neutral and 2000 is upper limit.",PWM,800,2200,,,Standard,,1900,True,False,,,apm.pdef.json (@Param metadata)
SERVO6_MIN,Minimum PWM,"minimum PWM pulse width in microseconds. Typically 1000 is lower limit, 1500 is neutral and 2000 is upper limit.",PWM,800,2200,,,Standard,,1100,True,False,,,apm.pdef.json (@Param metadata)
SERVO6_REVERSED,Servo reverse,Reverse servo operation. Set to 0 for normal operation. Set to 1 to reverse this output channel.,,,,"0:Normal, 1:Reversed",,Standard,,0,True,False,,,apm.pdef.json (@Param metadata)
SERVO6_TRIM,Trim PWM,"Trim PWM pulse width in microseconds. Typically 1000 is lower limit, 1500 is neutral and 2000 is upper limit.",PWM,800,2200,,,Standard,,1500,True,False,,,apm.pdef.json (@Param metadata)
SERVO7_FUNCTION,Servo output function,Function assigned to this servo. Setting this to Disabled(0) will setup this output for control by auto missions or MAVLink servo set commands. any other value will enable the corresponding function,,,,"-1:GPIO, 0:Disabled, 1:RCPassThru, 6:Mount1Yaw, 7:Mount1Pitch, 8:Mount1Roll, 9:Mount1Retract, 10:CameraTrigger, 12:Mount2Yaw, 13:Mount2Pitch, 14:Mount2Roll, 15:Mount2Retract, 22:SprayerPump, 23:SprayerSpinner, 27:Parachute, 28:Gripper, 29:LandingGear, 30:EngineRunEnable, 31:HeliRSC, 32:HeliTailRSC, 33:Motor1, 34:Motor2, 35:Motor3, 36:Motor4, 37:Motor5, 38:Motor6, 39:Motor7, 40:Motor8, 51:RCIN1, 52:RCIN2, 53:RCIN3, 54:RCIN4, 55:RCIN5, 56:RCIN6, 57:RCIN7, 58:RCIN8, 59:RCIN9, 60:RCIN10, 61:RCIN11, 62:RCIN12, 63:RCIN13, 64:RCIN14, 65:RCIN15, 66:RCIN16, 73:ThrottleLeft, 74:ThrottleRight, 75:TiltMotorFrontLeft, 76:TiltMotorFrontRight, 81:BoostThrottle, 82:Motor9, 83:Motor10, 84:Motor11, 85:Motor12, 88:Winch, 90:CameraISO, 91:CameraAperture, 92:CameraFocus, 93:CameraShutterSpeed, 94:Script1, 95:Script2, 96:Script3, 97:Script4, 98:Script5, 99:Script6, 100:Script7, 101:Script8, 102:Script9, 103:Script10, 104:Script11, 105:Script12, 106:Script13, 107:Script14, 108:Script15, 109:Script16, 120:NeoPixel1, 121:NeoPixel2, 122:NeoPixel3, 123:NeoPixel4, 124:RateRoll, 125:RatePitch, 126:RateThrust, 127:RateYaw, 129:ProfiLED1, 130:ProfiLED2, 131:ProfiLED3, 132:ProfiLEDClock, 133:Winch Clutch, 134:SERVOn_MIN, 135:SERVOn_TRIM, 136:SERVOn_MAX, 138:Alarm, 139:Alarm Inverted, 140:RCIN1Scaled, 141:RCIN2Scaled, 142:RCIN3Scaled, 143:RCIN4Scaled, 144:RCIN5Scaled, 145:RCIN6Scaled, 146:RCIN7Scaled, 147:RCIN8Scaled, 148:RCIN9Scaled, 149:RCIN10Scaled, 150:RCIN11Scaled, 151:RCIN12Scaled, 152:RCIN13Scaled, 153:RCIN14Scaled, 154:RCIN15Scaled, 155:RCIN16Scaled",,Standard,True,0,True,False,,,apm.pdef.json (@Param metadata)
SERVO7_MAX,Maximum PWM,"maximum PWM pulse width in microseconds. Typically 1000 is lower limit, 1500 is neutral and 2000 is upper limit.",PWM,800,2200,,,Standard,,1900,True,False,,,apm.pdef.json (@Param metadata)
SERVO7_MIN,Minimum PWM,"minimum PWM pulse width in microseconds. Typically 1000 is lower limit, 1500 is neutral and 2000 is upper limit.",PWM,800,2200,,,Standard,,1100,True,False,,,apm.pdef.json (@Param metadata)
SERVO7_REVERSED,Servo reverse,Reverse servo operation. Set to 0 for normal operation. Set to 1 to reverse this output channel.,,,,"0:Normal, 1:Reversed",,Standard,,0,True,False,,,apm.pdef.json (@Param metadata)
SERVO7_TRIM,Trim PWM,"Trim PWM pulse width in microseconds. Typically 1000 is lower limit, 1500 is neutral and 2000 is upper limit.",PWM,800,2200,,,Standard,,1500,True,False,,,apm.pdef.json (@Param metadata)
SERVO8_FUNCTION,Servo output function,Function assigned to this servo. Setting this to Disabled(0) will setup this output for control by auto missions or MAVLink servo set commands. any other value will enable the corresponding function,,,,"-1:GPIO, 0:Disabled, 1:RCPassThru, 6:Mount1Yaw, 7:Mount1Pitch, 8:Mount1Roll, 9:Mount1Retract, 10:CameraTrigger, 12:Mount2Yaw, 13:Mount2Pitch, 14:Mount2Roll, 15:Mount2Retract, 22:SprayerPump, 23:SprayerSpinner, 27:Parachute, 28:Gripper, 29:LandingGear, 30:EngineRunEnable, 31:HeliRSC, 32:HeliTailRSC, 33:Motor1, 34:Motor2, 35:Motor3, 36:Motor4, 37:Motor5, 38:Motor6, 39:Motor7, 40:Motor8, 51:RCIN1, 52:RCIN2, 53:RCIN3, 54:RCIN4, 55:RCIN5, 56:RCIN6, 57:RCIN7, 58:RCIN8, 59:RCIN9, 60:RCIN10, 61:RCIN11, 62:RCIN12, 63:RCIN13, 64:RCIN14, 65:RCIN15, 66:RCIN16, 73:ThrottleLeft, 74:ThrottleRight, 75:TiltMotorFrontLeft, 76:TiltMotorFrontRight, 81:BoostThrottle, 82:Motor9, 83:Motor10, 84:Motor11, 85:Motor12, 88:Winch, 90:CameraISO, 91:CameraAperture, 92:CameraFocus, 93:CameraShutterSpeed, 94:Script1, 95:Script2, 96:Script3, 97:Script4, 98:Script5, 99:Script6, 100:Script7, 101:Script8, 102:Script9, 103:Script10, 104:Script11, 105:Script12, 106:Script13, 107:Script14, 108:Script15, 109:Script16, 120:NeoPixel1, 121:NeoPixel2, 122:NeoPixel3, 123:NeoPixel4, 124:RateRoll, 125:RatePitch, 126:RateThrust, 127:RateYaw, 129:ProfiLED1, 130:ProfiLED2, 131:ProfiLED3, 132:ProfiLEDClock, 133:Winch Clutch, 134:SERVOn_MIN, 135:SERVOn_TRIM, 136:SERVOn_MAX, 138:Alarm, 139:Alarm Inverted, 140:RCIN1Scaled, 141:RCIN2Scaled, 142:RCIN3Scaled, 143:RCIN4Scaled, 144:RCIN5Scaled, 145:RCIN6Scaled, 146:RCIN7Scaled, 147:RCIN8Scaled, 148:RCIN9Scaled, 149:RCIN10Scaled, 150:RCIN11Scaled, 151:RCIN12Scaled, 152:RCIN13Scaled, 153:RCIN14Scaled, 154:RCIN15Scaled, 155:RCIN16Scaled",,Standard,True,0,True,False,,,apm.pdef.json (@Param metadata)
SERVO8_MAX,Maximum PWM,"maximum PWM pulse width in microseconds. Typically 1000 is lower limit, 1500 is neutral and 2000 is upper limit.",PWM,800,2200,,,Standard,,1900,True,False,,,apm.pdef.json (@Param metadata)
SERVO8_MIN,Minimum PWM,"minimum PWM pulse width in microseconds. Typically 1000 is lower limit, 1500 is neutral and 2000 is upper limit.",PWM,800,2200,,,Standard,,1100,True,False,,,apm.pdef.json (@Param metadata)
SERVO8_REVERSED,Servo reverse,Reverse servo operation. Set to 0 for normal operation. Set to 1 to reverse this output channel.,,,,"0:Normal, 1:Reversed",,Standard,,0,True,False,,,apm.pdef.json (@Param metadata)
SERVO8_TRIM,Trim PWM,"Trim PWM pulse width in microseconds. Typically 1000 is lower limit, 1500 is neutral and 2000 is upper limit.",PWM,800,2200,,,Standard,,1500,True,False,,,apm.pdef.json (@Param metadata)
SERVO9_FUNCTION,Servo output function,Function assigned to this servo. Setting this to Disabled(0) will setup this output for control by auto missions or MAVLink servo set commands. any other value will enable the corresponding function,,,,"-1:GPIO, 0:Disabled, 1:RCPassThru, 6:Mount1Yaw, 7:Mount1Pitch, 8:Mount1Roll, 9:Mount1Retract, 10:CameraTrigger, 12:Mount2Yaw, 13:Mount2Pitch, 14:Mount2Roll, 15:Mount2Retract, 22:SprayerPump, 23:SprayerSpinner, 27:Parachute, 28:Gripper, 29:LandingGear, 30:EngineRunEnable, 31:HeliRSC, 32:HeliTailRSC, 33:Motor1, 34:Motor2, 35:Motor3, 36:Motor4, 37:Motor5, 38:Motor6, 39:Motor7, 40:Motor8, 51:RCIN1, 52:RCIN2, 53:RCIN3, 54:RCIN4, 55:RCIN5, 56:RCIN6, 57:RCIN7, 58:RCIN8, 59:RCIN9, 60:RCIN10, 61:RCIN11, 62:RCIN12, 63:RCIN13, 64:RCIN14, 65:RCIN15, 66:RCIN16, 73:ThrottleLeft, 74:ThrottleRight, 75:TiltMotorFrontLeft, 76:TiltMotorFrontRight, 81:BoostThrottle, 82:Motor9, 83:Motor10, 84:Motor11, 85:Motor12, 88:Winch, 90:CameraISO, 91:CameraAperture, 92:CameraFocus, 93:CameraShutterSpeed, 94:Script1, 95:Script2, 96:Script3, 97:Script4, 98:Script5, 99:Script6, 100:Script7, 101:Script8, 102:Script9, 103:Script10, 104:Script11, 105:Script12, 106:Script13, 107:Script14, 108:Script15, 109:Script16, 120:NeoPixel1, 121:NeoPixel2, 122:NeoPixel3, 123:NeoPixel4, 124:RateRoll, 125:RatePitch, 126:RateThrust, 127:RateYaw, 129:ProfiLED1, 130:ProfiLED2, 131:ProfiLED3, 132:ProfiLEDClock, 133:Winch Clutch, 134:SERVOn_MIN, 135:SERVOn_TRIM, 136:SERVOn_MAX, 138:Alarm, 139:Alarm Inverted, 140:RCIN1Scaled, 141:RCIN2Scaled, 142:RCIN3Scaled, 143:RCIN4Scaled, 144:RCIN5Scaled, 145:RCIN6Scaled, 146:RCIN7Scaled, 147:RCIN8Scaled, 148:RCIN9Scaled, 149:RCIN10Scaled, 150:RCIN11Scaled, 151:RCIN12Scaled, 152:RCIN13Scaled, 153:RCIN14Scaled, 154:RCIN15Scaled, 155:RCIN16Scaled",,Standard,True,0,False,True,,,apm.pdef.json (@Param metadata)
SERVO9_MAX,Maximum PWM,"maximum PWM pulse width in microseconds. Typically 1000 is lower limit, 1500 is neutral and 2000 is upper limit.",PWM,800,2200,,,Standard,,2100,False,True,,,apm.pdef.json (@Param metadata)
SERVO9_MIN,Minimum PWM,"minimum PWM pulse width in microseconds. Typically 1000 is lower limit, 1500 is neutral and 2000 is upper limit.",PWM,800,2200,,,Standard,,900,False,True,,,apm.pdef.json (@Param metadata)
SERVO9_REVERSED,Servo reverse,Reverse servo operation. Set to 0 for normal operation. Set to 1 to reverse this output channel.,,,,"0:Normal, 1:Reversed",,Standard,,0,False,True,,,apm.pdef.json (@Param metadata)
SERVO9_TRIM,Trim PWM,"Trim PWM pulse width in microseconds. Typically 1000 is lower limit, 1500 is neutral and 2000 is upper limit.",PWM,800,2200,,,Standard,,1500,False,True,,,apm.pdef.json (@Param metadata)
SERVO_32_ENABLE,Enable outputs 17 to 31,"This allows for up to 32 outputs, enabling parameters for outputs above 16",,,,"0:Disabled, 1:Enabled",,Advanced,,0,True,False,,,apm.pdef.json (@Param metadata)
SERVO_BLH_3DMASK,BLHeli bitmask of 3D channels,"Mask of channels which are dynamically reversible. This is used to configure ESCs in '3D' mode, allowing for the motor to spin in either direction. Do not use for channels selected with SERVO_BLH_RVMASK.",,,,,"0:Channel1, 1:Channel2, 2:Channel3, 3:Channel4, 4:Channel5, 5:Channel6, 6:Channel7, 7:Channel8, 8:Channel9, 9:Channel10, 10:Channel11, 11:Channel12, 12:Channel13, 13:Channel14, 14:Channel15, 15:Channel16, 16:Channel 17, 17:Channel 18, 18:Channel 19, 19:Channel 20, 20:Channel 21, 21:Channel 22, 22:Channel 23, 23:Channel 24, 24:Channel 25, 25:Channel 26, 26:Channel 27, 27:Channel 28, 28:Channel 29, 29:Channel 30, 30:Channel 31, 31:Channel 32",Advanced,True,0,True,False,,,apm.pdef.json (@Param metadata)
SERVO_BLH_AUTO,BLHeli pass-thru auto-enable for multicopter motors,If set to 1 this auto-enables BLHeli pass-thru support for all multicopter motors,,,,"0:Disabled, 1:Enabled",,Standard,True,0,True,False,,,apm.pdef.json (@Param metadata)
SERVO_BLH_DEBUG,BLHeli debug level,When set to 1 this enabled verbose debugging output over MAVLink when the blheli protocol is active. This can be used to diagnose failures.,,,,"0:Disabled, 1:Enabled",,Standard,,0,True,False,,,apm.pdef.json (@Param metadata)
SERVO_BLH_MASK,BLHeli Channel Bitmask,Enable of BLHeli pass-thru servo protocol support to specific channels. This mask is in addition to motors enabled using SERVO_BLH_AUTO (if any),,,,,"0:Channel1, 1:Channel2, 2:Channel3, 3:Channel4, 4:Channel5, 5:Channel6, 6:Channel7, 7:Channel8, 8:Channel9, 9:Channel10, 10:Channel11, 11:Channel12, 12:Channel13, 13:Channel14, 14:Channel15, 15:Channel16, 16:Channel 17, 17:Channel 18, 18:Channel 19, 19:Channel 20, 20:Channel 21, 21:Channel 22, 22:Channel 23, 23:Channel 24, 24:Channel 25, 25:Channel 26, 26:Channel 27, 27:Channel 28, 28:Channel 29, 29:Channel 30, 30:Channel 31, 31:Channel 32",Advanced,True,0,True,False,,,apm.pdef.json (@Param metadata)
SERVO_BLH_OTYPE,BLHeli output type override,When set to a non-zero value this overrides the output type for the output channels given by SERVO_BLH_MASK. This can be used to enable DShot on outputs that are not part of the multicopter motors group.,,,,"0:None, 1:OneShot, 2:OneShot125, 3:Brushed, 4:DShot150, 5:DShot300, 6:DShot600, 7:DShot1200",,Advanced,True,0,True,False,,,apm.pdef.json (@Param metadata)
SERVO_BLH_POLES,BLHeli Motor Poles,This allows calculation of true RPM from ESC's eRPM. The default is 14.,,1,127,,,Advanced,True,14,True,False,,,apm.pdef.json (@Param metadata)
SERVO_BLH_PORT,Control port,"This sets the mavlink channel to use for blheli pass-thru. The channel number is determined by the number of serial ports configured to use mavlink. So 0 is always the console, 1 is the next serial port using mavlink, 2 the next after that and so on.",,,,"0:Console, 1:Mavlink Serial Channel1, 2:Mavlink Serial Channel2, 3:Mavlink Serial Channel3, 4:Mavlink Serial Channel4, 5:Mavlink Serial Channel5",,Advanced,,0,True,False,,,apm.pdef.json (@Param metadata)
SERVO_BLH_RVMASK,BLHeli bitmask of reversed channels,Mask of channels which are reversed. This is used to configure ESCs to reverse motor direction for unidirectional rotation. Do not use for channels selected with SERVO_BLH_3DMASK.,,,,,"0:Channel1, 1:Channel2, 2:Channel3, 3:Channel4, 4:Channel5, 5:Channel6, 6:Channel7, 7:Channel8, 8:Channel9, 9:Channel10, 10:Channel11, 11:Channel12, 12:Channel13, 13:Channel14, 14:Channel15, 15:Channel16, 16:Channel 17, 17:Channel 18, 18:Channel 19, 19:Channel 20, 20:Channel 21, 21:Channel 22, 22:Channel 23, 23:Channel 24, 24:Channel 25, 25:Channel 26, 26:Channel 27, 27:Channel 28, 28:Channel 29, 29:Channel 30, 30:Channel 31, 31:Channel 32",Advanced,True,0,True,False,,,apm.pdef.json (@Param metadata)
SERVO_BLH_TEST,BLHeli internal interface test,Setting SERVO_BLH_TEST to a motor number enables an internal test of the BLHeli ESC protocol to the corresponding ESC. The debug output is displayed on the USB console.,,,,"0:Disabled, 1:TestMotor1, 2:TestMotor2, 3:TestMotor3, 4:TestMotor4, 5:TestMotor5, 6:TestMotor6, 7:TestMotor7, 8:TestMotor8",,Advanced,,0,True,False,,,apm.pdef.json (@Param metadata)
SERVO_BLH_TMOUT,BLHeli protocol timeout,This sets the inactivity timeout for the BLHeli protocol in seconds. If no packets are received in this time normal MAVLink operations are resumed. A value of 0 means no timeout,s,0,300,,,Standard,,0,True,False,,,apm.pdef.json (@Param metadata)
SERVO_BLH_TRATE,BLHeli telemetry rate,This sets the rate in Hz for requesting telemetry from ESCs. It is the rate per ESC. Setting to zero disables telemetry requests,Hz,0,500,,,Standard,,10,True,False,,,apm.pdef.json (@Param metadata)
SERVO_DSHOT_ESC,Servo DShot ESC type,DShot ESC type for all outputs. The ESC type affects the range of DShot commands available and the bit widths used. None means that no dshot commands will be executed. Some ESC types support Extended DShot Telemetry (EDT) which allows telemetry other than RPM data to be returned when using bi-directional dshot. If you enable EDT you must install EDT capable firmware for correct operation.,,,,"0:None, 1:BLHeli32/Kiss/AM32, 2:BLHeli_S/BlueJay, 3:BLHeli32/AM32/Kiss+EDT, 4:BLHeli_S/BlueJay+EDT",,Advanced,,0,True,False,,,apm.pdef.json (@Param metadata)
SERVO_DSHOT_RATE,Servo DShot output rate,DShot output rate for all outputs as a multiple of the loop rate. 0 sets the output rate to be fixed at 1Khz for low loop rates. This value should never be set below 500Hz.,,,,"0:1Khz, 1:loop-rate, 2:double loop-rate, 3:triple loop-rate, 4:quadruple loop rate",,Advanced,,0,True,False,,,apm.pdef.json (@Param metadata)
SERVO_FTW_MASK,Servo channel output bitmask,Servo channel mask specifying FETtec ESC output.,,,,,"0:SERVO1, 1:SERVO2, 2:SERVO3, 3:SERVO4, 4:SERVO5, 5:SERVO6, 6:SERVO7, 7:SERVO8, 8:SERVO9, 9:SERVO10, 10:SERVO11, 11:SERVO12",Standard,True,0,True,False,,,apm.pdef.json (@Param metadata)
SERVO_FTW_POLES,Nr. electrical poles,Number of motor electrical poles,,2,50,,,Standard,,14,True,False,,,apm.pdef.json (@Param metadata)
SERVO_FTW_RVMASK,Servo channel reverse rotation bitmask,Servo channel mask to reverse rotation of FETtec ESC outputs.,,,,,"0:SERVO1, 1:SERVO2, 2:SERVO3, 3:SERVO4, 4:SERVO5, 5:SERVO6, 6:SERVO7, 7:SERVO8, 8:SERVO9, 9:SERVO10, 10:SERVO11, 11:SERVO12",Standard,,0,True,False,,,apm.pdef.json (@Param metadata)
SERVO_GPIO_MASK,Servo GPIO mask,Bitmask of outputs which will be available as GPIOs. Any output with either the function set to -1 or with the corresponding bit set in this mask will be available for use as a GPIO pin,,,,,"0:Servo 1, 1:Servo 2, 2:Servo 3, 3:Servo 4, 4:Servo 5, 5:Servo 6, 6:Servo 7, 7:Servo 8, 8:Servo 9, 9:Servo 10, 10:Servo 11, 11:Servo 12, 12:Servo 13, 13:Servo 14, 14:Servo 15, 15:Servo 16, 16:Servo 17, 17:Servo 18, 18:Servo 19, 19:Servo 20, 20:Servo 21, 21:Servo 22, 22:Servo 23, 23:Servo 24, 24:Servo 25, 25:Servo 26, 26:Servo 27, 27:Servo 28, 28:Servo 29, 29:Servo 30, 30:Servo 31, 31:Servo 32",Advanced,True,0,True,False,,,apm.pdef.json (@Param metadata)
SERVO_RATE,Servo default output rate,Default output rate in Hz for all PWM outputs.,Hz,25,400,,,Advanced,,50,True,False,,,apm.pdef.json (@Param metadata)
SERVO_RC_FS_MSK,Servo RC Failsafe Mask,Bitmask of scaled passthru output channels which will be set to their trim value during rc failsafe instead of holding their last position before failsafe.,,,,,"0:RCIN1Scaled, 1:RCIN2Scaled, 2:RCIN3Scaled, 3:RCIN4Scaled, 4:RCIN5Scaled, 5:RCIN6Scaled, 6:RCIN7Scaled, 7:RCIN8Scaled, 8:RCIN9Scaled, 9:RCIN10Scaled, 10:RCIN11Scaled, 11:SRCIN12Scaled, 12:RCIN13Scaled, 13:RCIN14Scaled, 14:RCIN15Scaled, 15:RCIN16Scaled",Advanced,,0,True,False,,,apm.pdef.json (@Param metadata)
SERVO_ROB_POSMAX,Robotis servo position max,"Position maximum at servo max value. This should be within the position control range of the servos, normally 0 to 4095",,0,4095,,,Standard,,4095,True,False,,,apm.pdef.json (@Param metadata)
SERVO_ROB_POSMIN,Robotis servo position min,"Position minimum at servo min value. This should be within the position control range of the servos, normally 0 to 4095",,0,4095,,,Standard,,0,True,False,,,apm.pdef.json (@Param metadata)
SERVO_SBUS_RATE,SBUS default output rate,This sets the SBUS output frame rate in Hz.,Hz,25,250,,,Advanced,,50,True,False,,,apm.pdef.json (@Param metadata)
SERVO_VOLZ_MASK,Channel Bitmask,Enable of volz servo protocol to specific channels,,,,,"0:Channel1, 1:Channel2, 2:Channel3, 3:Channel4, 4:Channel5, 5:Channel6, 6:Channel7, 7:Channel8, 8:Channel9, 9:Channel10, 10:Channel11, 11:Channel12, 12:Channel13, 13:Channel14, 14:Channel15, 15:Channel16, 16:Channel17, 17:Channel18, 18:Channel19, 19:Channel20, 20:Channel21, 21:Channel22, 22:Channel23, 23:Channel24, 24:Channel25, 25:Channel26, 26:Channel27, 28:Channel29, 29:Channel30, 30:Channel31, 31:Channel32",Standard,,0,True,False,,,apm.pdef.json (@Param metadata)
SERVO_VOLZ_RANGE,Range of travel,"Range to map between 1000 and 2000 PWM. Default value of 200 gives full +-100 deg range of extended position command. This results in 0.2 deg movement per US change in PWM. If the full range is not needed it can be reduced to increase resolution. 40 deg range gives 0.04 deg movement per US change in PWM, this is higher resolution than possible with the VOLZ protocol so further reduction in range will not improve resolution. Reduced range does allow PWMs outside the 1000 to 2000 range, with 40 deg range 750 PWM results in a angle of -30 deg, 2250 would be +30 deg. This is still limited by the 200 deg maximum range of the actuator.",deg,,,,,,,200,True,False,,,apm.pdef.json (@Param metadata)
SIMPLE,Simple mode bitmask,Bitmask which holds which flight modes use simple heading mode (eg bit 0 = 1 means Flight Mode 0 uses simple mode). The bitmask is for flightmode switch positions.,,,,,"0:SwitchPos1, 1:SwitchPos2, 2:SwitchPos3, 3:SwitchPos4, 4:SwitchPos5, 5:SwitchPos6",Advanced,,0,True,True,,,apm.pdef.json (@Param metadata)
SPRAY_ENABLE,Sprayer enable/disable,Allows you to enable (1) or disable (0) the sprayer,,,,"0:Disabled, 1:Enabled",,Standard,,0,True,True,,,apm.pdef.json (@Param metadata)
SR0_ADSB,ADSB stream rate,MAVLink ADSB stream rate,Hz,0,50,,,Advanced,True,2,False,True,,,apm.pdef.json (@Param metadata)
SR0_EXTRA1,Extra data type 1 stream rate,"MAVLink Stream rate of ATTITUDE, SIMSTATE (SIM only), AHRS2 and PID_TUNING",,0,50,,,Advanced,True,0,False,True,,,apm.pdef.json (@Param metadata)
SR0_EXTRA2,Extra data type 2 stream rate,MAVLink Stream rate of VFR_HUD,Hz,0,50,,,Advanced,True,0,False,True,,,apm.pdef.json (@Param metadata)
SR0_EXTRA3,Extra data type 3 stream rate,"MAVLink Stream rate of AHRS, SYSTEM_TIME, WIND, RANGEFINDER, DISTANCE_SENSOR, TERRAIN_REQUEST, TERRAIN_REPORT, BATTERY_STATUS, GIMBAL_DEVICE_ATTITUDE_STATUS, OPTICAL_FLOW, MAG_CAL_REPORT, MAG_CAL_PROGRESS, EKF_STATUS_REPORT, VIBRATION, RPM, ESC TELEMETRY,GENERATOR_STATUS, and WINCH_STATUS",,,,,,,,0,False,True,,,apm.pdef.json (@Param metadata)
SR0_EXT_STAT,Extended status stream rate,"MAVLink Stream rate of SYS_STATUS, POWER_STATUS, MCU_STATUS, MEMINFO, CURRENT_WAYPOINT, GPS_RAW_INT, GPS_RTK (if available), GPS2_RAW_INT (if available), GPS2_RTK (if available), NAV_CONTROLLER_OUTPUT, FENCE_STATUS, and GLOBAL_TARGET_POS_INT",Hz,0,50,,,Advanced,True,0,False,True,,,apm.pdef.json (@Param metadata)
SR0_PARAMS,Parameter stream rate,MAVLink Stream rate of PARAM_VALUE,Hz,0,50,,,Advanced,True,0,False,True,,,apm.pdef.json (@Param metadata)
SR0_POSITION,Position stream rate,MAVLink Stream rate of GLOBAL_POSITION_INT and LOCAL_POSITION_NED,Hz,0,50,,,Advanced,True,0,False,True,,,apm.pdef.json (@Param metadata)
SR0_RAW_CTRL,Unused,Unused,Hz,0,50,,,Advanced,True,0,False,True,,,apm.pdef.json (@Param metadata)
SR0_RAW_SENS,Raw sensor stream rate,"MAVLink Stream rate of RAW_IMU, SCALED_IMU2, SCALED_IMU3, SCALED_PRESSURE, SCALED_PRESSURE2, SCALED_PRESSURE3 and AIRSPEED",Hz,0,50,,,Advanced,True,0,False,True,,,apm.pdef.json (@Param metadata)
SR0_RC_CHAN,RC Channel stream rate,MAVLink Stream rate of SERVO_OUTPUT_RAW and RC_CHANNELS,Hz,0,50,,,Advanced,True,0,False,True,,,apm.pdef.json (@Param metadata)
SR1_ADSB,ADSB stream rate,MAVLink ADSB stream rate,Hz,0,50,,,Advanced,True,0,False,True,,,apm.pdef.json (@Param metadata)
SR1_EXTRA1,Extra data type 1 stream rate,"MAVLink Stream rate of ATTITUDE, SIMSTATE (SIM only), AHRS2 and PID_TUNING",,0,50,,,Advanced,True,4,False,True,,,apm.pdef.json (@Param metadata)
SR1_EXTRA2,Extra data type 2 stream rate,MAVLink Stream rate of VFR_HUD,Hz,0,50,,,Advanced,True,4,False,True,,,apm.pdef.json (@Param metadata)
SR1_EXTRA3,Extra data type 3 stream rate,"MAVLink Stream rate of AHRS, SYSTEM_TIME, WIND, RANGEFINDER, DISTANCE_SENSOR, TERRAIN_REQUEST, TERRAIN_REPORT, BATTERY_STATUS, GIMBAL_DEVICE_ATTITUDE_STATUS, OPTICAL_FLOW, MAG_CAL_REPORT, MAG_CAL_PROGRESS, EKF_STATUS_REPORT, VIBRATION, RPM, ESC TELEMETRY,GENERATOR_STATUS, and WINCH_STATUS",,,,,,,,2,False,True,,,apm.pdef.json (@Param metadata)
SR1_EXT_STAT,Extended status stream rate,"MAVLink Stream rate of SYS_STATUS, POWER_STATUS, MCU_STATUS, MEMINFO, CURRENT_WAYPOINT, GPS_RAW_INT, GPS_RTK (if available), GPS2_RAW_INT (if available), GPS2_RTK (if available), NAV_CONTROLLER_OUTPUT, FENCE_STATUS, and GLOBAL_TARGET_POS_INT",Hz,0,50,,,Advanced,True,2,False,True,,,apm.pdef.json (@Param metadata)
SR1_PARAMS,Parameter stream rate,MAVLink Stream rate of PARAM_VALUE,Hz,0,50,,,Advanced,True,0,False,True,,,apm.pdef.json (@Param metadata)
SR1_POSITION,Position stream rate,MAVLink Stream rate of GLOBAL_POSITION_INT and LOCAL_POSITION_NED,Hz,0,50,,,Advanced,True,2,False,True,,,apm.pdef.json (@Param metadata)
SR1_RAW_CTRL,Unused,Unused,Hz,0,50,,,Advanced,True,0,False,True,,,apm.pdef.json (@Param metadata)
SR1_RAW_SENS,Raw sensor stream rate,"MAVLink Stream rate of RAW_IMU, SCALED_IMU2, SCALED_IMU3, SCALED_PRESSURE, SCALED_PRESSURE2, SCALED_PRESSURE3 and AIRSPEED",Hz,0,50,,,Advanced,True,2,False,True,,,apm.pdef.json (@Param metadata)
SR1_RC_CHAN,RC Channel stream rate,MAVLink Stream rate of SERVO_OUTPUT_RAW and RC_CHANNELS,Hz,0,50,,,Advanced,True,2,False,True,,,apm.pdef.json (@Param metadata)
SR2_ADSB,ADSB stream rate,MAVLink ADSB stream rate,Hz,0,50,,,Advanced,True,0,False,True,,,apm.pdef.json (@Param metadata)
SR2_EXTRA1,Extra data type 1 stream rate,"MAVLink Stream rate of ATTITUDE, SIMSTATE (SIM only), AHRS2 and PID_TUNING",,0,50,,,Advanced,True,0,False,True,,,apm.pdef.json (@Param metadata)
SR2_EXTRA2,Extra data type 2 stream rate,MAVLink Stream rate of VFR_HUD,Hz,0,50,,,Advanced,True,0,False,True,,,apm.pdef.json (@Param metadata)
SR2_EXTRA3,Extra data type 3 stream rate,"MAVLink Stream rate of AHRS, SYSTEM_TIME, WIND, RANGEFINDER, DISTANCE_SENSOR, TERRAIN_REQUEST, TERRAIN_REPORT, BATTERY_STATUS, GIMBAL_DEVICE_ATTITUDE_STATUS, OPTICAL_FLOW, MAG_CAL_REPORT, MAG_CAL_PROGRESS, EKF_STATUS_REPORT, VIBRATION, RPM, ESC TELEMETRY,GENERATOR_STATUS, and WINCH_STATUS",,,,,,,,0,False,True,,,apm.pdef.json (@Param metadata)
SR2_EXT_STAT,Extended status stream rate,"MAVLink Stream rate of SYS_STATUS, POWER_STATUS, MCU_STATUS, MEMINFO, CURRENT_WAYPOINT, GPS_RAW_INT, GPS_RTK (if available), GPS2_RAW_INT (if available), GPS2_RTK (if available), NAV_CONTROLLER_OUTPUT, FENCE_STATUS, and GLOBAL_TARGET_POS_INT",Hz,0,50,,,Advanced,True,0,False,True,,,apm.pdef.json (@Param metadata)
SR2_PARAMS,Parameter stream rate,MAVLink Stream rate of PARAM_VALUE,Hz,0,50,,,Advanced,True,0,False,True,,,apm.pdef.json (@Param metadata)
SR2_POSITION,Position stream rate,MAVLink Stream rate of GLOBAL_POSITION_INT and LOCAL_POSITION_NED,Hz,0,50,,,Advanced,True,0,False,True,,,apm.pdef.json (@Param metadata)
SR2_RAW_CTRL,Unused,Unused,Hz,0,50,,,Advanced,True,0,False,True,,,apm.pdef.json (@Param metadata)
SR2_RAW_SENS,Raw sensor stream rate,"MAVLink Stream rate of RAW_IMU, SCALED_IMU2, SCALED_IMU3, SCALED_PRESSURE, SCALED_PRESSURE2, SCALED_PRESSURE3 and AIRSPEED",Hz,0,50,,,Advanced,True,0,False,True,,,apm.pdef.json (@Param metadata)
SR2_RC_CHAN,RC Channel stream rate,MAVLink Stream rate of SERVO_OUTPUT_RAW and RC_CHANNELS,Hz,0,50,,,Advanced,True,0,False,True,,,apm.pdef.json (@Param metadata)
SR3_ADSB,ADSB stream rate,MAVLink ADSB stream rate,Hz,0,50,,,Advanced,True,0,False,True,,,apm.pdef.json (@Param metadata)
SR3_EXTRA1,Extra data type 1 stream rate,"MAVLink Stream rate of ATTITUDE, SIMSTATE (SIM only), AHRS2 and PID_TUNING",,0,50,,,Advanced,True,0,False,True,,,apm.pdef.json (@Param metadata)
SR3_EXTRA2,Extra data type 2 stream rate,MAVLink Stream rate of VFR_HUD,Hz,0,50,,,Advanced,True,0,False,True,,,apm.pdef.json (@Param metadata)
SR3_EXTRA3,Extra data type 3 stream rate,"MAVLink Stream rate of AHRS, SYSTEM_TIME, WIND, RANGEFINDER, DISTANCE_SENSOR, TERRAIN_REQUEST, TERRAIN_REPORT, BATTERY_STATUS, GIMBAL_DEVICE_ATTITUDE_STATUS, OPTICAL_FLOW, MAG_CAL_REPORT, MAG_CAL_PROGRESS, EKF_STATUS_REPORT, VIBRATION, RPM, ESC TELEMETRY,GENERATOR_STATUS, and WINCH_STATUS",,,,,,,,0,False,True,,,apm.pdef.json (@Param metadata)
SR3_EXT_STAT,Extended status stream rate,"MAVLink Stream rate of SYS_STATUS, POWER_STATUS, MCU_STATUS, MEMINFO, CURRENT_WAYPOINT, GPS_RAW_INT, GPS_RTK (if available), GPS2_RAW_INT (if available), GPS2_RTK (if available), NAV_CONTROLLER_OUTPUT, FENCE_STATUS, and GLOBAL_TARGET_POS_INT",Hz,0,50,,,Advanced,True,0,False,True,,,apm.pdef.json (@Param metadata)
SR3_PARAMS,Parameter stream rate,MAVLink Stream rate of PARAM_VALUE,Hz,0,50,,,Advanced,True,0,False,True,,,apm.pdef.json (@Param metadata)
SR3_POSITION,Position stream rate,MAVLink Stream rate of GLOBAL_POSITION_INT and LOCAL_POSITION_NED,Hz,0,50,,,Advanced,True,0,False,True,,,apm.pdef.json (@Param metadata)
SR3_RAW_CTRL,Unused,Unused,Hz,0,50,,,Advanced,True,0,False,True,,,apm.pdef.json (@Param metadata)
SR3_RAW_SENS,Raw sensor stream rate,"MAVLink Stream rate of RAW_IMU, SCALED_IMU2, SCALED_IMU3, SCALED_PRESSURE, SCALED_PRESSURE2, SCALED_PRESSURE3 and AIRSPEED",Hz,0,50,,,Advanced,True,0,False,True,,,apm.pdef.json (@Param metadata)
SR3_RC_CHAN,RC Channel stream rate,MAVLink Stream rate of SERVO_OUTPUT_RAW and RC_CHANNELS,Hz,0,50,,,Advanced,True,0,False,True,,,apm.pdef.json (@Param metadata)
SR4_ADSB,ADSB stream rate,MAVLink ADSB stream rate,Hz,0,50,,,Advanced,True,0,False,True,,,apm.pdef.json (@Param metadata)
SR4_EXTRA1,Extra data type 1 stream rate,"MAVLink Stream rate of ATTITUDE, SIMSTATE (SIM only), AHRS2 and PID_TUNING",,0,50,,,Advanced,True,4,False,True,,,apm.pdef.json (@Param metadata)
SR4_EXTRA2,Extra data type 2 stream rate,MAVLink Stream rate of VFR_HUD,Hz,0,50,,,Advanced,True,4,False,True,,,apm.pdef.json (@Param metadata)
SR4_EXTRA3,Extra data type 3 stream rate,"MAVLink Stream rate of AHRS, SYSTEM_TIME, WIND, RANGEFINDER, DISTANCE_SENSOR, TERRAIN_REQUEST, TERRAIN_REPORT, BATTERY_STATUS, GIMBAL_DEVICE_ATTITUDE_STATUS, OPTICAL_FLOW, MAG_CAL_REPORT, MAG_CAL_PROGRESS, EKF_STATUS_REPORT, VIBRATION, RPM, ESC TELEMETRY,GENERATOR_STATUS, and WINCH_STATUS",,,,,,,,2,False,True,,,apm.pdef.json (@Param metadata)
SR4_EXT_STAT,Extended status stream rate,"MAVLink Stream rate of SYS_STATUS, POWER_STATUS, MCU_STATUS, MEMINFO, CURRENT_WAYPOINT, GPS_RAW_INT, GPS_RTK (if available), GPS2_RAW_INT (if available), GPS2_RTK (if available), NAV_CONTROLLER_OUTPUT, FENCE_STATUS, and GLOBAL_TARGET_POS_INT",Hz,0,50,,,Advanced,True,2,False,True,,,apm.pdef.json (@Param metadata)
SR4_PARAMS,Parameter stream rate,MAVLink Stream rate of PARAM_VALUE,Hz,0,50,,,Advanced,True,0,False,True,,,apm.pdef.json (@Param metadata)
SR4_POSITION,Position stream rate,MAVLink Stream rate of GLOBAL_POSITION_INT and LOCAL_POSITION_NED,Hz,0,50,,,Advanced,True,2,False,True,,,apm.pdef.json (@Param metadata)
SR4_RAW_CTRL,Unused,Unused,Hz,0,50,,,Advanced,True,0,False,True,,,apm.pdef.json (@Param metadata)
SR4_RAW_SENS,Raw sensor stream rate,"MAVLink Stream rate of RAW_IMU, SCALED_IMU2, SCALED_IMU3, SCALED_PRESSURE, SCALED_PRESSURE2, SCALED_PRESSURE3 and AIRSPEED",Hz,0,50,,,Advanced,True,0,False,True,,,apm.pdef.json (@Param metadata)
SR4_RC_CHAN,RC Channel stream rate,MAVLink Stream rate of SERVO_OUTPUT_RAW and RC_CHANNELS,Hz,0,50,,,Advanced,True,0,False,True,,,apm.pdef.json (@Param metadata)
SR5_ADSB,ADSB stream rate,MAVLink ADSB stream rate,Hz,0,50,,,Advanced,True,0,True,True,,,apm.pdef.json (@Param metadata)
SR5_EXTRA1,Extra data type 1 stream rate,"MAVLink Stream rate of ATTITUDE, SIMSTATE (SIM only), AHRS2 and PID_TUNING",,0,50,,,Advanced,True,0,True,True,,,apm.pdef.json (@Param metadata)
SR5_EXTRA2,Extra data type 2 stream rate,MAVLink Stream rate of VFR_HUD,Hz,0,50,,,Advanced,True,0,True,True,,,apm.pdef.json (@Param metadata)
SR5_EXTRA3,Extra data type 3 stream rate,"MAVLink Stream rate of AHRS, SYSTEM_TIME, WIND, RANGEFINDER, DISTANCE_SENSOR, TERRAIN_REQUEST, TERRAIN_REPORT, BATTERY_STATUS, GIMBAL_DEVICE_ATTITUDE_STATUS, OPTICAL_FLOW, MAG_CAL_REPORT, MAG_CAL_PROGRESS, EKF_STATUS_REPORT, VIBRATION, RPM, ESC TELEMETRY,GENERATOR_STATUS, and WINCH_STATUS",,,,,,,,0,True,True,,,apm.pdef.json (@Param metadata)
SR5_EXT_STAT,Extended status stream rate,"MAVLink Stream rate of SYS_STATUS, POWER_STATUS, MCU_STATUS, MEMINFO, CURRENT_WAYPOINT, GPS_RAW_INT, GPS_RTK (if available), GPS2_RAW_INT (if available), GPS2_RTK (if available), NAV_CONTROLLER_OUTPUT, FENCE_STATUS, and GLOBAL_TARGET_POS_INT",Hz,0,50,,,Advanced,True,0,True,True,,,apm.pdef.json (@Param metadata)
SR5_PARAMS,Parameter stream rate,MAVLink Stream rate of PARAM_VALUE,Hz,0,50,,,Advanced,True,0,True,True,,,apm.pdef.json (@Param metadata)
SR5_POSITION,Position stream rate,MAVLink Stream rate of GLOBAL_POSITION_INT and LOCAL_POSITION_NED,Hz,0,50,,,Advanced,True,0,True,True,,,apm.pdef.json (@Param metadata)
SR5_RAW_CTRL,Unused,Unused,Hz,0,50,,,Advanced,True,0,True,True,,,apm.pdef.json (@Param metadata)
SR5_RAW_SENS,Raw sensor stream rate,"MAVLink Stream rate of RAW_IMU, SCALED_IMU2, SCALED_IMU3, SCALED_PRESSURE, SCALED_PRESSURE2, SCALED_PRESSURE3 and AIRSPEED",Hz,0,50,,,Advanced,True,0,True,True,,,apm.pdef.json (@Param metadata)
SR5_RC_CHAN,RC Channel stream rate,MAVLink Stream rate of SERVO_OUTPUT_RAW and RC_CHANNELS,Hz,0,50,,,Advanced,True,0,True,True,,,apm.pdef.json (@Param metadata)
SR6_ADSB,ADSB stream rate,MAVLink ADSB stream rate,Hz,0,50,,,Advanced,True,0,True,True,,,apm.pdef.json (@Param metadata)
SR6_EXTRA1,Extra data type 1 stream rate,"MAVLink Stream rate of ATTITUDE, SIMSTATE (SIM only), AHRS2 and PID_TUNING",,0,50,,,Advanced,True,0,True,True,,,apm.pdef.json (@Param metadata)
SR6_EXTRA2,Extra data type 2 stream rate,MAVLink Stream rate of VFR_HUD,Hz,0,50,,,Advanced,True,0,True,True,,,apm.pdef.json (@Param metadata)
SR6_EXTRA3,Extra data type 3 stream rate,"MAVLink Stream rate of AHRS, SYSTEM_TIME, WIND, RANGEFINDER, DISTANCE_SENSOR, TERRAIN_REQUEST, TERRAIN_REPORT, BATTERY_STATUS, GIMBAL_DEVICE_ATTITUDE_STATUS, OPTICAL_FLOW, MAG_CAL_REPORT, MAG_CAL_PROGRESS, EKF_STATUS_REPORT, VIBRATION, RPM, ESC TELEMETRY,GENERATOR_STATUS, and WINCH_STATUS",,,,,,,,0,True,True,,,apm.pdef.json (@Param metadata)
SR6_EXT_STAT,Extended status stream rate,"MAVLink Stream rate of SYS_STATUS, POWER_STATUS, MCU_STATUS, MEMINFO, CURRENT_WAYPOINT, GPS_RAW_INT, GPS_RTK (if available), GPS2_RAW_INT (if available), GPS2_RTK (if available), NAV_CONTROLLER_OUTPUT, FENCE_STATUS, and GLOBAL_TARGET_POS_INT",Hz,0,50,,,Advanced,True,0,True,True,,,apm.pdef.json (@Param metadata)
SR6_PARAMS,Parameter stream rate,MAVLink Stream rate of PARAM_VALUE,Hz,0,50,,,Advanced,True,0,True,True,,,apm.pdef.json (@Param metadata)
SR6_POSITION,Position stream rate,MAVLink Stream rate of GLOBAL_POSITION_INT and LOCAL_POSITION_NED,Hz,0,50,,,Advanced,True,0,True,True,,,apm.pdef.json (@Param metadata)
SR6_RAW_CTRL,Unused,Unused,Hz,0,50,,,Advanced,True,0,True,True,,,apm.pdef.json (@Param metadata)
SR6_RAW_SENS,Raw sensor stream rate,"MAVLink Stream rate of RAW_IMU, SCALED_IMU2, SCALED_IMU3, SCALED_PRESSURE, SCALED_PRESSURE2, SCALED_PRESSURE3 and AIRSPEED",Hz,0,50,,,Advanced,True,0,True,True,,,apm.pdef.json (@Param metadata)
SR6_RC_CHAN,RC Channel stream rate,MAVLink Stream rate of SERVO_OUTPUT_RAW and RC_CHANNELS,Hz,0,50,,,Advanced,True,0,True,True,,,apm.pdef.json (@Param metadata)
SRTL_ACCURACY,SmartRTL accuracy,SmartRTL accuracy. The minimum distance between points.,m,0,10,,,Advanced,,2,False,True,,,apm.pdef.json (@Param metadata)
SRTL_OPTIONS,SmartRTL options,Bitmask of SmartRTL options.,,,,,2:Ignore pilot yaw,Standard,,0,False,True,,,apm.pdef.json (@Param metadata)
SRTL_POINTS,SmartRTL maximum number of points on path,SmartRTL maximum number of points on path. Set to 0 to disable SmartRTL. 100 points consumes about 3k of memory.,,0,500,,,Advanced,True,300,False,True,,,apm.pdef.json (@Param metadata)
STAT_BOOTCNT,Boot Count,Number of times board has been booted,,,,,,Standard,,,False,True,,,apm.pdef.json (@Param metadata)
STAT_FLTTIME,Total FlightTime,Total FlightTime (seconds),s,,,,,Standard,,,False,True,,,apm.pdef.json (@Param metadata)
STAT_RESET,Statistics Reset Time,"Seconds since January 1st 2016 (Unix epoch+1451606400) since statistics reset (set to 0 to reset statistics, other set values will be ignored)",s,,,,,Standard,,,False,True,,,apm.pdef.json (@Param metadata)
STAT_RUNTIME,Total RunTime,Total time autopilot has run,s,,,,,Standard,,,False,True,,,apm.pdef.json (@Param metadata)
SUPER_SIMPLE,Super Simple Mode,Bitmask to enable Super Simple mode for some flight modes. Setting this to Disabled(0) will disable Super Simple Mode. The bitmask is for flight mode switch positions,,,,,"0:SwitchPos1, 1:SwitchPos2, 2:SwitchPos3, 3:SwitchPos4, 4:SwitchPos5, 5:SwitchPos6",Standard,,0,True,True,,,apm.pdef.json (@Param metadata)
SURFTRAK_MODE,Surface Tracking Mode,set which surface to track in surface tracking,,,,"0:Do not track, 1:Ground, 2:Ceiling",,Advanced,True,1,False,True,,,apm.pdef.json (@Param metadata)
SURFTRAK_TC,Surface Tracking Filter Time Constant,Time to achieve 63.2% of the surface altitude measurement change. If 0 filtering is disabled,s,0,5,,,Advanced,,1,False,True,,,apm.pdef.json (@Param metadata)
SYSID_ENFORCE,GCS sysid enforcement,This controls whether packets from other than the expected GCS system ID will be accepted,,,,"0:NotEnforced, 1:Enforced",,Advanced,,0,True,True,,,apm.pdef.json (@Param metadata)
SYSID_MYGCS,My ground station number,Allows restricting radio overrides to only come from my ground station,,1,255,,,Advanced,,255,True,True,,,apm.pdef.json (@Param metadata)
SYSID_THISMAV,MAVLink system ID of this vehicle,Allows setting an individual MAVLink system id for this vehicle to distinguish it from others on the same network,,1,255,,,Advanced,,1,True,True,,,apm.pdef.json (@Param metadata)
TCAL_ENABLED,Temperature calibration enable,Enable temperature calibration. Set to 0 to disable. Set to 1 to use learned values. Set to 2 to learn new values and use the values,,,,"0:Disabled, 1:Enabled, 2:EnableAndLearn",,Advanced,,0,True,True,,,apm.pdef.json (@Param metadata)
TELEM_DELAY,Telemetry startup delay,The amount of time (in seconds) to delay radio telemetry to prevent an Xbee bricking on power up,s,0,30,,,Advanced,,0,True,True,,,apm.pdef.json (@Param metadata)
TERRAIN_CACHE_SZ,Terrain cache size,The number of 32x28 cache blocks to keep in memory. Each block uses about 1800 bytes of memory,,0,128,,,Advanced,,12,False,True,,,apm.pdef.json (@Param metadata)
TERRAIN_ENABLE,Terrain data enable,"enable terrain data. This enables the vehicle storing a database of terrain data on the SD card. The terrain data is requested from the ground station as needed, and stored for later use on the SD card. To be useful the ground station must support TERRAIN_REQUEST messages and have access to a terrain database, such as the SRTM database.",,,,"0:Disable, 1:Enable",,Advanced,,1,False,True,,,apm.pdef.json (@Param metadata)
TERRAIN_MARGIN,Acceptance margin,Margin in centi-meters to accept terrain data from the GCS. This can be used to allow older terrain data generated with less accurate latitude/longitude scaling to be used,m,0.05,50000,,,Advanced,,0.05,False,True,,,apm.pdef.json (@Param metadata)
TERRAIN_OFS_MAX,Terrain reference offset maximum,"The maximum adjustment of terrain altitude based on the assumption that the vehicle is on the ground when it is armed. When the vehicle is armed the location of the vehicle is recorded, and when terrain data is available for that location a height adjustment for terrain data is calculated that aligns the terrain height at that location with the altitude recorded at arming. This height adjustment is applied to all terrain data. This parameter clamps the amount of adjustment. A value of zero disables the use of terrain height adjustment.",m,0,50,,,Advanced,,30,False,True,,,apm.pdef.json (@Param metadata)
TERRAIN_OPTIONS,Terrain options,Options to change behaviour of terrain system,,,,,0:Disable Download,Advanced,,0,False,True,,,apm.pdef.json (@Param metadata)
TERRAIN_SPACING,Terrain grid spacing,"Distance between terrain grid points in meters. This controls the horizontal resolution of the terrain data that is stored on te SD card and requested from the ground station. If your GCS is using the ArduPilot SRTM database like Mission Planner or MAVProxy, then a resolution of 100 meters is appropriate. Grid spacings lower than 100 meters waste SD card space if the GCS cannot provide that resolution. The grid spacing also controls how much data is kept in memory during flight. A larger grid spacing will allow for a larger amount of data in memory. A grid spacing of 100 meters results in the vehicle keeping 12 grid squares in memory with each grid square having a size of 2.7 kilometers by 3.2 kilometers. Any additional grid squares are stored on the SD once they are fetched from the GCS and will be loaded as needed.",m,,,,,Advanced,,100,False,True,,,apm.pdef.json (@Param metadata)
THR_DZ,Throttle deadzone,"The deadzone above and below mid throttle in PWM microseconds. Used in AltHold, Loiter, PosHold flight modes",PWM,0,300,,,Standard,,100,True,True,,,apm.pdef.json (@Param metadata)
TKOFF_RPM_MAX,Takeoff Check RPM maximum,Takeoff is not permitted until motors report no more than this RPM. Set to zero to disable check,,0,10000,,,Standard,,0,True,True,,,apm.pdef.json (@Param metadata)
TKOFF_RPM_MIN,Takeoff Check RPM minimum,Takeoff is not permitted until motors report at least this RPM. Set to zero to disable check,,0,10000,,,Standard,,0,True,True,,,apm.pdef.json (@Param metadata)
TKOFF_SLEW_TIME,Slew time of throttle during take-off,Time to slew the throttle from minimum to maximum while checking for a succsessful takeoff.,s,0.25,5.0,,,Standard,,3,True,True,,,apm.pdef.json (@Param metadata)
TKOFF_THR_MAX,Takeoff maximum throttle during take-off ramp up,Takeoff maximum throttle allowed before controllers assume the aircraft is airborne during the takeoff process.,,0.0,0.9,,,Advanced,,0.9,True,True,,,apm.pdef.json (@Param metadata)
TUNE,Channel 6 Tuning,Controls which parameters (normally PID gains) are being tuned with transmitter's channel 6 knob,,,,"0:None, 1:Stab Roll/Pitch kP, 3:Stab Yaw kP, 4:Rate Roll/Pitch kP, 5:Rate Roll/Pitch kI, 6:Rate Yaw kP, 7:Throttle Rate kP, 10:WP Speed, 12:Loiter Pos kP, 13:Heli Ext Gyro, 14:AltHold kP, 21:Rate Roll/Pitch kD, 22:Velocity XY kP, 25:Acro Roll/Pitch deg/s, 26:Rate Yaw kD, 28:Velocity XY kI, 34:Throttle Accel kP, 35:Throttle Accel kI, 36:Throttle Accel kD, 38:Declination, 39:Circle Rate, 40:Acro Yaw deg/s, 45:RC Feel, 46:Rate Pitch kP, 47:Rate Pitch kI, 48:Rate Pitch kD, 49:Rate Roll kP, 50:Rate Roll kI, 51:Rate Roll kD, 52:Rate Pitch FF, 53:Rate Roll FF, 54:Rate Yaw FF, 55:Motor Yaw Headroom, 56:Rate Yaw Filter, 58:SysID Magnitude, 59:PSC Angle Max",,Standard,,0,True,True,,,apm.pdef.json (@Param metadata)
TUNE_MAX,Tuning maximum,Maximum value that the parameter currently being tuned with the transmitter's channel 6 knob will be set to,,,,,,Standard,,0,True,True,,,apm.pdef.json (@Param metadata)
TUNE_MIN,Tuning minimum,Minimum value that the parameter currently being tuned with the transmitter's channel 6 knob will be set to,,,,,,Standard,,0,True,True,,,apm.pdef.json (@Param metadata)
VISO_TYPE,Visual odometry camera connection type,Visual odometry camera connection type,,,,"0:None, 1:MAVLink, 2:IntelT265, 3:VOXL(ModalAI)",,Advanced,True,0,True,True,,,apm.pdef.json (@Param metadata)
VTX_ENABLE,Is the Video Transmitter enabled or not,Toggles the Video Transmitter on and off,,,,"0:Disable, 1:Enable",,,,0,True,True,,,apm.pdef.json (@Param metadata)
WINCH_TYPE,Winch Type,Winch Type,,,,"0:None, 1:PWM, 2:Daiwa",,Standard,,0,True,True,,,apm.pdef.json (@Param metadata)
WPNAV_ACCEL,Waypoint Acceleration ,Defines the horizontal acceleration in cm/s/s used during missions,cm/s/s,50,500,,,Standard,,250,False,True,100,350,apm.pdef.json (@Param metadata)
WPNAV_ACCEL_C,Waypoint Cornering Acceleration,Defines the maximum cornering acceleration in cm/s/s used during missions. If zero uses 2x accel value.,cm/s/s,0,500,,,Standard,,220,False,True,100,300,apm.pdef.json (@Param metadata)
WPNAV_ACCEL_Z,Waypoint Vertical Acceleration,Defines the vertical acceleration in cm/s/s used during missions,cm/s/s,50,500,,,Standard,,100,False,True,50,200,apm.pdef.json (@Param metadata)
WPNAV_JERK,Waypoint Jerk,Defines the horizontal jerk in m/s/s used during missions,m/s/s/s,1,20,,,Standard,,1,False,True,,,apm.pdef.json (@Param metadata)
WPNAV_RADIUS,Waypoint Radius,"Defines the distance from a waypoint, that when crossed indicates the wp has been hit.",cm,5,1000,,,Standard,,400,False,True,5,1000,apm.pdef.json (@Param metadata)
WPNAV_RFND_USE,Waypoint missions use rangefinder for terrain following,This controls if waypoint missions use rangefinder for terrain following,,,,"0:Disable, 1:Enable",,Advanced,,0,False,True,,,apm.pdef.json (@Param metadata)
WPNAV_SPEED,Waypoint Horizontal Speed Target,Defines the speed in cm/s which the aircraft will attempt to maintain horizontally during a WP mission,cm/s,10,2000,,,Standard,,800,False,True,30,1800,apm.pdef.json (@Param metadata)
WPNAV_SPEED_DN,Waypoint Descent Speed Target,Defines the speed in cm/s which the aircraft will attempt to maintain while descending during a WP mission,cm/s,10,500,,,Standard,,150,False,True,30,300,apm.pdef.json (@Param metadata)
WPNAV_SPEED_UP,Waypoint Climb Speed Target,Defines the speed in cm/s which the aircraft will attempt to maintain while climbing during a WP mission,cm/s,10,1000,,,Standard,,200,False,True,30,300,apm.pdef.json (@Param metadata)
WPNAV_TER_MARGIN,Waypoint Terrain following altitude margin,Waypoint Terrain following altitude margin. Vehicle will stop if distance from target altitude is larger than this margin (in meters),m,0.1,100,,,Advanced,,10,False,True,,,apm.pdef.json (@Param metadata)
WP_NAVALT_MIN,Minimum navigation altitude,This is the altitude in meters above which for navigation can begin. This applies in auto takeoff and auto landing.,,0,5,,,Standard,,0,False,True,,,apm.pdef.json (@Param metadata)
WP_YAW_BEHAVIOR,Yaw behaviour during missions,Determines how the autopilot controls the yaw during missions and RTL,,,,"0:Never change yaw, 1:Face next waypoint, 2:Face next waypoint except RTL, 3:Face along GPS course",,Standard,,1,False,True,,,apm.pdef.json (@Param metadata)
WVANE_ENABLE,Enable,"Enable weather vaning. When active, the aircraft will automatically yaw into wind when in a VTOL position controlled mode. Pilot yaw commands override the weathervaning action.",,,,"-1:Only use during takeoffs or landing see weathervane takeoff and land override parameters, 0:Disabled, 1:Nose into wind, 2:Nose or tail into wind, 3:Side into wind, 4:tail into wind",,Standard,,0,True,True,,,apm.pdef.json (@Param metadata)
