name,group,default,read_only,user_visible,clamp_min,clamp_max,display_name,description,units,values,bitmask,doc_range_min,doc_range_max,user_level,reboot_required,notes,source
ADSB_EMIT_TYPE,ADSB,14,True,False,,,Emitter type,ADSB classification for the type of vehicle emitting the transponder signal. Default value is 14 (UAV).,,"0:NoInfo, 1:Light, 2:Small, 3:Large, 4:HighVortexlarge, 5:Heavy, 6:HighlyManuv, 7:Rotocraft, 8:RESERVED, 9:Glider, 10:LightAir, 11:Parachute, 12:UltraLight, 13:RESERVED, 14:UAV, 15:Space, 16:RESERVED, 17:EmergencySurface, 18:ServiceSurface, 19:PointObstacle",,,,Advanced,,,apm.pdef.json
ADSB_ICAO_ID,ADSB,0,True,False,,,ICAO_ID vehicle identification number,"ICAO_ID unique vehicle identification number of this aircraft. This is an integer limited to 24bits. If set to 0 then one will be randomly generated. If set to -1 then static information is not sent, transceiver is assumed pre-programmed.",,,,-1,16777215,Advanced,,,apm.pdef.json
ADSB_ICAO_SPECL,ADSB,0,True,False,,,ICAO_ID of special vehicle,ICAO_ID of special vehicle that ignores ADSB_LIST_RADIUS and ADSB_LIST_ALT. The vehicle is always tracked. Use 0 to disable.,,,,,,Advanced,,,apm.pdef.json
ADSB_LEN_WIDTH,ADSB,1,True,False,,,Aircraft length and width,"Aircraft length and width dimension options in Length and Width in meters. In most cases, use a value of 1 for smallest size.",,"0:NO_DATA, 1:L15W23, 2:L25W28P5, 3:L25W34, 4:L35W33, 5:L35W38, 6:L45W39P5, 7:L45W45, 8:L55W45, 9:L55W52, 10:L65W59P5, 11:L65W67, 12:L75W72P5, 13:L75W80, 14:L85W80, 15:L85W90",,,,Advanced,,,apm.pdef.json
ADSB_LIST_ALT,ADSB,0,True,False,,,ADSB vehicle list altitude filter,ADSB vehicle list altitude filter. Vehicles detected more than this altitude above our own altitude will be completely ignored. They will not show up in the SRx_ADSB stream to the GCS and will not be considered in any avoidance calculations. A value of 0 will disable this filter.,m,,,0,32767,Advanced,,,apm.pdef.json
ADSB_LIST_MAX,ADSB,25,True,False,,,ADSB vehicle list size,ADSB list size of nearest vehicles. Longer lists take longer to refresh with lower SRx_ADSB values.,,,,1,100,Advanced,True,,apm.pdef.json
ADSB_LIST_RADIUS,ADSB,10000,True,False,,,ADSB vehicle list radius filter,ADSB vehicle list radius filter. Vehicles detected outside this radius will be completely ignored. They will not show up in the SRx_ADSB stream to the GCS and will not be considered in any avoidance calculations. A value of 0 will disable this filter.,m,,,0,100000,Advanced,,,apm.pdef.json
ADSB_LOG,ADSB,1,True,False,,,ADS-B logging,"0: no logging, 1: log only special ID, 2:log all",,"0:no logging, 1:log only special ID, 2:log all",,,,Advanced,,,apm.pdef.json
ADSB_OFFSET_LAT,ADSB,4,True,False,,,GPS antenna lateral offset,GPS antenna lateral offset. This describes the physical location offset from center of the GPS antenna on the aircraft.,,"0:NoData, 1:Left2m, 2:Left4m, 3:Left6m, 4:Center, 5:Right2m, 6:Right4m, 7:Right6m",,,,Advanced,,,apm.pdef.json
ADSB_OFFSET_LON,ADSB,1,True,False,,,GPS antenna longitudinal offset,"GPS antenna longitudinal offset. This is usually set to 1, Applied By Sensor",,"0:NO_DATA, 1:AppliedBySensor",,,,Advanced,,,apm.pdef.json
ADSB_OPTIONS,ADSB,0,True,False,,,ADS-B Options,Options for emergency failsafe codes and device capabilities,,,"0:Ping200X Send GPS, 1:Squawk 7400 on RC failsafe, 2:Squawk 7400 on GCS failsafe, 3:Sagetech MXS use External Config",,,Advanced,,,apm.pdef.json
ADSB_RF_CAPABLE,ADSB,0,True,False,,,RF capabilities,Describes your hardware RF In/Out capabilities.,,,"0:UAT_in, 1:1090ES_in, 2:UAT_out, 3:1090ES_out",,,Advanced,,,apm.pdef.json
ADSB_RF_SELECT,ADSB,1,True,False,,,Transceiver RF selection,Transceiver RF selection for Rx enable and/or Tx enable. This only effects devices that can Tx and/or Rx. Rx-only devices should override this to always be Rx-only.,,,"0:Rx, 1:Tx",,,Advanced,,,apm.pdef.json
ADSB_SQUAWK,ADSB,1200,True,False,,,Squawk code,"VFR squawk (Mode 3/A) code is a pre-programmed default code when the pilot is flying VFR and not in contact with ATC. In the USA, the VFR squawk code is octal 1200 (hex 0x280, decimal 640) and in most parts of Europe the VFR squawk code is octal 7000. If an invalid octal number is set then it will be reset to 1200.",octal,,,0,7777,Advanced,,,apm.pdef.json
ADSB_TYPE,ADSB,1,True,False,,,ADSB Type,Type of ADS-B hardware for ADSB-in and ADSB-out configuration and operation. If any type is selected then MAVLink based ADSB-in messages will always be enabled,,"0:Disabled, 1:uAvionix-MAVLink, 2:Sagetech, 3:uAvionix-UCP, 4:Sagetech MX Series",,,,Standard,True,,apm.pdef.json
AHRS_COMP_BETA,AHRS,0.1,True,True,,,AHRS Velocity Complementary Filter Beta Coefficient,This controls the time constant for the cross-over frequency used to fuse AHRS (airspeed and heading) and GPS data to estimate ground velocity. Time constant is 0.1/beta. A larger time constant will use GPS data less and a small time constant will use air data less.,,,,0.001,0.5,Advanced,,,apm.pdef.json
AHRS_EKF_TYPE,AHRS,3,True,True,,,Use NavEKF Kalman filter for attitude and position estimation,This controls which NavEKF Kalman filter version is used for attitude and position estimation,,"0:Disabled, 2:Enable EKF2, 3:Enable EKF3, 11:ExternalAHRS",,,,Advanced,,,apm.pdef.json
AHRS_GPS_GAIN,AHRS,1,True,True,,,AHRS GPS gain,This controls how much to use the GPS to correct the attitude. This should never be set to zero for a plane as it would result in the plane losing control in turns. For a plane please use the default value of 1.0.,,,,0.0,1.0,Advanced,,,apm.pdef.json
AHRS_GPS_MINSATS,AHRS,6,True,True,,,AHRS GPS Minimum satellites,"Minimum number of satellites visible to use GPS for velocity based corrections attitude correction. This defaults to 6, which is about the point at which the velocity numbers from a GPS become too unreliable for accurate correction of the accelerometers.",,,,0,10,Advanced,,,apm.pdef.json
AHRS_GPS_USE,AHRS,1,True,True,,,AHRS use GPS for DCM navigation and position-down,"This controls whether to use dead-reckoning or GPS based navigation. If set to 0 then the GPS won't be used for navigation, and only dead reckoning will be used. A value of zero should never be used for normal flight. Currently this affects only the DCM-based AHRS: the EKF uses GPS according to its own parameters. A value of 2 means to use GPS for height as well as position - both in DCM estimation and when determining altitude-above-home.",,"0:Disabled, 1:Use GPS for DCM position, 2:Use GPS for DCM position and height",,,,Advanced,,,apm.pdef.json
AHRS_OPTIONS,AHRS,0,True,True,,,Optional AHRS behaviour,This controls optional AHRS behaviour. Setting DisableDCMFallbackFW will change the AHRS behaviour for fixed wing aircraft in fly-forward flight to not fall back to DCM when the EKF stops navigating. Setting DisableDCMFallbackVTOL will change the AHRS behaviour for fixed wing aircraft in non fly-forward (VTOL) flight to not fall back to DCM when the EKF stops navigating. Setting DontDisableAirspeedUsingEKF disables the EKF based innovation check for airspeed consistency,,,"0:DisableDCMFallbackFW, 1:DisableDCMFallbackVTOL, 2:DontDisableAirspeedUsingEKF",,,Advanced,,,apm.pdef.json
AHRS_ORIENTATION,AHRS,8,True,True,,,Board Orientation,"Overall board orientation relative to the standard orientation for the board type. This rotates the IMU and compass readings to allow the board to be oriented in your vehicle at any 90 or 45 degree angle. The label for each option is specified in the order of rotations for that orientation. This option takes affect on next boot. After changing you will need to re-level your vehicle. Firmware versions 4.2 and prior can use a CUSTOM (100) rotation to set the AHRS_CUSTOM_ROLL/PIT/YAW angles for AHRS orientation. Later versions provide two general custom rotations which can be used, Custom 1 and Custom 2, with CUST_ROT1_ROLL/PIT/YAW or CUST_ROT2_ROLL/PIT/YAW angles.",,"0:None, 1:Yaw45, 2:Yaw90, 3:Yaw135, 4:Yaw180, 5:Yaw225, 6:Yaw270, 7:Yaw315, 8:Roll180, 9:Yaw45Roll180, 10:Yaw90Roll180, 11:Yaw135Roll180, 12:Pitch180, 13:Yaw225Roll180, 14:Yaw270Roll180, 15:Yaw315Roll180, 16:Roll90, 17:Yaw45Roll90, 18:Yaw90Roll90, 19:Yaw135Roll90, 20:Roll270, 21:Yaw45Roll270, 22:Yaw90Roll270, 23:Yaw135Roll270, 24:Pitch90, 25:Pitch270, 26:Yaw90Pitch180, 27:Yaw270Pitch180, 28:Pitch90Roll90, 29:Pitch90Roll180, 30:Pitch90Roll270, 31:Pitch180Roll90, 32:Pitch180Roll270, 33:Pitch270Roll90, 34:Pitch270Roll180, 35:Pitch270Roll270, 36:Yaw90Pitch180Roll90, 37:Yaw270Roll90, 38:Yaw293Pitch68Roll180, 39:Pitch315, 40:Pitch315Roll90, 42:Roll45, 43:Roll315, 100:Custom 4.1 and older, 101:Custom 1, 102:Custom 2",,,,Advanced,,,apm.pdef.json
AHRS_RP_P,AHRS,0.2,True,True,,,AHRS RP_P,This controls how fast the accelerometers correct the attitude,,,,0.1,0.4,Advanced,,,apm.pdef.json
AHRS_TRIM_X,AHRS,,False,True,,,AHRS Trim Roll,Compensates for the roll angle difference between the control board and the frame. Positive values make the vehicle roll right.,rad,,,-0.1745,+0.1745,Standard,,NOT SEEDED - per-unit calibration value; stripped from defaults.parm in 6f1d594 so each airframe keeps its own cal,apm.pdef.json
AHRS_TRIM_Y,AHRS,,False,True,,,AHRS Trim Pitch,Compensates for the pitch angle difference between the control board and the frame. Positive values make the vehicle pitch up/back.,rad,,,-0.1745,+0.1745,Standard,,NOT SEEDED - per-unit calibration value; stripped from defaults.parm in 6f1d594 so each airframe keeps its own cal,apm.pdef.json
AHRS_TRIM_Z,AHRS,,False,True,,,AHRS Trim Yaw,Not Used,rad,,,-0.1745,+0.1745,Advanced,,NOT SEEDED - per-unit calibration value; stripped from defaults.parm in 6f1d594 so each airframe keeps its own cal,apm.pdef.json
AHRS_WIND_MAX,AHRS,0,True,True,,,Maximum wind,This sets the maximum allowable difference between ground speed and airspeed. A value of zero means to use the airspeed as is. This allows the plane to cope with a failing airspeed sensor by clipping it to groundspeed plus/minus this limit. See ARSPD_OPTIONS and ARSPD_WIND_MAX to disable airspeed sensors.,m/s,,,0,127,Advanced,,,apm.pdef.json
AHRS_YAW_P,AHRS,0.2,True,True,,,Yaw P,This controls the weight the compass or GPS has on the heading. A higher value means the heading will track the yaw source (GPS or compass) more rapidly.,,,,0.1,0.4,Advanced,,,apm.pdef.json
ANGLE_MAX,ANGLE,3500,False,True,2000,3500,Angle Max,Maximum lean angle in all flight modes,cdeg,,,1000,8000,Advanced,,,apm.pdef.json
ARMING_ACCTHRESH,ARMING,0.75,True,True,,,Accelerometer error threshold,Accelerometer error threshold used to determine inconsistent accelerometers. Compares this error range to other accelerometers to detect a hardware or calibration error. Lower value means tighter check and harder to pass arming check. Not all accelerometers are created equal.,m/s/s,,,0.25,3.0,Advanced,,,apm.pdef.json
ARMING_CHECK,ARMING,540146,False,True,,,Arm Checks to Perform (bitmask),"Checks prior to arming motor. This is a bitmask of checks that will be performed before allowing arming. For most users it is recommended to leave this at the default of 1 (all checks enabled). You can select whatever checks you prefer by adding together the values of each check type to set this parameter. For example, to only allow arming when you have GPS lock and no RC failsafe you would set ARMING_CHECK to 72.",,,"0:All, 1:Barometer, 2:Compass, 3:GPS lock, 4:INS, 5:Parameters, 6:RC Channels, 7:Board voltage, 8:Battery Level, 10:Logging Available, 11:Hardware safety switch, 12:GPS Configuration, 13:System, 14:Mission, 15:Rangefinder, 16:Camera, 17:AuxAuth, 18:VisualOdometry, 19:FFT",,,Standard,,,apm.pdef.json
ARMING_CRSDP_IGN,ARMING,0,True,True,,,Disable CrashDump Arming check,"Must have value ""1"" if crashdump data is present on the system, or a prearm failure will be raised. Do not set this parameter unless the risks of doing so are fully understood. The presence of a crash dump means that the firmware currently installed has suffered a critical software failure which resulted in the autopilot immediately rebooting. The crashdump file gives diagnostic information which can help in finding the issue, please contact the ArduPIlot support team. If this crashdump data is present, the vehicle is likely unsafe to fly. Check the ArduPilot documentation for more details.",,"0:Crash Dump arming check active, 1:Crash Dump arming check deactivated",,,,Advanced,,,apm.pdef.json
ARMING_MAGTHRESH,ARMING,100,True,True,,,Compass magnetic field strength error threshold vs earth magnetic model,"Compass magnetic field strength error threshold vs earth magnetic model. X and y axis are compared using this threhold, Z axis uses 2x this threshold. 0 to disable check",mGauss,,,0,500,Advanced,,,apm.pdef.json
ARMING_MIS_ITEMS,ARMING,0,True,True,,,Required mission items,Bitmask of mission items that are required to be planned in order to arm the aircraft,,,"0:Land, 1:VTOL Land, 2:DO_LAND_START, 3:Takeoff, 4:VTOL Takeoff, 5:Rallypoint, 6:RTL",,,Advanced,,,apm.pdef.json
ARMING_NEED_LOC,ARMING,0,True,True,,,Require vehicle location,Require that the vehicle have an absolute position before it arms. This can help ensure that the vehicle can Return To Launch.,,"0:Do not require location, 1:Require Location",,,,Advanced,,,apm.pdef.json
ARMING_OPTIONS,ARMING,0,True,True,,,Arming options,Options that can be applied to change arming behaviour,,,"0:Disable prearm display, 1:Do not send status text on state change",,,Advanced,,,apm.pdef.json
ARMING_RUDDER,ARMING,2,True,True,,,Arming with Rudder enable/disable,"Allow arm/disarm by rudder input. When enabled arming can be done with right rudder, disarming with left rudder. Rudder arming only works with throttle at zero +- deadzone (RCx_DZ). Depending on vehicle type, arming in certain modes is prevented. See the wiki for each vehicle. Caution is recommended when arming if it is allowed in an auto-throttle mode!",,"0:Disabled, 1:ArmingOnly, 2:ArmOrDisarm",,,,Advanced,,,apm.pdef.json
ARSPD_ENABLE,ARSPD,0,True,True,,,Airspeed Enable,Enable airspeed sensor support,,"0:Disable, 1:Enable",,,,Standard,,,apm.pdef.json
ATC_ACCEL_P_MAX,ATC,70000,True,True,,,Acceleration Max for Pitch,Maximum acceleration in pitch axis,cdeg/s/s,"0:Disabled, 30000:VerySlow, 72000:Slow, 108000:Medium, 162000:Fast",,0,180000,Advanced,,,apm.pdef.json
ATC_ACCEL_R_MAX,ATC,70000,True,True,,,Acceleration Max for Roll,Maximum acceleration in roll axis,cdeg/s/s,"0:Disabled, 30000:VerySlow, 72000:Slow, 108000:Medium, 162000:Fast",,0,180000,Advanced,,,apm.pdef.json
ATC_ACCEL_Y_MAX,ATC,16000,True,True,,,Acceleration Max for Yaw,Maximum acceleration in yaw axis,cdeg/s/s,"0:Disabled, 9000:VerySlow, 18000:Slow, 36000:Medium, 54000:Fast",,0,72000,Advanced,,,apm.pdef.json
ATC_ANGLE_BOOST,ATC,1,True,True,,,Angle Boost,Angle Boost increases output throttle as the vehicle leans to reduce loss of altitude,,"0:Disabled, 1:Enabled",,,,Advanced,,,apm.pdef.json
ATC_ANG_LIM_TC,ATC,1,True,True,,,Angle Limit (to maintain altitude) Time Constant,Angle Limit (to maintain altitude) Time Constant,,,,0.5,10.0,Advanced,,,apm.pdef.json
ATC_ANG_PIT_P,ATC,6.5,True,True,,,Pitch axis angle controller P gain,Pitch axis angle controller P gain. Converts the error between the desired pitch angle and actual angle to a desired pitch rate,,,,3.000,12.000,Standard,,,apm.pdef.json
ATC_ANG_RLL_P,ATC,6.5,True,True,,,Roll axis angle controller P gain,Roll axis angle controller P gain. Converts the error between the desired roll angle and actual angle to a desired roll rate,,,,3.000,12.000,Standard,,,apm.pdef.json
ATC_ANG_YAW_P,ATC,6.5,True,True,,,Yaw axis angle controller P gain,Yaw axis angle controller P gain. Converts the error between the desired yaw angle and actual angle to a desired yaw rate,,,,3.000,12.000,Standard,,,apm.pdef.json
ATC_INPUT_TC,ATC,0.15,True,True,,,Attitude control input time constant,"Attitude control input time constant. Low numbers lead to sharper response, higher numbers to softer response",s,"0.05:Very Crisp, 0.1:Crisp, 0.15:Medium, 0.2:Soft, 0.5:Very Soft",,0,1,Standard,,,apm.pdef.json
ATC_LAND_P_MULT,ATC,1,True,True,,,Landed pitch gain multiplier,Pitch gain multiplier active when landed. A factor of 1.0 means no reduction in gain while landed. Reduce this factor to reduce ground oscitation in the pitch axis.,,,,0.25,1.0,Advanced,,,apm.pdef.json
ATC_LAND_R_MULT,ATC,1,True,True,,,Landed roll gain multiplier,Roll gain multiplier active when landed. A factor of 1.0 means no reduction in gain while landed. Reduce this factor to reduce ground oscitation in the roll axis.,,,,0.25,1.0,Advanced,,,apm.pdef.json
ATC_LAND_Y_MULT,ATC,1,True,True,,,Landed yaw gain multiplier,Yaw gain multiplier active when landed. A factor of 1.0 means no reduction in gain while landed. Reduce this factor to reduce ground oscitation in the yaw axis.,,,,0.25,1.0,Advanced,,,apm.pdef.json
ATC_RATE_FF_ENAB,ATC,1,True,True,,,Rate Feedforward Enable,Controls whether body-frame rate feedforward is enabled or disabled,,"0:Disabled, 1:Enabled",,,,Advanced,,,apm.pdef.json
ATC_RATE_P_MAX,ATC,0,True,True,,,Angular Velocity Max for Pitch,Maximum angular velocity in pitch axis,deg/s,"0:Disabled, 60:Slow, 180:Medium, 360:Fast",,0,1080,Advanced,,,apm.pdef.json
ATC_RATE_R_MAX,ATC,0,True,True,,,Angular Velocity Max for Roll,Maximum angular velocity in roll axis,deg/s,"0:Disabled, 60:Slow, 180:Medium, 360:Fast",,0,1080,Advanced,,,apm.pdef.json
ATC_RATE_Y_MAX,ATC,0,True,True,,,Angular Velocity Max for Yaw,Maximum angular velocity in yaw axis,deg/s,"0:Disabled, 60:Slow, 180:Medium, 360:Fast",,0,1080,Advanced,,,apm.pdef.json
ATC_RAT_PIT_D,ATC,0.0115,True,True,,,Pitch axis rate controller D gain,Pitch axis rate controller D gain. Compensates for short-term change in desired pitch rate vs actual pitch rate,,,,0.0,0.03,Standard,,,apm.pdef.json
ATC_RAT_PIT_D_FF,ATC,0,True,True,,,Pitch Derivative FeedForward Gain,FF D Gain which produces an output that is proportional to the rate of change of the target,,,,0,0.02,Advanced,,,apm.pdef.json
ATC_RAT_PIT_FF,ATC,0,True,True,,,Pitch axis rate controller feed forward,Pitch axis rate controller feed forward,,,,0.05,0.5,Standard,,,apm.pdef.json
ATC_RAT_PIT_FLTD,ATC,12.5,True,True,,,Pitch axis rate controller derivative frequency in Hz,Pitch axis rate controller derivative frequency in Hz,Hz,,,0,50,Standard,,,apm.pdef.json
ATC_RAT_PIT_FLTE,ATC,0,True,True,,,Pitch axis rate controller error frequency in Hz,Pitch axis rate controller error frequency in Hz,Hz,,,5,50,Standard,,,apm.pdef.json
ATC_RAT_PIT_FLTT,ATC,12.5,True,True,,,Pitch axis rate controller target frequency in Hz,Pitch axis rate controller target frequency in Hz,Hz,,,5,50,Standard,,,apm.pdef.json
ATC_RAT_PIT_I,ATC,0.08,True,True,,,Pitch axis rate controller I gain,Pitch axis rate controller I gain. Corrects long-term difference in desired pitch rate vs actual pitch rate,,,,0.0,0.6,Standard,,,apm.pdef.json
ATC_RAT_PIT_IMAX,ATC,0.5,True,True,,,Pitch axis rate controller I gain maximum,Pitch axis rate controller I gain maximum. Constrains the maximum that the I term will output,,,,0,1,Standard,,,apm.pdef.json
ATC_RAT_PIT_NEF,ATC,0,True,True,,,Pitch Error notch filter index,Pitch Error notch filter index,,,,1,8,Advanced,,,apm.pdef.json
ATC_RAT_PIT_NTF,ATC,0,True,True,,,Pitch Target notch filter index,Pitch Target notch filter index,,,,1,8,Advanced,,,apm.pdef.json
ATC_RAT_PIT_P,ATC,0.08,True,True,,,Pitch axis rate controller P gain,Pitch axis rate controller P gain. Corrects in proportion to the difference between the desired pitch rate vs actual pitch rate,,,,0.0,0.35,Standard,,,apm.pdef.json
ATC_RAT_PIT_PDMX,ATC,0,True,True,,,Pitch axis rate controller PD sum maximum,Pitch axis rate controller PD sum maximum. The maximum/minimum value that the sum of the P and D term can output,,,,0,1,,,,apm.pdef.json
ATC_RAT_PIT_SMAX,ATC,0,True,True,,,Pitch slew rate limit,"Sets an upper limit on the slew rate produced by the combined P and D gains. If the amplitude of the control action produced by the rate feedback exceeds this value, then the D+P gain is reduced to respect the limit. This limits the amplitude of high frequency oscillations caused by an excessive gain. The limit should be set to no more than 25% of the actuators maximum slew rate to allow for load effects. Note: The gain will not be reduced to less than 10% of the nominal value. A value of zero will disable this feature.",,,,0,200,Advanced,,,apm.pdef.json
ATC_RAT_RLL_D,ATC,0.0115,True,True,,,Roll axis rate controller D gain,Roll axis rate controller D gain. Compensates for short-term change in desired roll rate vs actual roll rate,,,,0.0,0.03,Standard,,,apm.pdef.json
ATC_RAT_RLL_D_FF,ATC,0,True,True,,,Roll Derivative FeedForward Gain,FF D Gain which produces an output that is proportional to the rate of change of the target,,,,0,0.02,Advanced,,,apm.pdef.json
ATC_RAT_RLL_FF,ATC,0,True,True,,,Roll axis rate controller feed forward,Roll axis rate controller feed forward,,,,0.05,0.5,Standard,,,apm.pdef.json
ATC_RAT_RLL_FLTD,ATC,12.5,True,True,,,Roll axis rate controller derivative frequency in Hz,Roll axis rate controller derivative frequency in Hz,Hz,,,0,50,Standard,,,apm.pdef.json
ATC_RAT_RLL_FLTE,ATC,0,True,True,,,Roll axis rate controller error frequency in Hz,Roll axis rate controller error frequency in Hz,Hz,,,5,50,Standard,,,apm.pdef.json
ATC_RAT_RLL_FLTT,ATC,12.5,True,True,,,Roll axis rate controller target frequency in Hz,Roll axis rate controller target frequency in Hz,Hz,,,5,50,Standard,,,apm.pdef.json
ATC_RAT_RLL_I,ATC,0.08,True,True,,,Roll axis rate controller I gain,Roll axis rate controller I gain. Corrects long-term difference in desired roll rate vs actual roll rate,,,,0.0,0.6,Standard,,,apm.pdef.json
ATC_RAT_RLL_IMAX,ATC,0.5,True,True,,,Roll axis rate controller I gain maximum,Roll axis rate controller I gain maximum. Constrains the maximum that the I term will output,,,,0,1,Standard,,,apm.pdef.json
ATC_RAT_RLL_NEF,ATC,0,True,True,,,Roll Error notch filter index,Roll Error notch filter index,,,,1,8,Advanced,,,apm.pdef.json
ATC_RAT_RLL_NTF,ATC,0,True,True,,,Roll Target notch filter index,Roll Target notch filter index,,,,1,8,Advanced,,,apm.pdef.json
ATC_RAT_RLL_P,ATC,0.08,True,True,,,Roll axis rate controller P gain,Roll axis rate controller P gain. Corrects in proportion to the difference between the desired roll rate vs actual roll rate,,,,0.0,0.35,Standard,,,apm.pdef.json
ATC_RAT_RLL_PDMX,ATC,0,True,True,,,Roll axis rate controller PD sum maximum,Roll axis rate controller PD sum maximum. The maximum/minimum value that the sum of the P and D term can output,,,,0,1,,,,apm.pdef.json
ATC_RAT_RLL_SMAX,ATC,0,True,True,,,Roll slew rate limit,"Sets an upper limit on the slew rate produced by the combined P and D gains. If the amplitude of the control action produced by the rate feedback exceeds this value, then the D+P gain is reduced to respect the limit. This limits the amplitude of high frequency oscillations caused by an excessive gain. The limit should be set to no more than 25% of the actuators maximum slew rate to allow for load effects. Note: The gain will not be reduced to less than 10% of the nominal value. A value of zero will disable this feature.",,,,0,200,Advanced,,,apm.pdef.json
ATC_RAT_YAW_D,ATC,0,True,True,,,Yaw axis rate controller D gain,Yaw axis rate controller D gain. Compensates for short-term change in desired yaw rate vs actual yaw rate,,,,0.000,0.02,Standard,,,apm.pdef.json
ATC_RAT_YAW_D_FF,ATC,0,True,True,,,Yaw Derivative FeedForward Gain,FF D Gain which produces an output that is proportional to the rate of change of the target,,,,0,0.02,Advanced,,,apm.pdef.json
ATC_RAT_YAW_FF,ATC,0,True,True,,,Yaw axis rate controller feed forward,Yaw axis rate controller feed forward,,,,0,0.5,Standard,,,apm.pdef.json
ATC_RAT_YAW_FLTD,ATC,20,True,True,,,Yaw axis rate controller derivative frequency in Hz,Yaw axis rate controller derivative frequency in Hz,Hz,,,0,50,Standard,,,apm.pdef.json
ATC_RAT_YAW_FLTE,ATC,2.993685,True,True,,,Yaw axis rate controller error frequency in Hz,Yaw axis rate controller error frequency in Hz,Hz,,,5,50,Standard,,,apm.pdef.json
ATC_RAT_YAW_FLTT,ATC,12.5,True,True,,,Yaw axis rate controller target frequency in Hz,Yaw axis rate controller target frequency in Hz,Hz,,,5,50,Standard,,,apm.pdef.json
ATC_RAT_YAW_I,ATC,0.0365,True,True,,,Yaw axis rate controller I gain,Yaw axis rate controller I gain. Corrects long-term difference in desired yaw rate vs actual yaw rate,,,,0.01,0.2,Standard,,,apm.pdef.json
ATC_RAT_YAW_IMAX,ATC,0.5,True,True,,,Yaw axis rate controller I gain maximum,Yaw axis rate controller I gain maximum. Constrains the maximum that the I term will output,,,,0,1,Standard,,,apm.pdef.json
ATC_RAT_YAW_NEF,ATC,0,True,True,,,Yaw Error notch filter index,Yaw Error notch filter index,,,,1,8,Advanced,,,apm.pdef.json
ATC_RAT_YAW_NTF,ATC,0,True,True,,,Yaw Target notch filter index,Yaw Target notch filter index,Hz,,,1,8,Advanced,,,apm.pdef.json
ATC_RAT_YAW_P,ATC,0.365,True,True,,,Yaw axis rate controller P gain,Yaw axis rate controller P gain. Corrects in proportion to the difference between the desired yaw rate vs actual yaw rate,,,,0.180,0.60,Standard,,,apm.pdef.json
ATC_RAT_YAW_PDMX,ATC,0,True,True,,,Yaw axis rate controller PD sum maximum,Yaw axis rate controller PD sum maximum. The maximum/minimum value that the sum of the P and D term can output,,,,0,1,,,,apm.pdef.json
ATC_RAT_YAW_SMAX,ATC,0,True,True,,,Yaw slew rate limit,"Sets an upper limit on the slew rate produced by the combined P and D gains. If the amplitude of the control action produced by the rate feedback exceeds this value, then the D+P gain is reduced to respect the limit. This limits the amplitude of high frequency oscillations caused by an excessive gain. The limit should be set to no more than 25% of the actuators maximum slew rate to allow for load effects. Note: The gain will not be reduced to less than 10% of the nominal value. A value of zero will disable this feature.",,,,0,200,Advanced,,,apm.pdef.json
ATC_SLEW_YAW,ATC,6000,False,True,3000,7000,Yaw target slew rate,Maximum rate the yaw target can be updated in RTL and Auto flight modes,cdeg/s,,,500,18000,Advanced,,,apm.pdef.json
ATC_THR_G_BOOST,ATC,0,True,True,,,Throttle-gain boost,"Throttle-gain boost ratio. A value of 0 means no boosting is applied, a value of 1 means full boosting is applied. Describes the ratio increase that is applied to angle P and PD on pitch and roll.",,,,0,1,Advanced,,,apm.pdef.json
ATC_THR_MIX_MAN,ATC,0.1,True,True,,,Throttle Mix Manual,Throttle vs attitude control prioritisation used during manual flight (higher values mean we prioritise attitude control over throttle),,,,0.1,0.9,Advanced,,,apm.pdef.json
ATC_THR_MIX_MAX,ATC,0.5,True,True,,,Throttle Mix Maximum,Throttle vs attitude control prioritisation used during active flight (higher values mean we prioritise attitude control over throttle),,,,0.5,0.9,Advanced,,,apm.pdef.json
ATC_THR_MIX_MIN,ATC,0.1,True,True,,,Throttle Mix Minimum,Throttle vs attitude control prioritisation used when landing (higher values mean we prioritise attitude control over throttle),,,,0.1,0.25,Advanced,,,apm.pdef.json
AUTOTUNE_AGGR,AUTOTUNE,0.075,True,True,,,Autotune aggressiveness,Autotune aggressiveness. Defines the bounce back used to detect size of the D term.,,,,0.05,0.10,Standard,,,apm.pdef.json
AUTOTUNE_AXES,AUTOTUNE,4,True,True,,,Autotune axis bitmask,1-byte bitmap of axes to autotune,,,"0:Roll, 1:Pitch, 2:Yaw",,,Standard,,,apm.pdef.json
AUTOTUNE_MIN_D,AUTOTUNE,0.0005,True,True,,,AutoTune minimum D,Defines the minimum D gain,,,,0.0001,0.005,Standard,,,apm.pdef.json
AUTO_OPTIONS,AUTO,0,False,True,,,Auto mode options,A range of options that can be applied to change auto mode behaviour. Allow Arming allows the copter to be armed in Auto. Allow Takeoff Without Raising Throttle allows takeoff without the pilot having to raise the throttle. Ignore pilot yaw overrides the pilot's yaw stick being used while in auto.,,,"0:Allow Arming, 1:Allow Takeoff Without Raising Throttle, 2:Ignore pilot yaw, 7:Allow weathervaning",,,Advanced,,,apm.pdef.json
AUTO_RSM_CLIMB,AUTO,1,False,True,,,Auto-Mode Resume Climb Enable,"When enabled, the first waypoint after entering AUTO triggers a vertical climb to that WP's altitude before flying horizontally, but only if the vehicle is airborne and below the WP altitude. This avoids diagonal flight into obstacles when resuming a mission mid-air. The behavior is skipped on the ground (NAV_TAKEOFF handles takeoff) and skipped if the WP is at or below current altitude.",,"0:Disabled, 1:Enabled",,,,Standard,,,apm.pdef.json
AUTO_TILT_DN,AUTO,-90,False,True,-90,0,Auto-Mode Camera Tilt-Down Angle,Pitch angle in degrees commanded to the camera when AUTO mode is entered. Negative values point the camera down; -90 is straight down (nadir). Has no effect if AUTO_TILT_EN is 0.,deg,,,-90,30,Standard,,,apm.pdef.json
AUTO_TILT_EN,AUTO,1,False,True,0,1,Auto-Mode Camera Tilt Enable,"When enabled, the camera gimbal pitch is automatically commanded down (AUTO_TILT_DN) when entering AUTO mode and back to a neutral angle (AUTO_TILT_UP) when leaving AUTO. Mission gimbal commands (MAV_CMD_DO_MOUNT_CONTROL etc.) still take effect after the initial entry command, so mission-driven gimbal control is preserved.",,"0:Disabled, 1:Enabled",,,,Standard,,,apm.pdef.json
AUTO_TILT_UP,AUTO,0,False,True,-45,20,Auto-Mode Camera Tilt-Up Angle,Pitch angle in degrees commanded to the camera when AUTO mode is exited. 0 is level/forward; positive values angle the camera up. Has no effect if AUTO_TILT_EN is 0.,deg,,,-90,30,Standard,,,apm.pdef.json
AVD_ENABLE,AVD,0,True,False,,,Enable Avoidance using ADSB,Enable Avoidance using ADSB,,"0:Disabled, 1:Enabled",,,,Advanced,,,apm.pdef.json
AVOID_ENABLE,AVOID,0,True,False,,,Avoidance control enable/disable,Enabled/disable avoidance input sources,,,"0:UseFence, 1:UseProximitySensor, 2:UseBeaconFence",,,Standard,,,apm.pdef.json
BARO1_DEVID,BARO,721442,True,True,,,Baro ID,"Barometer sensor ID, taking into account its type, bus and instance",,,,,,Advanced,,,apm.pdef.json
BARO1_GND_PRESS,BARO,98307.42,True,True,,,Ground Pressure,calibrated ground pressure in Pascals,Pa,,,,,Advanced,,,apm.pdef.json
BARO1_WCF_ENABLE,BARO,0,True,True,,,Wind coefficient enable,This enables the use of wind coefficients for barometer compensation,,"0:Disabled, 1:Enabled",,,,Advanced,,,apm.pdef.json
BARO2_DEVID,BARO,721674,True,True,,,Baro ID2,"Barometer2 sensor ID, taking into account its type, bus and instance",,,,,,Advanced,,,apm.pdef.json
BARO2_GND_PRESS,BARO,98251.39,True,True,,,Ground Pressure,calibrated ground pressure in Pascals,Pa,,,,,Advanced,,,apm.pdef.json
BARO2_WCF_ENABLE,BARO,0,True,True,,,Wind coefficient enable,This enables the use of wind coefficients for barometer compensation,,"0:Disabled, 1:Enabled",,,,Advanced,,,apm.pdef.json
BARO3_DEVID,BARO,0,True,True,,,Baro ID3,"Barometer3 sensor ID, taking into account its type, bus and instance",,,,,,Advanced,,,apm.pdef.json
BARO3_GND_PRESS,BARO,0,True,True,,,Absolute Pressure,calibrated ground pressure in Pascals,Pa,,,,,Advanced,,,apm.pdef.json
BARO3_WCF_ENABLE,BARO,0,True,True,,,Wind coefficient enable,This enables the use of wind coefficients for barometer compensation,,"0:Disabled, 1:Enabled",,,,Advanced,,,apm.pdef.json
BARO_ALTERR_MAX,BARO,2000,True,True,,,Altitude error maximum,"This is the maximum acceptable altitude discrepancy between GPS altitude and barometric presssure altitude calculated against a standard atmosphere for arming checks to pass. If you are getting an arming error due to this parameter then you may have a faulty or substituted barometer. A common issue is vendors replacing a MS5611 in a ""Pixhawk"" with a MS5607. If you have that issue then please see BARO_OPTIONS parameter to force the MS5611 to be treated as a MS5607. This check is disabled if the value is zero.",m,,,0,5000,Advanced,,,apm.pdef.json
BARO_ALT_OFFSET,BARO,0,True,True,,,altitude offset,altitude offset in meters added to barometric altitude. This is used to allow for automatic adjustment of the base barometric altitude by a ground station equipped with a barometer. The value is added to the barometric altitude read by the aircraft. It is automatically reset to 0 when the barometer is calibrated on each reboot or when a preflight calibration is performed.,m,,,,,Advanced,,,apm.pdef.json
BARO_EXT_BUS,BARO,-1,True,True,,,External baro bus,This selects the bus number for looking for an I2C barometer. When set to -1 it will probe all external i2c buses based on the BARO_PROBE_EXT parameter.,,"-1:Disabled, 0:Bus0, 1:Bus1, 6:Bus6",,,,Advanced,,,apm.pdef.json
BARO_FIELD_ELV,BARO,0,True,True,,,field elevation,User provided field elevation in meters. This is used to improve the calculation of the altitude the vehicle is at. This parameter is not persistent and will be reset to 0 every time the vehicle is rebooted. Changes to this parameter will only be used when disarmed. A value of 0 means the EKF origin height is used for takeoff height above sea level.,m,,,,,Advanced,,,apm.pdef.json
BARO_FLTR_RNG,BARO,0,True,True,,,Range in which sample is accepted,This sets the range around the average value that new samples must be within to be accepted. This can help reduce the impact of noise on sensors that are on long I2C cables. The value is a percentage from the average value. A value of zero disables this filter.,%,,,0,100,,,,apm.pdef.json
BARO_GND_TEMP,BARO,0,True,True,,,ground temperature,User provided ambient ground temperature in degrees Celsius. This is used to improve the calculation of the altitude the vehicle is at. This parameter is not persistent and will be reset to 0 every time the vehicle is rebooted. A value of 0 means use the internal measurement ambient temperature.,degC,,,,,Advanced,,,apm.pdef.json
BARO_OPTIONS,BARO,0,True,True,,,Barometer options,Barometer options,,,0:Treat MS5611 as MS5607,,,Advanced,,,apm.pdef.json
BARO_PRIMARY,BARO,0,True,True,,,Primary barometer,This selects which barometer will be the primary if multiple barometers are found,,"0:FirstBaro, 1:2ndBaro, 2:3rdBaro",,,,Advanced,,,apm.pdef.json
BARO_PROBE_EXT,BARO,0,True,True,,,External barometers to probe,"This sets which types of external i2c barometer to look for. It is a bitmask of barometer types. The I2C buses to probe is based on BARO_EXT_BUS. If BARO_EXT_BUS is -1 then it will probe all external buses, otherwise it will probe just the bus number given in BARO_EXT_BUS.",,,"0:BMP085, 1:BMP280, 2:MS5611, 3:MS5607, 4:MS5637, 5:FBM320, 6:DPS280, 7:LPS25H, 8:Keller, 9:MS5837, 10:BMP388, 11:SPL06, 12:MSP, 13:BMP581",,,Advanced,,,apm.pdef.json
BATT2_ARM_MAH,BATT,0,True,True,,,Required arming remaining capacity,"Battery capacity remaining which is required to arm the aircraft. Set to 0 to allow arming at any capacity. Note that execept for smart batteries rebooting the vehicle will always reset the remaining capacity estimate, which can lead to this check not providing sufficent protection, it is recommended to always use this in conjunction with the BATT2_ARM_VOLT parameter.",mAh,,,,,Advanced,,,apm.pdef.json
BATT2_ARM_SOC,BATT,0,False,True,,,Required arming state of charge,"Minimum battery state of charge (percentage remaining) required to arm the aircraft. Set to 0 to disable the check. Only functions with battery monitors that report a state of charge (eg. smart batteries over DroneCAN). Unlike the arming voltage and capacity checks this reflects the battery's own charge estimate, so it is not reset by rebooting the vehicle.",%,,,0,100,Standard,,"Minimum SOC %% required to arm. 0=disabled. Not reset by reboot (uses the pack SOC estimate, unlike ARM_VOLT/ARM_MAH).",apm.pdef.json
BATT2_ARM_VOLT,BATT,20,False,True,,,Required arming voltage,Battery voltage level which is required to arm the aircraft. Set to 0 to allow arming at any voltage.,V,,,,,Advanced,,,apm.pdef.json
BATT2_CAPACITY,BATT,10000,False,True,8000,20000,Battery capacity,Capacity of the battery in mAh when full,mAh,,,,,Standard,,,apm.pdef.json
BATT2_CRT_MAH,BATT,0,True,True,,,Battery critical capacity,Battery capacity at which the critical battery failsafe is triggered. Set to 0 to disable battery remaining failsafe. If the battery capacity drops below this level the vehicle will perform the failsafe specified by the BATT2_FS_CRT_ACT parameter.,mAh,,,,,Standard,,,apm.pdef.json
BATT2_CRT_SOC,BATT,20,False,True,,,Critical battery state of charge,State of charge (percentage remaining) that triggers a critical battery failsafe. Set to 0 to disable. Only functions with battery monitors that report a state of charge (eg. smart batteries over DroneCAN). If the state of charge drops below this level continuously for more than the period specified by the BATT2_LOW_TIMER parameter then the vehicle will perform the failsafe specified by the BATT2_FS_CRT_ACT parameter.,%,,,0,100,Standard,,"Critical-battery SOC failsafe threshold, %% remaining; triggers BATT_FS_CRT_ACT after BATT_LOW_TIMER. 0=disabled. Must be < LOW_SOC or arming fails (soc failsafe critical >= low).",apm.pdef.json
BATT2_CRT_VOLT,BATT,18.5,False,True,,,Critical battery voltage,Battery voltage that triggers a critical battery failsafe. Set to 0 to disable. If the battery voltage drops below this voltage continuously for more then the period specified by the BATT2_LOW_TIMER parameter then the vehicle will perform the failsafe specified by the BATT2_FS_CRT_ACT parameter.,V,,,,,Standard,,,apm.pdef.json
BATT2_CURR_MULT,BATT,1,True,True,,,Scales reported power monitor current,Multiplier applied to all current related reports to allow for adjustment if no UAVCAN param access or current splitting applications,,,,.1,10,Advanced,,,apm.pdef.json
BATT2_FS_CRT_ACT,BATT,1,False,True,,,Critical battery failsafe action,What action the vehicle should perform if it hits a critical battery failsafe,,"0:None, 1:Land, 2:RTL, 3:SmartRTL or RTL, 4:SmartRTL or Land, 5:Terminate, 6:Auto DO_LAND_START or RTL, 7:Brake or Land",,,,Standard,,,apm.pdef.json
BATT2_FS_LOW_ACT,BATT,2,False,True,,,Low battery failsafe action,What action the vehicle should perform if it hits a low battery failsafe,,"0:None, 1:Land, 2:RTL, 3:SmartRTL or RTL, 4:SmartRTL or Land, 5:Terminate, 6:Auto DO_LAND_START or RTL, 7:Brake or Land",,,,Standard,,,apm.pdef.json
BATT2_FS_VOLTSRC,BATT,0,True,True,,,Failsafe voltage source,Voltage type used for detection of low voltage event,,"0:Raw Voltage, 1:Sag Compensated Voltage",,,,Advanced,,,apm.pdef.json
BATT2_LOW_MAH,BATT,0,True,True,,,Low battery capacity,Battery capacity at which the low battery failsafe is triggered. Set to 0 to disable battery remaining failsafe. If the battery capacity drops below this level the vehicle will perform the failsafe specified by the BATT2_FS_LOW_ACT parameter.,mAh,,,,,Standard,,,apm.pdef.json
BATT2_LOW_SOC,BATT,30,False,True,,,Low battery state of charge,State of charge (percentage remaining) that triggers a low battery failsafe. Set to 0 to disable. Only functions with battery monitors that report a state of charge (eg. smart batteries over DroneCAN). If the state of charge drops below this level continuously for more than the period specified by the BATT2_LOW_TIMER parameter then the vehicle will perform the failsafe specified by the BATT2_FS_LOW_ACT parameter.,%,,,0,100,Standard,,"Low-battery SOC failsafe threshold, %% remaining; triggers BATT_FS_LOW_ACT after BATT_LOW_TIMER. 0=disabled. Added in 5fab6c5e26; Seeded in defaults.parm.",apm.pdef.json
BATT2_LOW_TIMER,BATT,10,True,True,,,Low voltage timeout,This is the timeout in seconds before a low voltage event will be triggered. For aircraft with low C batteries it may be necessary to raise this in order to cope with low voltage on long takeoffs. A value of zero disables low voltage errors.,s,,,0,120,Advanced,,,apm.pdef.json
BATT2_LOW_VOLT,BATT,19,False,True,,,Low battery voltage,Battery voltage that triggers a low battery failsafe. Set to 0 to disable. If the battery voltage drops below this voltage continuously for more then the period specified by the BATT2_LOW_TIMER parameter then the vehicle will perform the failsafe specified by the BATT2_FS_LOW_ACT parameter.,V,,,,,Standard,,,apm.pdef.json
BATT2_MONITOR,BATT,8,True,True,,,Battery monitoring,Controls enabling monitoring of the battery's voltage and current,,"0:Disabled, 3:Analog Voltage Only, 4:Analog Voltage and Current, 5:Solo, 6:Bebop, 7:SMBus-Generic, 8:DroneCAN-BatteryInfo, 9:ESC, 10:Sum Of Selected Monitors, 11:FuelFlow, 12:FuelLevelPWM, 13:SMBUS-SUI3, 14:SMBUS-SUI6, 15:NeoDesign, 16:SMBus-Maxell, 17:Generator-Elec, 18:Generator-Fuel, 19:Rotoye, 20:MPPT, 21:INA2XX, 22:LTC2946, 23:Torqeedo, 24:FuelLevelAnalog, 25:Synthetic Current and Analog Voltage, 26:INA239_SPI, 27:EFI, 28:AD7091R5, 29:Scripting",,,,Standard,True,,apm.pdef.json
BATT2_OPTIONS,BATT,128,True,True,,,Battery monitor options,This sets options to change the behaviour of the battery monitor,,,"0:Ignore DroneCAN SoC, 1:MPPT reports input voltage and current, 2:MPPT Powered off when disarmed, 3:MPPT Powered on when armed, 4:MPPT Powered off at boot, 5:MPPT Powered on at boot, 6:Send resistance compensated voltage to GCS, 7:Allow DroneCAN InfoAux to be from a different CAN node, 8:Battery is for internal autopilot use only, 9:Sum monitor measures minimum voltage instead of average",,,Advanced,,,apm.pdef.json
BATT2_SERIAL_NUM,BATT,1,True,True,,,Battery serial number,"Battery serial number, automatically filled in for SMBus batteries, otherwise will be -1. With DroneCan it is the battery_id.",,,,,,Advanced,,,apm.pdef.json
BATT3_ARM_MAH,BATT,0,True,True,,,Required arming remaining capacity,"Battery capacity remaining which is required to arm the aircraft. Set to 0 to allow arming at any capacity. Note that execept for smart batteries rebooting the vehicle will always reset the remaining capacity estimate, which can lead to this check not providing sufficent protection, it is recommended to always use this in conjunction with the BATT3_ARM_VOLT parameter.",mAh,,,,,Advanced,,,apm.pdef.json
BATT3_ARM_SOC,BATT,0,False,True,,,Required arming state of charge,"Minimum battery state of charge (percentage remaining) required to arm the aircraft. Set to 0 to disable the check. Only functions with battery monitors that report a state of charge (eg. smart batteries over DroneCAN). Unlike the arming voltage and capacity checks this reflects the battery's own charge estimate, so it is not reset by rebooting the vehicle.",%,,,0,100,Standard,,"Minimum SOC %% required to arm. 0=disabled. Not reset by reboot (uses the pack SOC estimate, unlike ARM_VOLT/ARM_MAH).",apm.pdef.json
BATT3_ARM_VOLT,BATT,20,False,True,,,Required arming voltage,Battery voltage level which is required to arm the aircraft. Set to 0 to allow arming at any voltage.,V,,,,,Advanced,,,apm.pdef.json
BATT3_CAPACITY,BATT,10000,False,True,8000,20000,Battery capacity,Capacity of the battery in mAh when full,mAh,,,,,Standard,,,apm.pdef.json
BATT3_CRT_MAH,BATT,0,True,True,,,Battery critical capacity,Battery capacity at which the critical battery failsafe is triggered. Set to 0 to disable battery remaining failsafe. If the battery capacity drops below this level the vehicle will perform the failsafe specified by the BATT3_FS_CRT_ACT parameter.,mAh,,,,,Standard,,,apm.pdef.json
BATT3_CRT_SOC,BATT,20,False,True,,,Critical battery state of charge,State of charge (percentage remaining) that triggers a critical battery failsafe. Set to 0 to disable. Only functions with battery monitors that report a state of charge (eg. smart batteries over DroneCAN). If the state of charge drops below this level continuously for more than the period specified by the BATT3_LOW_TIMER parameter then the vehicle will perform the failsafe specified by the BATT3_FS_CRT_ACT parameter.,%,,,0,100,Standard,,"Critical-battery SOC failsafe threshold, %% remaining; triggers BATT_FS_CRT_ACT after BATT_LOW_TIMER. 0=disabled. Must be < LOW_SOC or arming fails (soc failsafe critical >= low).",apm.pdef.json
BATT3_CRT_VOLT,BATT,18.5,False,True,,,Critical battery voltage,Battery voltage that triggers a critical battery failsafe. Set to 0 to disable. If the battery voltage drops below this voltage continuously for more then the period specified by the BATT3_LOW_TIMER parameter then the vehicle will perform the failsafe specified by the BATT3_FS_CRT_ACT parameter.,V,,,,,Standard,,,apm.pdef.json
BATT3_CURR_MULT,BATT,1,True,True,,,Scales reported power monitor current,Multiplier applied to all current related reports to allow for adjustment if no UAVCAN param access or current splitting applications,,,,.1,10,Advanced,,,apm.pdef.json
BATT3_FS_CRT_ACT,BATT,1,False,True,,,Critical battery failsafe action,What action the vehicle should perform if it hits a critical battery failsafe,,"0:None, 1:Land, 2:RTL, 3:SmartRTL or RTL, 4:SmartRTL or Land, 5:Terminate, 6:Auto DO_LAND_START or RTL, 7:Brake or Land",,,,Standard,,,apm.pdef.json
BATT3_FS_LOW_ACT,BATT,2,False,True,,,Low battery failsafe action,What action the vehicle should perform if it hits a low battery failsafe,,"0:None, 1:Land, 2:RTL, 3:SmartRTL or RTL, 4:SmartRTL or Land, 5:Terminate, 6:Auto DO_LAND_START or RTL, 7:Brake or Land",,,,Standard,,,apm.pdef.json
BATT3_FS_VOLTSRC,BATT,0,True,True,,,Failsafe voltage source,Voltage type used for detection of low voltage event,,"0:Raw Voltage, 1:Sag Compensated Voltage",,,,Advanced,,,apm.pdef.json
BATT3_LOW_MAH,BATT,0,True,True,,,Low battery capacity,Battery capacity at which the low battery failsafe is triggered. Set to 0 to disable battery remaining failsafe. If the battery capacity drops below this level the vehicle will perform the failsafe specified by the BATT3_FS_LOW_ACT parameter.,mAh,,,,,Standard,,,apm.pdef.json
BATT3_LOW_SOC,BATT,30,False,True,,,Low battery state of charge,State of charge (percentage remaining) that triggers a low battery failsafe. Set to 0 to disable. Only functions with battery monitors that report a state of charge (eg. smart batteries over DroneCAN). If the state of charge drops below this level continuously for more than the period specified by the BATT3_LOW_TIMER parameter then the vehicle will perform the failsafe specified by the BATT3_FS_LOW_ACT parameter.,%,,,0,100,Standard,,"Low-battery SOC failsafe threshold, %% remaining; triggers BATT_FS_LOW_ACT after BATT_LOW_TIMER. 0=disabled. Added in 5fab6c5e26; Seeded in defaults.parm.",apm.pdef.json
BATT3_LOW_TIMER,BATT,10,True,True,,,Low voltage timeout,This is the timeout in seconds before a low voltage event will be triggered. For aircraft with low C batteries it may be necessary to raise this in order to cope with low voltage on long takeoffs. A value of zero disables low voltage errors.,s,,,0,120,Advanced,,,apm.pdef.json
BATT3_LOW_VOLT,BATT,19,False,True,,,Low battery voltage,Battery voltage that triggers a low battery failsafe. Set to 0 to disable. If the battery voltage drops below this voltage continuously for more then the period specified by the BATT3_LOW_TIMER parameter then the vehicle will perform the failsafe specified by the BATT3_FS_LOW_ACT parameter.,V,,,,,Standard,,,apm.pdef.json
BATT3_MONITOR,BATT,8,True,True,,,Battery monitoring,Controls enabling monitoring of the battery's voltage and current,,"0:Disabled, 3:Analog Voltage Only, 4:Analog Voltage and Current, 5:Solo, 6:Bebop, 7:SMBus-Generic, 8:DroneCAN-BatteryInfo, 9:ESC, 10:Sum Of Selected Monitors, 11:FuelFlow, 12:FuelLevelPWM, 13:SMBUS-SUI3, 14:SMBUS-SUI6, 15:NeoDesign, 16:SMBus-Maxell, 17:Generator-Elec, 18:Generator-Fuel, 19:Rotoye, 20:MPPT, 21:INA2XX, 22:LTC2946, 23:Torqeedo, 24:FuelLevelAnalog, 25:Synthetic Current and Analog Voltage, 26:INA239_SPI, 27:EFI, 28:AD7091R5, 29:Scripting",,,,Standard,True,,apm.pdef.json
BATT3_OPTIONS,BATT,128,True,True,,,Battery monitor options,This sets options to change the behaviour of the battery monitor,,,"0:Ignore DroneCAN SoC, 1:MPPT reports input voltage and current, 2:MPPT Powered off when disarmed, 3:MPPT Powered on when armed, 4:MPPT Powered off at boot, 5:MPPT Powered on at boot, 6:Send resistance compensated voltage to GCS, 7:Allow DroneCAN InfoAux to be from a different CAN node, 8:Battery is for internal autopilot use only, 9:Sum monitor measures minimum voltage instead of average",,,Advanced,,,apm.pdef.json
BATT3_SERIAL_NUM,BATT,2,True,True,,,Battery serial number,"Battery serial number, automatically filled in for SMBus batteries, otherwise will be -1. With DroneCan it is the battery_id.",,,,,,Advanced,,,apm.pdef.json
BATT4_MONITOR,BATT,0,True,True,,,Battery monitoring,Controls enabling monitoring of the battery's voltage and current,,"0:Disabled, 3:Analog Voltage Only, 4:Analog Voltage and Current, 5:Solo, 6:Bebop, 7:SMBus-Generic, 8:DroneCAN-BatteryInfo, 9:ESC, 10:Sum Of Selected Monitors, 11:FuelFlow, 12:FuelLevelPWM, 13:SMBUS-SUI3, 14:SMBUS-SUI6, 15:NeoDesign, 16:SMBus-Maxell, 17:Generator-Elec, 18:Generator-Fuel, 19:Rotoye, 20:MPPT, 21:INA2XX, 22:LTC2946, 23:Torqeedo, 24:FuelLevelAnalog, 25:Synthetic Current and Analog Voltage, 26:INA239_SPI, 27:EFI, 28:AD7091R5, 29:Scripting",,,,Standard,True,,apm.pdef.json
BATT5_MONITOR,BATT,0,True,True,,,Battery monitoring,Controls enabling monitoring of the battery's voltage and current,,"0:Disabled, 3:Analog Voltage Only, 4:Analog Voltage and Current, 5:Solo, 6:Bebop, 7:SMBus-Generic, 8:DroneCAN-BatteryInfo, 9:ESC, 10:Sum Of Selected Monitors, 11:FuelFlow, 12:FuelLevelPWM, 13:SMBUS-SUI3, 14:SMBUS-SUI6, 15:NeoDesign, 16:SMBus-Maxell, 17:Generator-Elec, 18:Generator-Fuel, 19:Rotoye, 20:MPPT, 21:INA2XX, 22:LTC2946, 23:Torqeedo, 24:FuelLevelAnalog, 25:Synthetic Current and Analog Voltage, 26:INA239_SPI, 27:EFI, 28:AD7091R5, 29:Scripting",,,,Standard,True,,apm.pdef.json
BATT6_MONITOR,BATT,0,True,True,,,Battery monitoring,Controls enabling monitoring of the battery's voltage and current,,"0:Disabled, 3:Analog Voltage Only, 4:Analog Voltage and Current, 5:Solo, 6:Bebop, 7:SMBus-Generic, 8:DroneCAN-BatteryInfo, 9:ESC, 10:Sum Of Selected Monitors, 11:FuelFlow, 12:FuelLevelPWM, 13:SMBUS-SUI3, 14:SMBUS-SUI6, 15:NeoDesign, 16:SMBus-Maxell, 17:Generator-Elec, 18:Generator-Fuel, 19:Rotoye, 20:MPPT, 21:INA2XX, 22:LTC2946, 23:Torqeedo, 24:FuelLevelAnalog, 25:Synthetic Current and Analog Voltage, 26:INA239_SPI, 27:EFI, 28:AD7091R5, 29:Scripting",,,,Standard,True,,apm.pdef.json
BATT7_MONITOR,BATT,0,True,True,,,Battery monitoring,Controls enabling monitoring of the battery's voltage and current,,"0:Disabled, 3:Analog Voltage Only, 4:Analog Voltage and Current, 5:Solo, 6:Bebop, 7:SMBus-Generic, 8:DroneCAN-BatteryInfo, 9:ESC, 10:Sum Of Selected Monitors, 11:FuelFlow, 12:FuelLevelPWM, 13:SMBUS-SUI3, 14:SMBUS-SUI6, 15:NeoDesign, 16:SMBus-Maxell, 17:Generator-Elec, 18:Generator-Fuel, 19:Rotoye, 20:MPPT, 21:INA2XX, 22:LTC2946, 23:Torqeedo, 24:FuelLevelAnalog, 25:Synthetic Current and Analog Voltage, 26:INA239_SPI, 27:EFI, 28:AD7091R5, 29:Scripting",,,,Standard,True,,apm.pdef.json
BATT8_MONITOR,BATT,0,True,True,,,Battery monitoring,Controls enabling monitoring of the battery's voltage and current,,"0:Disabled, 3:Analog Voltage Only, 4:Analog Voltage and Current, 5:Solo, 6:Bebop, 7:SMBus-Generic, 8:DroneCAN-BatteryInfo, 9:ESC, 10:Sum Of Selected Monitors, 11:FuelFlow, 12:FuelLevelPWM, 13:SMBUS-SUI3, 14:SMBUS-SUI6, 15:NeoDesign, 16:SMBus-Maxell, 17:Generator-Elec, 18:Generator-Fuel, 19:Rotoye, 20:MPPT, 21:INA2XX, 22:LTC2946, 23:Torqeedo, 24:FuelLevelAnalog, 25:Synthetic Current and Analog Voltage, 26:INA239_SPI, 27:EFI, 28:AD7091R5, 29:Scripting",,,,Standard,True,,apm.pdef.json
BATT9_MONITOR,BATT,0,True,True,,,Battery monitoring,Controls enabling monitoring of the battery's voltage and current,,"0:Disabled, 3:Analog Voltage Only, 4:Analog Voltage and Current, 5:Solo, 6:Bebop, 7:SMBus-Generic, 8:DroneCAN-BatteryInfo, 9:ESC, 10:Sum Of Selected Monitors, 11:FuelFlow, 12:FuelLevelPWM, 13:SMBUS-SUI3, 14:SMBUS-SUI6, 15:NeoDesign, 16:SMBus-Maxell, 17:Generator-Elec, 18:Generator-Fuel, 19:Rotoye, 20:MPPT, 21:INA2XX, 22:LTC2946, 23:Torqeedo, 24:FuelLevelAnalog, 25:Synthetic Current and Analog Voltage, 26:INA239_SPI, 27:EFI, 28:AD7091R5, 29:Scripting",,,,Standard,True,,apm.pdef.json
BATT_AMP_OFFSET,BATT,1.645,True,True,,,AMP offset,"Voltage offset at zero current on current sensor for Analog Sensors. For Synthetic Current sensor, this offset is the zero throttle system current and is added to the calculated throttle base current.",V,,,,,Standard,,,apm.pdef.json
BATT_AMP_PERVLT,BATT,41.6666,True,True,,,Amps per volt,"Number of amps that a 1V reading on the current sensor corresponds to. With a Pixhawk using the 3DR Power brick this should be set to 17. For the Pixhawk with the 3DR 4in1 ESC this should be 17. For Synthetic Current sensor monitors, this is the maximum, full throttle current draw.",A/V,,,,,Standard,,,apm.pdef.json
BATT_ARM_MAH,BATT,0,True,True,,,Required arming remaining capacity,"Battery capacity remaining which is required to arm the aircraft. Set to 0 to allow arming at any capacity. Note that execept for smart batteries rebooting the vehicle will always reset the remaining capacity estimate, which can lead to this check not providing sufficent protection, it is recommended to always use this in conjunction with the BATT_ARM_VOLT parameter.",mAh,,,,,Advanced,,,apm.pdef.json
BATT_ARM_SOC,BATT,0,False,True,,,Required arming state of charge,"Minimum battery state of charge (percentage remaining) required to arm the aircraft. Set to 0 to disable the check. Only functions with battery monitors that report a state of charge (eg. smart batteries over DroneCAN). Unlike the arming voltage and capacity checks this reflects the battery's own charge estimate, so it is not reset by rebooting the vehicle.",%,,,0,100,Standard,,"Minimum SOC %% required to arm. 0=disabled. Not reset by reboot (uses the pack SOC estimate, unlike ARM_VOLT/ARM_MAH).",apm.pdef.json
BATT_ARM_VOLT,BATT,0,False,True,,,Required arming voltage,Battery voltage level which is required to arm the aircraft. Set to 0 to allow arming at any voltage.,V,,,,,Advanced,,,apm.pdef.json
BATT_CAPACITY,BATT,20000,False,True,8000,30000,Battery capacity,Capacity of the battery in mAh when full,mAh,,,,,Standard,,,apm.pdef.json
BATT_CRT_MAH,BATT,0,True,True,,,Battery critical capacity,Battery capacity at which the critical battery failsafe is triggered. Set to 0 to disable battery remaining failsafe. If the battery capacity drops below this level the vehicle will perform the failsafe specified by the BATT_FS_CRT_ACT parameter.,mAh,,,,,Standard,,,apm.pdef.json
BATT_CRT_SOC,BATT,0,False,True,,,Critical battery state of charge,State of charge (percentage remaining) that triggers a critical battery failsafe. Set to 0 to disable. Only functions with battery monitors that report a state of charge (eg. smart batteries over DroneCAN). If the state of charge drops below this level continuously for more than the period specified by the BATT_LOW_TIMER parameter then the vehicle will perform the failsafe specified by the BATT_FS_CRT_ACT parameter.,%,,,0,100,Standard,,"Critical-battery SOC failsafe threshold, %% remaining; triggers BATT_FS_CRT_ACT after BATT_LOW_TIMER. 0=disabled. Must be < LOW_SOC or arming fails (soc failsafe critical >= low).",apm.pdef.json
BATT_CRT_VOLT,BATT,0,True,True,,,Critical battery voltage,Battery voltage that triggers a critical battery failsafe. Set to 0 to disable. If the battery voltage drops below this voltage continuously for more then the period specified by the BATT_LOW_TIMER parameter then the vehicle will perform the failsafe specified by the BATT_FS_CRT_ACT parameter.,V,,,,,Standard,,,apm.pdef.json
BATT_CURR_PIN,BATT,15,True,True,,,Battery Current sensing pin,Sets the analog input pin that should be used for current monitoring.,,"-1:Disabled, 3:Pixhawk/Pixracer/Navio2/Pixhawk2_PM1, 4:CubeOrange_PM2/Navigator, 14:Pixhawk2_PM2, 15:CubeOrange, 17:Durandal, 101:PX4-v1",,,,Standard,True,,apm.pdef.json
BATT_FS_CRT_ACT,BATT,0,True,True,,,Critical battery failsafe action,What action the vehicle should perform if it hits a critical battery failsafe,,"0:None, 1:Land, 2:RTL, 3:SmartRTL or RTL, 4:SmartRTL or Land, 5:Terminate, 6:Auto DO_LAND_START or RTL, 7:Brake or Land",,,,Standard,,,apm.pdef.json
BATT_FS_LOW_ACT,BATT,0,True,True,,,Low battery failsafe action,What action the vehicle should perform if it hits a low battery failsafe,,"0:None, 1:Land, 2:RTL, 3:SmartRTL or RTL, 4:SmartRTL or Land, 5:Terminate, 6:Auto DO_LAND_START or RTL, 7:Brake or Land",,,,Standard,,,apm.pdef.json
BATT_FS_VOLTSRC,BATT,0,True,True,,,Failsafe voltage source,Voltage type used for detection of low voltage event,,"0:Raw Voltage, 1:Sag Compensated Voltage",,,,Advanced,,,apm.pdef.json
BATT_LOW_MAH,BATT,0,True,True,,,Low battery capacity,Battery capacity at which the low battery failsafe is triggered. Set to 0 to disable battery remaining failsafe. If the battery capacity drops below this level the vehicle will perform the failsafe specified by the BATT_FS_LOW_ACT parameter.,mAh,,,,,Standard,,,apm.pdef.json
BATT_LOW_SOC,BATT,0,False,True,,,Low battery state of charge,State of charge (percentage remaining) that triggers a low battery failsafe. Set to 0 to disable. Only functions with battery monitors that report a state of charge (eg. smart batteries over DroneCAN). If the state of charge drops below this level continuously for more than the period specified by the BATT_LOW_TIMER parameter then the vehicle will perform the failsafe specified by the BATT_FS_LOW_ACT parameter.,%,,,0,100,Standard,,"Low-battery SOC failsafe threshold, %% remaining; triggers BATT_FS_LOW_ACT after BATT_LOW_TIMER. 0=disabled. Added in 5fab6c5e26; NOT seeded in defaults.parm so code default 0 applies.",apm.pdef.json
BATT_LOW_TIMER,BATT,10,True,True,,,Low voltage timeout,This is the timeout in seconds before a low voltage event will be triggered. For aircraft with low C batteries it may be necessary to raise this in order to cope with low voltage on long takeoffs. A value of zero disables low voltage errors.,s,,,0,120,Advanced,,,apm.pdef.json
BATT_LOW_VOLT,BATT,0,True,True,,,Low battery voltage,Battery voltage that triggers a low battery failsafe. Set to 0 to disable. If the battery voltage drops below this voltage continuously for more then the period specified by the BATT_LOW_TIMER parameter then the vehicle will perform the failsafe specified by the BATT_FS_LOW_ACT parameter.,V,,,,,Standard,,,apm.pdef.json
BATT_MONITOR,BATT,4,True,True,,,Battery monitoring,Controls enabling monitoring of the battery's voltage and current,,"0:Disabled, 3:Analog Voltage Only, 4:Analog Voltage and Current, 5:Solo, 6:Bebop, 7:SMBus-Generic, 8:DroneCAN-BatteryInfo, 9:ESC, 10:Sum Of Selected Monitors, 11:FuelFlow, 12:FuelLevelPWM, 13:SMBUS-SUI3, 14:SMBUS-SUI6, 15:NeoDesign, 16:SMBus-Maxell, 17:Generator-Elec, 18:Generator-Fuel, 19:Rotoye, 20:MPPT, 21:INA2XX, 22:LTC2946, 23:Torqeedo, 24:FuelLevelAnalog, 25:Synthetic Current and Analog Voltage, 26:INA239_SPI, 27:EFI, 28:AD7091R5, 29:Scripting",,,,Standard,True,,apm.pdef.json
BATT_OPTIONS,BATT,256,True,True,,,Battery monitor options,This sets options to change the behaviour of the battery monitor,,,"0:Ignore DroneCAN SoC, 1:MPPT reports input voltage and current, 2:MPPT Powered off when disarmed, 3:MPPT Powered on when armed, 4:MPPT Powered off at boot, 5:MPPT Powered on at boot, 6:Send resistance compensated voltage to GCS, 7:Allow DroneCAN InfoAux to be from a different CAN node, 8:Battery is for internal autopilot use only, 9:Sum monitor measures minimum voltage instead of average",,,Advanced,,,apm.pdef.json
BATT_SERIAL_NUM,BATT,1,True,True,,,Battery serial number,"Battery serial number, automatically filled in for SMBus batteries, otherwise will be -1. With DroneCan it is the battery_id.",,,,,,Advanced,,,apm.pdef.json
BATT_VLT_OFFSET,BATT,0,True,True,,,Voltage offset,Voltage offset on voltage pin. This allows for an offset due to a diode. This voltage is subtracted before the scaling is applied.,V,,,,,Advanced,,,apm.pdef.json
BATT_VOLT_MULT,BATT,19,True,True,,,Voltage Multiplier,"Used to convert the voltage of the voltage sensing pin (BATT_VOLT_PIN) to the actual battery's voltage (pin_voltage * VOLT_MULT). For the 3DR Power brick with a Pixhawk, this should be set to 10.1. For the Pixhawk with the 3DR 4in1 ESC this should be 12.02. For the PX using the PX4IO power supply this should be set to 1.",,,,,,Advanced,,,apm.pdef.json
BATT_VOLT_PIN,BATT,14,True,True,,,Battery Voltage sensing pin,Sets the analog input pin that should be used for voltage monitoring.,,"-1:Disabled, 2:Pixhawk/Pixracer/Navio2/Pixhawk2_PM1, 5:Navigator, 13:Pixhawk2_PM2/CubeOrange_PM2, 14:CubeOrange, 16:Durandal, 100:PX4-v1",,,,Standard,True,,apm.pdef.json
BCN_TYPE,BCN,0,True,True,,,Beacon based position estimation device type,What type of beacon based position estimation device is connected,,"0:None, 1:Pozyx, 2:Marvelmind, 3:Nooploop, 10:SITL",,,,Advanced,,,apm.pdef.json
BRD_ALT_CONFIG,BRD,0,True,True,,,Alternative HW config,Select an alternative hardware configuration. A value of zero selects the default configuration for this board. Other values are board specific. Please see the documentation for your board for details on any alternative configuration values that may be available.,,,,0,10,Advanced,True,,apm.pdef.json
BRD_BOOT_DELAY,BRD,0,False,True,,,Boot delay,This adds a delay in milliseconds to boot to ensure peripherals initialise fully,ms,,,0,10000,Advanced,,defaults.parm: # TEMP-COMPASS-EXPERIMENT unlocked,apm.pdef.json
BRD_HEAT_I,BRD,0.07,True,True,,,Board Heater I gain,Board Heater integrator gain,,,,0,1,Advanced,,,apm.pdef.json
BRD_HEAT_IMAX,BRD,70,True,True,,,Board Heater IMAX,Board Heater integrator maximum,,,,0,100,Advanced,,,apm.pdef.json
BRD_HEAT_LOWMGN,BRD,5,True,True,,,Board heater temp lower margin,Arming check will fail if temp is lower than this margin below BRD_HEAT_TARG. 0 disables the low temperature check,degC,,,0,20,Advanced,,,apm.pdef.json
BRD_HEAT_P,BRD,50,True,True,,,Board Heater P gain,Board Heater P gain,,,,1,500,Advanced,,,apm.pdef.json
BRD_HEAT_TARG,BRD,45,True,True,,,Board heater temperature target,"Board heater target temperature for boards with controllable heating units. Set to -1 to disable the heater, please reboot after setting to -1.",degC,,,-1,80,Advanced,,,apm.pdef.json
BRD_IO_DSHOT,BRD,0,True,True,,,Load DShot FW on IO,This loads the DShot firmware on the IO co-processor,,"0:StandardFW, 1:DshotFW",,,,Advanced,True,,apm.pdef.json
BRD_IO_ENABLE,BRD,1,True,True,,,Enable IO co-processor,This allows for the IO co-processor on boards with an IOMCU to be disabled. Setting to 2 will enable the IOMCU but not attempt to update firmware on startup,,"0:Disabled, 1:Enabled, 2:EnableNoFWUpdate",,,,Advanced,True,,apm.pdef.json
BRD_OPTIONS,BRD,1,True,True,,,Board options,Board specific option flags,,,"0:Enable hardware watchdog, 1:Disable MAVftp, 2:Enable set of internal parameters, 3:Enable Debug Pins, 4:Unlock flash on reboot, 5:Write protect firmware flash on reboot, 6:Write protect bootloader flash on reboot, 7:Skip board validation, 8:Disable board arming gpio output change on arm/disarm",,,Advanced,,,apm.pdef.json
BRD_PWM_VOLT_SEL,BRD,0,True,True,,,Set PWM Out Voltage,"This sets the voltage max for PWM output pulses. 0 for 3.3V and 1 for 5V output. On boards with an IOMCU that support this parameter this option only affects the 8 main outputs, not the 6 auxiliary outputs. Using 5V output can help to reduce the impact of ESC noise interference corrupting signals to the ESCs.",,"0:3.3V, 1:5V",,,,Advanced,,,apm.pdef.json
BRD_RTC_TYPES,BRD,1,True,True,,,Allowed sources of RTC time,Specifies which sources of UTC time will be accepted,,,"0:GPS, 1:MAVLINK_SYSTEM_TIME, 2:HW",,,Advanced,,,apm.pdef.json
BRD_RTC_TZ_MIN,BRD,0,True,True,,,Timezone offset from UTC,Adds offset in +- minutes from UTC to calculate local time,,,,-720,+840,Advanced,,,apm.pdef.json
BRD_SAFETYOPTION,BRD,0,True,True,,,Options for safety button behavior,"This controls the activation of the safety button. It allows you to control if the safety button can be used for safety enable and/or disable, and whether the button is only active when disarmed",,,"0:ActiveForSafetyDisable, 1:ActiveForSafetyEnable, 2:ActiveWhenArmed, 3:Force safety on when the aircraft disarms",,,Standard,,,apm.pdef.json
BRD_SAFETY_DEFLT,BRD,0,True,True,,,Sets default state of the safety switch,This controls the default state of the safety switch at startup. When set to 1 the safety switch will start in the safe state (flashing) at boot. When set to zero the safety switch will start in the unsafe state (solid) at startup. Note that if a safety switch is fitted the user can still control the safety state after startup using the switch. The safety state can also be controlled in software using a MAVLink message.,,"0:Disabled, 1:Enabled",,,,Standard,True,,apm.pdef.json
BRD_SAFETY_MASK,BRD,16368,True,True,,,Outputs which ignore the safety switch state,A bitmask which controls what outputs can move while the safety switch has not been pressed,,,"0:Output1, 1:Output2, 2:Output3, 3:Output4, 4:Output5, 5:Output6, 6:Output7, 7:Output8, 8:Output9, 9:Output10, 10:Output11, 11:Output12, 12:Output13, 13:Output14",,,Advanced,True,,apm.pdef.json
BRD_SBUS_OUT,BRD,0,False,True,,, SBUS output rate,This sets the SBUS output frame rate in Hz,,"0:Disabled, 1:50Hz, 2:75Hz, 3:100Hz, 4:150Hz, 5:200Hz, 6:250Hz, 7:300Hz",,,,Advanced,True,,apm.pdef.json
BRD_SD_FENCE,BRD,0,True,True,,, SDCard Fence size,This sets the amount of storage in kilobytes reserved on the microsd card in fence.stg for fence storage.,,,,0,64,Advanced,True,,apm.pdef.json
BRD_SD_MISSION,BRD,0,True,True,,, SDCard Mission size,This sets the amount of storage in kilobytes reserved on the microsd card in mission.stg for waypoint storage. Each waypoint uses 15 bytes.,,,,0,64,Advanced,True,,apm.pdef.json
BRD_SD_SLOWDOWN,BRD,0,True,True,,,microSD slowdown,This is a scaling factor to slow down microSD operation. It can be used on flight board and microSD card combinations where full speed is not reliable. For normal full speed operation a value of 0 should be used.,,,,0,32,Advanced,,,apm.pdef.json
BRD_SER1_RTSCTS,BRD,2,True,True,,,Serial 1 flow control,"Enable flow control on serial 1 (telemetry 1). You must have the RTS and CTS pins connected to your radio. The standard DF13 6 pin connector for a 3DR radio does have those pins connected. If this is set to 2 then flow control will be auto-detected by checking for the output buffer filling on startup. Note that the PX4v1 does not have hardware flow control pins on this port, so you should leave this disabled.",,"0:Disabled, 1:Enabled, 2:Auto, 3:RS-485 Driver enable RTS pin",,,,Advanced,True,,apm.pdef.json
BRD_SER2_RTSCTS,BRD,2,True,True,,,Serial 2 flow control,Enable flow control on serial 2 (telemetry 2). You must have the RTS and CTS pins connected to your radio. The standard DF13 6 pin connector for a 3DR radio does have those pins connected. If this is set to 2 then flow control will be auto-detected by checking for the output buffer filling on startup.,,"0:Disabled, 1:Enabled, 2:Auto, 3:RS-485 Driver enable RTS pin",,,,Advanced,True,,apm.pdef.json
BRD_SERIAL_NUM,BRD,0,True,True,,,User-defined serial number,"User-defined serial number of this vehicle, it can be any arbitrary number you want and has no effect on the autopilot",,,,-8388608,8388607,Standard,,,apm.pdef.json
BRD_TYPE,BRD,3,True,True,,,Board type,This allows selection of a PX4 or VRBRAIN board type. If set to zero then the board type is auto-detected (PX4),,"0:AUTO, 1:PX4V1, 2:Pixhawk, 3:Cube/Pixhawk2, 4:Pixracer, 5:PixhawkMini, 6:Pixhawk2Slim, 13:Intel Aero FC, 14:Pixhawk Pro, 20:AUAV2.1, 21:PCNC1, 22:MINDPXV2, 23:SP01, 24:CUAVv5/FMUV5, 30:VRX BRAIN51, 32:VRX BRAIN52, 33:VRX BRAIN52E, 34:VRX UBRAIN51, 35:VRX UBRAIN52, 36:VRX CORE10, 38:VRX BRAIN54, 39:PX4 FMUV6, 100:PX4 OLDDRIVERS",,,,Advanced,True,,apm.pdef.json
BRD_VBUS_MIN,BRD,4.3,True,True,,,Autopilot board voltage requirement,Minimum voltage on the autopilot power rail to allow the aircraft to arm. 0 to disable the check.,V,,,4.0,5.5,Advanced,,,apm.pdef.json
BRD_VSERVO_MIN,BRD,0,True,True,,,Servo voltage requirement,Minimum voltage on the servo rail to allow the aircraft to arm. 0 to disable the check.,V,,,3.3,12.0,Advanced,,,apm.pdef.json
BTN_ENABLE,BTN,0,True,True,,,Enable button reporting,This enables the button checking module. When this is disabled the parameters for setting button inputs are not visible,,"0:Disabled, 1:Enabled",,,,Advanced,,,apm.pdef.json
CAM1_DURATION,CAM,0.1,False,True,,,Camera shutter duration held open,Duration in seconds that the camera shutter is held open,s,,,0,5,Standard,,,apm.pdef.json
CAM1_FEEDBAK_PIN,CAM,-1,True,True,,,Camera feedback pin,"pin number to use for save accurate camera feedback messages. If set to -1 then don't use a pin flag for this, otherwise this is a pin number which if held high after a picture trigger order, will save camera messages when camera really takes a picture. A universal camera hot shoe is needed. The pin should be held high for at least 2 milliseconds for reliable trigger detection. Some common values are given, but see the Wiki's ""GPIOs"" page for how to determine the pin number for a given autopilot. See also the CAMx_FEEDBCK_POL option.",,"-1:Disabled, 50:AUX1, 51:AUX2, 52:AUX3, 53:AUX4, 54:AUX5, 55:AUX6",,,,Standard,True,,apm.pdef.json
CAM1_FEEDBAK_POL,CAM,1,True,True,,,Camera feedback pin polarity,Polarity for feedback pin. If this is 1 then the feedback pin should go high on trigger. If set to 0 then it should go low,,"0:TriggerLow, 1:TriggerHigh",,,,Standard,,,apm.pdef.json
CAM1_HFOV,CAM,0,True,True,,,Camera horizontal field of view,Camera horizontal field of view. 0 if unknown,deg,,,0,360,Standard,,,apm.pdef.json
CAM1_INTRVAL_MIN,CAM,0,True,True,,,Camera minimum time interval between photos,Postpone shooting if previous picture was taken less than this many seconds ago,s,,,0,10,Standard,,,apm.pdef.json
CAM1_MNT_INST,CAM,0,True,True,,,Camera Mount instance,Mount instance camera is associated with. 0 means camera and mount have identical instance numbers e.g. camera1 and mount1,,,,,,Standard,,,apm.pdef.json
CAM1_OPTIONS,CAM,0,False,True,,,Camera options,Camera options bitmask,,,"0:Recording Starts at arming and stops at disarming, 1:Use 3D distance for trigger (count altitude changes)",,,Standard,,,apm.pdef.json
CAM1_RELAY_ON,CAM,1,True,True,,,Camera relay ON value,This sets whether the relay goes high or low when it triggers. Note that you should also set RELAY_DEFAULT appropriately for your camera,,"0:Low, 1:High",,,,Standard,,,apm.pdef.json
CAM1_SERVO_OFF,CAM,1100,True,True,,,Camera servo OFF PWM value,PWM value in microseconds to move servo to when shutter is deactivated,PWM,,,1000,2000,Standard,,,apm.pdef.json
CAM1_SERVO_ON,CAM,1300,True,True,,,Camera servo ON PWM value,PWM value in microseconds to move servo to when shutter is activated,PWM,,,1000,2000,Standard,,,apm.pdef.json
CAM1_TRIGG_DIST,CAM,0,False,True,,,Camera trigger distance,"Distance in meters between camera triggers. If this value is non-zero then the camera will trigger whenever the position changes by this number of meters regardless of what mode the APM is in. Note that this parameter can also be set in an auto mission using the DO_SET_CAM_TRIGG_DIST command, allowing you to enable/disable the triggering of the camera during the flight.",m,,,0,1000,Standard,,,apm.pdef.json
CAM1_TYPE,CAM,5,False,True,,,Camera shutter (trigger) type,how to trigger the camera to take a picture,,"0:None, 1:Servo, 2:Relay, 3:GoPro in Solo Gimbal, 4:Mount (Siyi/Topotek/Viewpro/Xacti), 5:MAVLink, 6:MAVLinkCamV2, 7:Scripting",,,,Standard,,,apm.pdef.json
CAM1_VFOV,CAM,0,True,True,,,Camera vertical field of view,Camera vertical field of view. 0 if unknown,deg,,,0,180,Standard,,,apm.pdef.json
CAM2_TYPE,CAM,0,True,True,,,Camera shutter (trigger) type,how to trigger the camera to take a picture,,"0:None, 1:Servo, 2:Relay, 3:GoPro in Solo Gimbal, 4:Mount (Siyi/Topotek/Viewpro/Xacti), 5:MAVLink, 6:MAVLinkCamV2, 7:Scripting",,,,Standard,,,apm.pdef.json
CAM_AUTO_ONLY,CAM,1,True,True,,,Distance-trigging in AUTO mode only,"When enabled, trigging by distance is done in AUTO mode only.",,"0:Always, 1:Only when in AUTO",,,,Standard,,,apm.pdef.json
CAM_MAX_ROLL,CAM,0,True,True,,,Maximum photo roll angle.,"Postpone shooting if roll is greater than limit. (0=Disable, will shoot regardless of roll).",deg,,,0,180,Standard,,,apm.pdef.json
CAM_RC_TYPE,CAM,0,True,True,,,RunCam device type,RunCam device type used to determine OSD menu structure and shutter options.,,"0:Disabled, 1:RunCam Split Micro/RunCam with UART, 2:RunCam Split, 3:RunCam Split4 4k, 4:RunCam Hybrid/RunCam Thumb Pro, 5:Runcam 2 4k",,,,,,,apm.pdef.json
CAN_D1_PROTOCOL,CAN,1,True,True,,,Enable use of specific protocol over virtual driver,Enabling this option starts selected protocol that will use this virtual driver,,"0:Disabled, 1:DroneCAN, 4:PiccoloCAN, 6:EFI_NWPMU, 7:USD1, 8:KDECAN, 10:Scripting, 11:Benewake, 12:Scripting2, 13:TOFSenseP, 14:RadarCAN (NanoRadar/Hexsoon)",,,,Advanced,True,,apm.pdef.json
CAN_D1_PROTOCOL2,CAN,0,True,True,,,Secondary protocol with 11 bit CAN addressing,Secondary protocol with 11 bit CAN addressing,,"0:Disabled, 7:USD1, 10:Scripting, 11:Benewake, 12:Scripting2, 13:TOFSenseP, 14:RadarCAN (NanoRadar/Hexsoon)",,,,Advanced,True,,apm.pdef.json
CAN_D1_UC_ESC_BM,CAN,15,True,True,,,Output channels to be transmitted as ESC over DroneCAN,Bitmask with one set for channel to be transmitted as a ESC command over DroneCAN,,,"0:ESC 1, 1:ESC 2, 2:ESC 3, 3:ESC 4, 4:ESC 5, 5:ESC 6, 6:ESC 7, 7:ESC 8, 8:ESC 9, 9:ESC 10, 10:ESC 11, 11:ESC 12, 12:ESC 13, 13:ESC 14, 14:ESC 15, 15:ESC 16, 16:ESC 17, 17:ESC 18, 18:ESC 19, 19:ESC 20, 20:ESC 21, 21:ESC 22, 22:ESC 23, 23:ESC 24, 24:ESC 25, 25:ESC 26, 26:ESC 27, 27:ESC 28, 28:ESC 29, 29:ESC 30, 30:ESC 31, 31:ESC 32",,,Advanced,,,apm.pdef.json
CAN_D1_UC_ESC_OF,CAN,0,True,True,,,ESC Output channels offset,Offset for ESC numbering in DroneCAN ESC RawCommand messages. This allows for more efficient packing of ESC command messages. If your ESCs are on servo functions 5 to 8 and you set this parameter to 4 then the ESC RawCommand will be sent with the first 4 slots filled. This can be used for more efficient usage of CAN bandwidth,,,,0,18,Advanced,,,apm.pdef.json
CAN_D1_UC_ESC_RV,CAN,0,True,True,,,Bitmask for output channels for reversible ESCs over DroneCAN.,"Bitmask with one set for each output channel that uses a reversible ESC over DroneCAN. Reversible ESCs use both positive and negative values in RawCommands, with positive commanding the forward direction and negative commanding the reverse direction.",,,"0:ESC 1, 1:ESC 2, 2:ESC 3, 3:ESC 4, 4:ESC 5, 5:ESC 6, 6:ESC 7, 7:ESC 8, 8:ESC 9, 9:ESC 10, 10:ESC 11, 11:ESC 12, 12:ESC 13, 13:ESC 14, 14:ESC 15, 15:ESC 16, 16:ESC 17, 17:ESC 18, 18:ESC 19, 19:ESC 20, 20:ESC 21, 21:ESC 22, 22:ESC 23, 23:ESC 24, 24:ESC 25, 25:ESC 26, 26:ESC 27, 27:ESC 28, 28:ESC 29, 29:ESC 30, 30:ESC 31, 31:ESC 32",,,Advanced,,,apm.pdef.json
CAN_D1_UC_NODE,CAN,10,True,True,,,Own node ID,DroneCAN node ID used by the driver itself on this network,,,,1,125,Advanced,,,apm.pdef.json
CAN_D1_UC_NTF_RT,CAN,20,True,True,,,Notify State rate,Maximum transmit rate for Notify State Message,Hz,,,1,200,Advanced,,,apm.pdef.json
CAN_D1_UC_OPTION,CAN,2,False,True,,,DroneCAN options,Option flags,,,"0:ClearDNADatabase, 1:IgnoreDNANodeConflicts, 2:EnableCanfd, 3:IgnoreDNANodeUnhealthy, 4:SendServoAsPWM, 5:SendGNSS, 6:UseHimarkServo, 7:HobbyWingESC, 8:EnableStats, 9:EnableFlexDebug",,,Advanced,,,apm.pdef.json
CAN_D1_UC_POOL,CAN,16384,True,True,,,CAN pool size,Amount of memory in bytes to allocate for the DroneCAN memory pool. More memory is needed for higher CAN bus loads,,,,1024,16384,Advanced,,,apm.pdef.json
CAN_D1_UC_RLY_RT,CAN,0,True,True,,,DroneCAN relay output rate,"Maximum transmit rate for relay outputs, note that this rate is per message each message does 1 relay, so if with more relays will take longer to update at the same rate, a extra message will be sent when a relay changes state",Hz,,,0,200,Advanced,,,apm.pdef.json
CAN_D1_UC_SER_EN,CAN,0,True,True,,,DroneCAN Serial enable,Enable DroneCAN virtual serial ports,,"0:Disabled, 1:Enabled",,,,Advanced,True,,apm.pdef.json
CAN_D1_UC_SRV_BM,CAN,0,True,True,,,Output channels to be transmitted as servo over DroneCAN,Bitmask with one set for channel to be transmitted as a servo command over DroneCAN,,,"0:Servo 1, 1:Servo 2, 2:Servo 3, 3:Servo 4, 4:Servo 5, 5:Servo 6, 6:Servo 7, 7:Servo 8, 8:Servo 9, 9:Servo 10, 10:Servo 11, 11:Servo 12, 12:Servo 13, 13:Servo 14, 14:Servo 15, 15:Servo 16, 16:Servo 17, 17:Servo 18, 18:Servo 19, 19:Servo 20, 20:Servo 21, 21:Servo 22, 22:Servo 23, 23:Servo 24, 24:Servo 25, 25:Servo 26, 26:Servo 27, 27:Servo 28, 28:Servo 29, 29:Servo 30, 30:Servo 31, 31:Servo 32",,,,,,apm.pdef.json
CAN_D1_UC_SRV_RT,CAN,50,True,True,,,Servo output rate,Maximum transmit rate for servo outputs,Hz,,,1,200,Advanced,,,apm.pdef.json
CAN_D2_PROTOCOL,CAN,1,True,True,,,Enable use of specific protocol over virtual driver,Enabling this option starts selected protocol that will use this virtual driver,,"0:Disabled, 1:DroneCAN, 4:PiccoloCAN, 6:EFI_NWPMU, 7:USD1, 8:KDECAN, 10:Scripting, 11:Benewake, 12:Scripting2, 13:TOFSenseP, 14:RadarCAN (NanoRadar/Hexsoon)",,,,Advanced,True,,apm.pdef.json
CAN_D2_PROTOCOL2,CAN,0,True,True,,,Secondary protocol with 11 bit CAN addressing,Secondary protocol with 11 bit CAN addressing,,"0:Disabled, 7:USD1, 10:Scripting, 11:Benewake, 12:Scripting2, 13:TOFSenseP, 14:RadarCAN (NanoRadar/Hexsoon)",,,,Advanced,True,,apm.pdef.json
CAN_LOGLEVEL,CAN,3,False,True,,,Loglevel,Loglevel for recording initialisation and debug information from CAN Interface,,"0:Log None, 1:Log Error, 2:Log Warning and below, 3:Log Info and below, 4:Log Everything",,0,4,Advanced,,,apm.pdef.json
CAN_P1_BITRATE,CAN,1000000,True,True,,,Bitrate of CAN interface,Bit rate can be set up to from 10000 to 1000000,,,,10000,1000000,Advanced,,,apm.pdef.json
CAN_P1_DRIVER,CAN,1,True,True,,,Index of virtual driver to be used with physical CAN interface,Enabling this option enables use of CAN buses.,,"0:Disabled, 1:First driver, 2:Second driver, 3:Third driver",,,,Standard,True,,apm.pdef.json
CAN_P1_FDBITRATE,CAN,8,True,True,,,Bitrate of CANFD interface,Bit rate can be set up to from 1000000 to 8000000,,"1:1M, 2:2M, 4:4M, 5:5M, 8:8M",,,,Advanced,,,apm.pdef.json
CAN_P1_OPTIONS,CAN,0,True,True,,,CAN per-interface options,CAN per-interface options,,,0:LogAllFrames,,,Advanced,,,apm.pdef.json
CAN_P2_BITRATE,CAN,1000000,True,True,,,Bitrate of CAN interface,Bit rate can be set up to from 10000 to 1000000,,,,10000,1000000,Advanced,,,apm.pdef.json
CAN_P2_DRIVER,CAN,1,True,True,,,Index of virtual driver to be used with physical CAN interface,Enabling this option enables use of CAN buses.,,"0:Disabled, 1:First driver, 2:Second driver, 3:Third driver",,,,Standard,True,,apm.pdef.json
CAN_P2_FDBITRATE,CAN,8,True,True,,,Bitrate of CANFD interface,Bit rate can be set up to from 1000000 to 8000000,,"1:1M, 2:2M, 4:4M, 5:5M, 8:8M",,,,Advanced,,,apm.pdef.json
CAN_P2_OPTIONS,CAN,0,True,True,,,CAN per-interface options,CAN per-interface options,,,0:LogAllFrames,,,Advanced,,,apm.pdef.json
CAN_SLCAN_CPORT,CAN,1,True,True,,,SLCAN Route,"CAN Interface ID to be routed to SLCAN, 0 means no routing",,"0:Disabled, 1:First interface, 2:Second interface",,,,Standard,True,,apm.pdef.json
CAN_SLCAN_SDELAY,CAN,1,True,True,,,SLCAN Start Delay,Duration after which slcan starts after setting SERNUM in seconds.,,,,0,127,Standard,,,apm.pdef.json
CAN_SLCAN_SERNUM,CAN,-1,True,True,,,SLCAN Serial Port,"Serial Port ID to be used for temporary SLCAN iface, -1 means no temporary serial. This parameter is automatically reset on reboot or on timeout. See CAN_SLCAN_TIMOUT for timeout details",,"-1:Disabled, 0:Serial0, 1:Serial1, 2:Serial2, 3:Serial3, 4:Serial4, 5:Serial5, 6:Serial6",,,,Standard,,,apm.pdef.json
CAN_SLCAN_TIMOUT,CAN,2,True,True,,,SLCAN Timeout,Duration of inactivity after which SLCAN is switched back to original driver in seconds.,,,,0,127,Standard,,,apm.pdef.json
CHUTE_ENABLED,CHUTE,0,True,False,,,Parachute release enabled or disabled,Parachute release enabled or disabled,,"0:Disabled, 1:Enabled",,,,Standard,,,apm.pdef.json
CIRCLE_OPTIONS,CIRCLE,1,True,False,,,Circle options,0:Enable or disable using the pitch/roll stick control circle mode's radius and rate,,,"0:manual control, 1:face direction of travel, 2:Start at center rather than on perimeter, 3:Make Mount ROI the center of the circle",,,Standard,,,apm.pdef.json
CIRCLE_RADIUS,CIRCLE,1000,True,False,,,Circle Radius,Defines the radius of the circle the vehicle will fly when in Circle flight mode,cm,,,0,200000,Standard,,,apm.pdef.json
CIRCLE_RATE,CIRCLE,20,True,False,,,Circle rate,"Circle mode's turn rate in deg/sec. Positive to turn clockwise, negative for counter clockwise. Circle rate must be less than ATC_SLEW_YAW parameter.",deg/s,,,-90,90,Standard,,,apm.pdef.json
COMPASS_AUTODEC,COMPASS,1,False,True,,,Auto Declination,Enable or disable the automatic calculation of the declination based on gps location,,"0:Disabled, 1:Enabled",,,,Advanced,,defaults.parm: # TEMP-COMPASS-EXPERIMENT unlocked,apm.pdef.json
COMPASS_AUTO_ROT,COMPASS,2,False,True,,,Automatically check orientation,When enabled this will automatically check the orientation of compasses on successful completion of compass calibration. If set to 2 then external compasses will have their orientation automatically corrected.,,"0:Disabled, 1:CheckOnly, 2:CheckAndFix, 3:use same tolerance to auto rotate 45 deg rotations",,,,,,defaults.parm: # TEMP-COMPASS-EXPERIMENT unlocked,apm.pdef.json
COMPASS_CAL_FIT,COMPASS,16,False,True,,,Compass calibration fitness,This controls the fitness level required for a successful compass calibration. A lower value makes for a stricter fit (less likely to pass). This is the value used for the primary magnetometer. Other magnetometers get double the value.,,"4:Very Strict, 8:Strict, 16:Default, 32:Relaxed",,4,32,Advanced,,,apm.pdef.json
COMPASS_DEC,COMPASS,0,True,True,,,Compass declination,An angle to compensate between the true north and magnetic north,rad,,,-3.142,3.142,Standard,,,apm.pdef.json
COMPASS_DEV_ID,COMPASS,96515,False,True,,,Compass device id,"Compass device id. Automatically detected, do not set manually",,,,,,Advanced,,defaults.parm: # TEMP-COMPASS-EXPERIMENT unlocked,apm.pdef.json
COMPASS_DEV_ID2,COMPASS,162051,False,True,,,Compass2 device id,"Second compass's device id. Automatically detected, do not set manually",,,,,,Advanced,,defaults.parm: # TEMP-COMPASS-EXPERIMENT unlocked,apm.pdef.json
COMPASS_DEV_ID3,COMPASS,1313809,False,True,,,Compass3 device id,"Third compass's device id. Automatically detected, do not set manually",,,,,,Advanced,,defaults.parm: # TEMP-COMPASS-EXPERIMENT unlocked,apm.pdef.json
COMPASS_DEV_ID4,COMPASS,0,False,True,,,Compass4 device id,"Extra 4th compass's device id. Automatically detected, do not set manually",,,,,,Advanced,,defaults.parm: # TEMP-COMPASS-EXPERIMENT unlocked,apm.pdef.json
COMPASS_DEV_ID5,COMPASS,0,False,True,,,Compass5 device id,"Extra 5th compass's device id. Automatically detected, do not set manually",,,,,,Advanced,,defaults.parm: # TEMP-COMPASS-EXPERIMENT unlocked,apm.pdef.json
COMPASS_DEV_ID6,COMPASS,0,False,True,,,Compass6 device id,"Extra 6th compass's device id. Automatically detected, do not set manually",,,,,,Advanced,,defaults.parm: # TEMP-COMPASS-EXPERIMENT unlocked,apm.pdef.json
COMPASS_DEV_ID7,COMPASS,0,False,True,,,Compass7 device id,"Extra 7th compass's device id. Automatically detected, do not set manually",,,,,,Advanced,,defaults.parm: # TEMP-COMPASS-EXPERIMENT unlocked,apm.pdef.json
COMPASS_DEV_ID8,COMPASS,0,False,True,,,Compass8 device id,"Extra 8th compass's device id. Automatically detected, do not set manually",,,,,,Advanced,,defaults.parm: # TEMP-COMPASS-EXPERIMENT unlocked,apm.pdef.json
COMPASS_DIA2_X,COMPASS,,False,True,,,Compass2 soft-iron diagonal X component,"DIA_X in the compass2 soft-iron calibration matrix: [[DIA_X, ODI_X, ODI_Y], [ODI_X, DIA_Y, ODI_Z], [ODI_Y, ODI_Z, DIA_Z]]",,,,,,Advanced,,NOT SEEDED - per-unit calibration value; stripped from defaults.parm in 6f1d594 so each airframe keeps its own cal,apm.pdef.json
COMPASS_DIA2_Y,COMPASS,,False,True,,,Compass2 soft-iron diagonal Y component,"DIA_Y in the compass2 soft-iron calibration matrix: [[DIA_X, ODI_X, ODI_Y], [ODI_X, DIA_Y, ODI_Z], [ODI_Y, ODI_Z, DIA_Z]]",,,,,,Advanced,,NOT SEEDED - per-unit calibration value; stripped from defaults.parm in 6f1d594 so each airframe keeps its own cal,apm.pdef.json
COMPASS_DIA2_Z,COMPASS,,False,True,,,Compass2 soft-iron diagonal Z component,"DIA_Z in the compass2 soft-iron calibration matrix: [[DIA_X, ODI_X, ODI_Y], [ODI_X, DIA_Y, ODI_Z], [ODI_Y, ODI_Z, DIA_Z]]",,,,,,Advanced,,NOT SEEDED - per-unit calibration value; stripped from defaults.parm in 6f1d594 so each airframe keeps its own cal,apm.pdef.json
COMPASS_DIA3_X,COMPASS,,False,True,,,Compass3 soft-iron diagonal X component,"DIA_X in the compass3 soft-iron calibration matrix: [[DIA_X, ODI_X, ODI_Y], [ODI_X, DIA_Y, ODI_Z], [ODI_Y, ODI_Z, DIA_Z]]",,,,,,Advanced,,NOT SEEDED - per-unit calibration value; stripped from defaults.parm in 6f1d594 so each airframe keeps its own cal,apm.pdef.json
COMPASS_DIA3_Y,COMPASS,,False,True,,,Compass3 soft-iron diagonal Y component,"DIA_Y in the compass3 soft-iron calibration matrix: [[DIA_X, ODI_X, ODI_Y], [ODI_X, DIA_Y, ODI_Z], [ODI_Y, ODI_Z, DIA_Z]]",,,,,,Advanced,,NOT SEEDED - per-unit calibration value; stripped from defaults.parm in 6f1d594 so each airframe keeps its own cal,apm.pdef.json
COMPASS_DIA3_Z,COMPASS,,False,True,,,Compass3 soft-iron diagonal Z component,"DIA_Z in the compass3 soft-iron calibration matrix: [[DIA_X, ODI_X, ODI_Y], [ODI_X, DIA_Y, ODI_Z], [ODI_Y, ODI_Z, DIA_Z]]",,,,,,Advanced,,NOT SEEDED - per-unit calibration value; stripped from defaults.parm in 6f1d594 so each airframe keeps its own cal,apm.pdef.json
COMPASS_DIA_X,COMPASS,,False,True,,,Compass soft-iron diagonal X component,"DIA_X in the compass soft-iron calibration matrix: [[DIA_X, ODI_X, ODI_Y], [ODI_X, DIA_Y, ODI_Z], [ODI_Y, ODI_Z, DIA_Z]]",,,,,,Advanced,,NOT SEEDED - per-unit calibration value; stripped from defaults.parm in 6f1d594 so each airframe keeps its own cal,apm.pdef.json
COMPASS_DIA_Y,COMPASS,,False,True,,,Compass soft-iron diagonal Y component,"DIA_Y in the compass soft-iron calibration matrix: [[DIA_X, ODI_X, ODI_Y], [ODI_X, DIA_Y, ODI_Z], [ODI_Y, ODI_Z, DIA_Z]]",,,,,,Advanced,,NOT SEEDED - per-unit calibration value; stripped from defaults.parm in 6f1d594 so each airframe keeps its own cal,apm.pdef.json
COMPASS_DIA_Z,COMPASS,,False,True,,,Compass soft-iron diagonal Z component,"DIA_Z in the compass soft-iron calibration matrix: [[DIA_X, ODI_X, ODI_Y], [ODI_X, DIA_Y, ODI_Z], [ODI_Y, ODI_Z, DIA_Z]]",,,,,,Advanced,,NOT SEEDED - per-unit calibration value; stripped from defaults.parm in 6f1d594 so each airframe keeps its own cal,apm.pdef.json
COMPASS_DISBLMSK,COMPASS,0,True,True,,,Compass disable driver type mask,This is a bitmask of driver types to disable. If a driver type is set in this mask then that driver will not try to find a sensor at startup,,,"0:HMC5883, 1:LSM303D, 2:AK8963, 3:BMM150, 4:LSM9DS1, 5:LIS3MDL, 6:AK09916, 7:IST8310, 8:ICM20948, 9:MMC3416, 11:DroneCAN, 12:QMC5883, 14:MAG3110, 15:IST8308, 16:RM3100, 17:MSP, 18:ExternalAHRS, 19:MMC5XX3, 20:QMC5883P, 21:BMM350, 22:IIS2MDC",,,Advanced,,,apm.pdef.json
COMPASS_ENABLE,COMPASS,1,False,True,,,Enable Compass,"Setting this to Enabled(1) will enable the compass. Setting this to Disabled(0) will disable the compass. Note that this is separate from COMPASS_USE. This will enable the low level senor, and will enable logging of magnetometer data. To use the compass for navigation you must also set COMPASS_USE to 1.",,"0:Disabled, 1:Enabled",,,,Standard,True,defaults.parm: # TEMP-COMPASS-EXPERIMENT unlocked,apm.pdef.json
COMPASS_EXTERN2,COMPASS,1,False,True,,,Compass2 is attached via an external cable,Configure second compass so it is attached externally. This is auto-detected on most boards. If set to 0 or 1 then auto-detection by bus connection can override the value. If set to 2 then auto-detection will be disabled.,,"0:Internal, 1:External, 2:ForcedExternal",,,,Advanced,,defaults.parm: # TEMP-COMPASS-EXPERIMENT unlocked,apm.pdef.json
COMPASS_EXTERN3,COMPASS,0,False,True,,,Compass3 is attached via an external cable,Configure third compass so it is attached externally. This is auto-detected on most boards. If set to 0 or 1 then auto-detection by bus connection can override the value. If set to 2 then auto-detection will be disabled.,,"0:Internal, 1:External, 2:ForcedExternal",,,,Advanced,,defaults.parm: # TEMP-COMPASS-EXPERIMENT unlocked,apm.pdef.json
COMPASS_EXTERNAL,COMPASS,1,False,True,,,Compass is attached via an external cable,Configure compass so it is attached externally. This is auto-detected on most boards. Set to 1 if the compass is externally connected. When externally connected the COMPASS_ORIENT option operates independently of the AHRS_ORIENTATION board orientation option. If set to 0 or 1 then auto-detection by bus connection can override the value. If set to 2 then auto-detection will be disabled.,,"0:Internal, 1:External, 2:ForcedExternal",,,,Advanced,,defaults.parm: # TEMP-COMPASS-EXPERIMENT unlocked,apm.pdef.json
COMPASS_FLTR_RNG,COMPASS,0,True,True,,,Range in which sample is accepted,This sets the range around the average value that new samples must be within to be accepted. This can help reduce the impact of noise on sensors that are on long I2C cables. The value is a percentage from the average value. A value of zero disables this filter.,%,,,0,100,,,,apm.pdef.json
COMPASS_LEARN,COMPASS,0,False,True,,,Learn compass offsets automatically,Enable or disable the automatic learning of compass offsets. You can enable learning either using a compass-only method that is suitable only for fixed wing aircraft or using the offsets learnt by the active EKF state estimator. If this option is enabled then the learnt offsets are saved when you disarm the vehicle. If InFlight learning is enabled then the compass with automatically start learning once a flight starts (must be armed). While InFlight learning is running you cannot use position control modes.,,"0:Disabled, 1:Internal-Learning, 2:EKF-Learning, 3:InFlight-Learning",,,,Advanced,,,apm.pdef.json
COMPASS_MOT2_X,COMPASS,,False,True,,,Motor interference compensation to compass2 for body frame X axis,Multiplied by the current throttle and added to compass2's x-axis values to compensate for motor interference (Offset per Amp or at Full Throttle),mGauss/A,,,-1000,1000,Advanced,,NOT SEEDED - compassmot compensation. Device-ID pinning table exists (ArduCopter/xplorer_compass_mot_pinning.h) but xplorer_compass_mot_boot_align() is CURRENTLY COMMENTED OUT in system.cpp (TEMP-COMPASS-EXPERIMENT) | should make false once we fix this on a lower level,apm.pdef.json
COMPASS_MOT2_Y,COMPASS,,False,True,,,Motor interference compensation to compass2 for body frame Y axis,Multiplied by the current throttle and added to compass2's y-axis values to compensate for motor interference (Offset per Amp or at Full Throttle),mGauss/A,,,-1000,1000,Advanced,,NOT SEEDED - compassmot compensation. Device-ID pinning table exists (ArduCopter/xplorer_compass_mot_pinning.h) but xplorer_compass_mot_boot_align() is CURRENTLY COMMENTED OUT in system.cpp (TEMP-COMPASS-EXPERIMENT) | should make false once we fix this on a lower level,apm.pdef.json
COMPASS_MOT2_Z,COMPASS,,False,True,,,Motor interference compensation to compass2 for body frame Z axis,Multiplied by the current throttle and added to compass2's z-axis values to compensate for motor interference (Offset per Amp or at Full Throttle),mGauss/A,,,-1000,1000,Advanced,,NOT SEEDED - compassmot compensation. Device-ID pinning table exists (ArduCopter/xplorer_compass_mot_pinning.h) but xplorer_compass_mot_boot_align() is CURRENTLY COMMENTED OUT in system.cpp (TEMP-COMPASS-EXPERIMENT) | should make false once we fix this on a lower level,apm.pdef.json
COMPASS_MOT3_X,COMPASS,,False,True,,,Motor interference compensation to compass3 for body frame X axis,Multiplied by the current throttle and added to compass3's x-axis values to compensate for motor interference (Offset per Amp or at Full Throttle),mGauss/A,,,-1000,1000,Advanced,,NOT SEEDED - compassmot compensation. Device-ID pinning table exists (ArduCopter/xplorer_compass_mot_pinning.h) but xplorer_compass_mot_boot_align() is CURRENTLY COMMENTED OUT in system.cpp (TEMP-COMPASS-EXPERIMENT) | should make false once we fix this on a lower level,apm.pdef.json
COMPASS_MOT3_Y,COMPASS,,False,True,,,Motor interference compensation to compass3 for body frame Y axis,Multiplied by the current throttle and added to compass3's y-axis values to compensate for motor interference (Offset per Amp or at Full Throttle),mGauss/A,,,-1000,1000,Advanced,,NOT SEEDED - compassmot compensation. Device-ID pinning table exists (ArduCopter/xplorer_compass_mot_pinning.h) but xplorer_compass_mot_boot_align() is CURRENTLY COMMENTED OUT in system.cpp (TEMP-COMPASS-EXPERIMENT) | should make false once we fix this on a lower level,apm.pdef.json
COMPASS_MOT3_Z,COMPASS,,False,True,,,Motor interference compensation to compass3 for body frame Z axis,Multiplied by the current throttle and added to compass3's z-axis values to compensate for motor interference (Offset per Amp or at Full Throttle),mGauss/A,,,-1000,1000,Advanced,,NOT SEEDED - compassmot compensation. Device-ID pinning table exists (ArduCopter/xplorer_compass_mot_pinning.h) but xplorer_compass_mot_boot_align() is CURRENTLY COMMENTED OUT in system.cpp (TEMP-COMPASS-EXPERIMENT) | should make false once we fix this on a lower level,apm.pdef.json
COMPASS_MOTCT,COMPASS,2,False,True,,,Motor interference compensation type,"Set motor interference compensation type to disabled, throttle or current. Do not change manually.",,"0:Disabled, 1:Use Throttle, 2:Use Current",,,,Advanced,,defaults.parm: # TEMP-COMPASS-EXPERIMENT unlocked,apm.pdef.json
COMPASS_MOT_X,COMPASS,,False,True,,,Motor interference compensation for body frame X axis,Multiplied by the current throttle and added to the compass's x-axis values to compensate for motor interference (Offset per Amp or at Full Throttle),mGauss/A,,,-1000,1000,Advanced,,NOT SEEDED - compassmot compensation. Device-ID pinning table exists (ArduCopter/xplorer_compass_mot_pinning.h) but xplorer_compass_mot_boot_align() is CURRENTLY COMMENTED OUT in system.cpp (TEMP-COMPASS-EXPERIMENT) | should make false once we fix this on a lower level,apm.pdef.json
COMPASS_MOT_Y,COMPASS,,False,True,,,Motor interference compensation for body frame Y axis,Multiplied by the current throttle and added to the compass's y-axis values to compensate for motor interference (Offset per Amp or at Full Throttle),mGauss/A,,,-1000,1000,Advanced,,NOT SEEDED - compassmot compensation. Device-ID pinning table exists (ArduCopter/xplorer_compass_mot_pinning.h) but xplorer_compass_mot_boot_align() is CURRENTLY COMMENTED OUT in system.cpp (TEMP-COMPASS-EXPERIMENT) | should make false once we fix this on a lower level,apm.pdef.json
COMPASS_MOT_Z,COMPASS,,False,True,,,Motor interference compensation for body frame Z axis,Multiplied by the current throttle and added to the compass's z-axis values to compensate for motor interference (Offset per Amp or at Full Throttle),mGauss/A,,,-1000,1000,Advanced,,NOT SEEDED - compassmot compensation. Device-ID pinning table exists (ArduCopter/xplorer_compass_mot_pinning.h) but xplorer_compass_mot_boot_align() is CURRENTLY COMMENTED OUT in system.cpp (TEMP-COMPASS-EXPERIMENT) | should make false once we fix this on a lower level,apm.pdef.json
COMPASS_ODI2_X,COMPASS,,False,True,,,Compass2 soft-iron off-diagonal X component,"ODI_X in the compass2 soft-iron calibration matrix: [[DIA_X, ODI_X, ODI_Y], [ODI_X, DIA_Y, ODI_Z], [ODI_Y, ODI_Z, DIA_Z]]",,,,,,Advanced,,NOT SEEDED - per-unit calibration value; stripped from defaults.parm in 6f1d594 so each airframe keeps its own cal,apm.pdef.json
COMPASS_ODI2_Y,COMPASS,,False,True,,,Compass2 soft-iron off-diagonal Y component,"ODI_Y in the compass2 soft-iron calibration matrix: [[DIA_X, ODI_X, ODI_Y], [ODI_X, DIA_Y, ODI_Z], [ODI_Y, ODI_Z, DIA_Z]]",,,,,,Advanced,,NOT SEEDED - per-unit calibration value; stripped from defaults.parm in 6f1d594 so each airframe keeps its own cal,apm.pdef.json
COMPASS_ODI2_Z,COMPASS,,False,True,,,Compass2 soft-iron off-diagonal Z component,"ODI_Z in the compass2 soft-iron calibration matrix: [[DIA_X, ODI_X, ODI_Y], [ODI_X, DIA_Y, ODI_Z], [ODI_Y, ODI_Z, DIA_Z]]",,,,,,Advanced,,NOT SEEDED - per-unit calibration value; stripped from defaults.parm in 6f1d594 so each airframe keeps its own cal,apm.pdef.json
COMPASS_ODI3_X,COMPASS,,False,True,,,Compass3 soft-iron off-diagonal X component,"ODI_X in the compass3 soft-iron calibration matrix: [[DIA_X, ODI_X, ODI_Y], [ODI_X, DIA_Y, ODI_Z], [ODI_Y, ODI_Z, DIA_Z]]",,,,,,Advanced,,NOT SEEDED - per-unit calibration value; stripped from defaults.parm in 6f1d594 so each airframe keeps its own cal,apm.pdef.json
COMPASS_ODI3_Y,COMPASS,,False,True,,,Compass3 soft-iron off-diagonal Y component,"ODI_Y in the compass3 soft-iron calibration matrix: [[DIA_X, ODI_X, ODI_Y], [ODI_X, DIA_Y, ODI_Z], [ODI_Y, ODI_Z, DIA_Z]]",,,,,,Advanced,,NOT SEEDED - per-unit calibration value; stripped from defaults.parm in 6f1d594 so each airframe keeps its own cal,apm.pdef.json
COMPASS_ODI3_Z,COMPASS,,False,True,,,Compass3 soft-iron off-diagonal Z component,"ODI_Z in the compass3 soft-iron calibration matrix: [[DIA_X, ODI_X, ODI_Y], [ODI_X, DIA_Y, ODI_Z], [ODI_Y, ODI_Z, DIA_Z]]",,,,,,Advanced,,NOT SEEDED - per-unit calibration value; stripped from defaults.parm in 6f1d594 so each airframe keeps its own cal,apm.pdef.json
COMPASS_ODI_X,COMPASS,,False,True,,,Compass soft-iron off-diagonal X component,"ODI_X in the compass soft-iron calibration matrix: [[DIA_X, ODI_X, ODI_Y], [ODI_X, DIA_Y, ODI_Z], [ODI_Y, ODI_Z, DIA_Z]]",,,,,,Advanced,,NOT SEEDED - per-unit calibration value; stripped from defaults.parm in 6f1d594 so each airframe keeps its own cal,apm.pdef.json
COMPASS_ODI_Y,COMPASS,,False,True,,,Compass soft-iron off-diagonal Y component,"ODI_Y in the compass soft-iron calibration matrix: [[DIA_X, ODI_X, ODI_Y], [ODI_X, DIA_Y, ODI_Z], [ODI_Y, ODI_Z, DIA_Z]]",,,,,,Advanced,,NOT SEEDED - per-unit calibration value; stripped from defaults.parm in 6f1d594 so each airframe keeps its own cal,apm.pdef.json
COMPASS_ODI_Z,COMPASS,,False,True,,,Compass soft-iron off-diagonal Z component,"ODI_Z in the compass soft-iron calibration matrix: [[DIA_X, ODI_X, ODI_Y], [ODI_X, DIA_Y, ODI_Z], [ODI_Y, ODI_Z, DIA_Z]]",,,,,,Advanced,,NOT SEEDED - per-unit calibration value; stripped from defaults.parm in 6f1d594 so each airframe keeps its own cal,apm.pdef.json
COMPASS_OFFS_MAX,COMPASS,1800,False,True,,,Compass maximum offset,This sets the maximum allowed compass offset in calibration and arming checks,,,,500,3000,Advanced,,,apm.pdef.json
COMPASS_OFS2_X,COMPASS,,False,True,,,Compass2 offsets in milligauss on the X axis,Offset to be added to compass2's x-axis values to compensate for metal in the frame,mGauss,,,-400,400,Advanced,,NOT SEEDED - per-unit calibration value; stripped from defaults.parm in 6f1d594 so each airframe keeps its own cal,apm.pdef.json
COMPASS_OFS2_Y,COMPASS,,False,True,,,Compass2 offsets in milligauss on the Y axis,Offset to be added to compass2's y-axis values to compensate for metal in the frame,mGauss,,,-400,400,Advanced,,NOT SEEDED - per-unit calibration value; stripped from defaults.parm in 6f1d594 so each airframe keeps its own cal,apm.pdef.json
COMPASS_OFS2_Z,COMPASS,,False,True,,,Compass2 offsets in milligauss on the Z axis,Offset to be added to compass2's z-axis values to compensate for metal in the frame,mGauss,,,-400,400,Advanced,,NOT SEEDED - per-unit calibration value; stripped from defaults.parm in 6f1d594 so each airframe keeps its own cal,apm.pdef.json
COMPASS_OFS3_X,COMPASS,,False,True,,,Compass3 offsets in milligauss on the X axis,Offset to be added to compass3's x-axis values to compensate for metal in the frame,mGauss,,,-400,400,Advanced,,NOT SEEDED - per-unit calibration value; stripped from defaults.parm in 6f1d594 so each airframe keeps its own cal,apm.pdef.json
COMPASS_OFS3_Y,COMPASS,,False,True,,,Compass3 offsets in milligauss on the Y axis,Offset to be added to compass3's y-axis values to compensate for metal in the frame,mGauss,,,-400,400,Advanced,,NOT SEEDED - per-unit calibration value; stripped from defaults.parm in 6f1d594 so each airframe keeps its own cal,apm.pdef.json
COMPASS_OFS3_Z,COMPASS,,False,True,,,Compass3 offsets in milligauss on the Z axis,Offset to be added to compass3's z-axis values to compensate for metal in the frame,mGauss,,,-400,400,Advanced,,NOT SEEDED - per-unit calibration value; stripped from defaults.parm in 6f1d594 so each airframe keeps its own cal,apm.pdef.json
COMPASS_OFS_X,COMPASS,,False,True,,,Compass offsets in milligauss on the X axis,Offset to be added to the compass x-axis values to compensate for metal in the frame,mGauss,,,-400,400,Advanced,,NOT SEEDED - per-unit calibration value; stripped from defaults.parm in 6f1d594 so each airframe keeps its own cal,apm.pdef.json
COMPASS_OFS_Y,COMPASS,,False,True,,,Compass offsets in milligauss on the Y axis,Offset to be added to the compass y-axis values to compensate for metal in the frame,mGauss,,,-400,400,Advanced,,NOT SEEDED - per-unit calibration value; stripped from defaults.parm in 6f1d594 so each airframe keeps its own cal,apm.pdef.json
COMPASS_OFS_Z,COMPASS,,False,True,,,Compass offsets in milligauss on the Z axis,Offset to be added to the compass z-axis values to compensate for metal in the frame,mGauss,,,-400,400,Advanced,,NOT SEEDED - per-unit calibration value; stripped from defaults.parm in 6f1d594 so each airframe keeps its own cal,apm.pdef.json
COMPASS_OPTIONS,COMPASS,0,False,True,,,Compass options,This sets options to change the behaviour of the compass,,,"0:CalRequireGPS, 1:Allow missing DroneCAN compasses to be automaticaly replaced (calibration still required)",,,Advanced,,defaults.parm: # TEMP-COMPASS-EXPERIMENT unlocked,apm.pdef.json
COMPASS_ORIENT,COMPASS,0,False,True,,,Compass orientation,"The orientation of the first external compass relative to the vehicle frame. This value will be ignored unless this compass is set as an external compass. When set correctly in the northern hemisphere, pointing the nose and right side down should increase the MagX and MagY values respectively. Rolling the vehicle upside down should decrease the MagZ value. For southern hemisphere, switch increase and decrease. NOTE: For internal compasses, AHRS_ORIENT is used. The label for each option is specified in the order of rotations for that orientation. Firmware versions 4.2 and prior can use a CUSTOM (100) rotation to set the COMPASS_CUS_ROLL/PIT/YAW angles for Compass orientation. Later versions provide two general custom rotations which can be used, Custom 1 and Custom 2, with CUST_1_ROLL/PIT/YAW or CUST_2_ROLL/PIT/YAW angles.",,"0:None, 1:Yaw45, 2:Yaw90, 3:Yaw135, 4:Yaw180, 5:Yaw225, 6:Yaw270, 7:Yaw315, 8:Roll180, 9:Yaw45Roll180, 10:Yaw90Roll180, 11:Yaw135Roll180, 12:Pitch180, 13:Yaw225Roll180, 14:Yaw270Roll180, 15:Yaw315Roll180, 16:Roll90, 17:Yaw45Roll90, 18:Yaw90Roll90, 19:Yaw135Roll90, 20:Roll270, 21:Yaw45Roll270, 22:Yaw90Roll270, 23:Yaw135Roll270, 24:Pitch90, 25:Pitch270, 26:Yaw90Pitch180, 27:Yaw270Pitch180, 28:Pitch90Roll90, 29:Pitch90Roll180, 30:Pitch90Roll270, 31:Pitch180Roll90, 32:Pitch180Roll270, 33:Pitch270Roll90, 34:Pitch270Roll180, 35:Pitch270Roll270, 36:Yaw90Pitch180Roll90, 37:Yaw270Roll90, 38:Yaw293Pitch68Roll180, 39:Pitch315, 40:Pitch315Roll90, 42:Roll45, 43:Roll315, 100:Custom 4.1 and older, 101:Custom 1, 102:Custom 2",,,,Advanced,,defaults.parm: # TEMP-COMPASS-EXPERIMENT unlocked,apm.pdef.json
COMPASS_ORIENT2,COMPASS,0,False,True,,,Compass2 orientation,"The orientation of a second external compass relative to the vehicle frame. This value will be ignored unless this compass is set as an external compass. When set correctly in the northern hemisphere, pointing the nose and right side down should increase the MagX and MagY values respectively. Rolling the vehicle upside down should decrease the MagZ value. For southern hemisphere, switch increase and decrease. NOTE: For internal compasses, AHRS_ORIENT is used. The label for each option is specified in the order of rotations for that orientation. Firmware versions 4.2 and prior can use a CUSTOM (100) rotation to set the COMPASS_CUS_ROLL/PIT/YAW angles for Compass orientation. Later versions provide two general custom rotations which can be used, Custom 1 and Custom 2, with CUST_1_ROLL/PIT/YAW or CUST_2_ROLL/PIT/YAW angles.",,"0:None, 1:Yaw45, 2:Yaw90, 3:Yaw135, 4:Yaw180, 5:Yaw225, 6:Yaw270, 7:Yaw315, 8:Roll180, 9:Yaw45Roll180, 10:Yaw90Roll180, 11:Yaw135Roll180, 12:Pitch180, 13:Yaw225Roll180, 14:Yaw270Roll180, 15:Yaw315Roll180, 16:Roll90, 17:Yaw45Roll90, 18:Yaw90Roll90, 19:Yaw135Roll90, 20:Roll270, 21:Yaw45Roll270, 22:Yaw90Roll270, 23:Yaw135Roll270, 24:Pitch90, 25:Pitch270, 26:Yaw90Pitch180, 27:Yaw270Pitch180, 28:Pitch90Roll90, 29:Pitch90Roll180, 30:Pitch90Roll270, 31:Pitch180Roll90, 32:Pitch180Roll270, 33:Pitch270Roll90, 34:Pitch270Roll180, 35:Pitch270Roll270, 36:Yaw90Pitch180Roll90, 37:Yaw270Roll90, 38:Yaw293Pitch68Roll180, 39:Pitch315, 40:Pitch315Roll90, 42:Roll45, 43:Roll315, 100:Custom 4.1 and older, 101:Custom 1, 102:Custom 2",,,,Advanced,,defaults.parm: # TEMP-COMPASS-EXPERIMENT unlocked,apm.pdef.json
COMPASS_ORIENT3,COMPASS,0,False,True,,,Compass3 orientation,"The orientation of a third external compass relative to the vehicle frame. This value will be ignored unless this compass is set as an external compass. When set correctly in the northern hemisphere, pointing the nose and right side down should increase the MagX and MagY values respectively. Rolling the vehicle upside down should decrease the MagZ value. For southern hemisphere, switch increase and decrease. NOTE: For internal compasses, AHRS_ORIENT is used. The label for each option is specified in the order of rotations for that orientation. Firmware versions 4.2 and prior can use a CUSTOM (100) rotation to set the COMPASS_CUS_ROLL/PIT/YAW angles for Compass orientation. Later versions provide two general custom rotations which can be used, Custom 1 and Custom 2, with CUST_1_ROLL/PIT/YAW or CUST_2_ROLL/PIT/YAW angles.",,"0:None, 1:Yaw45, 2:Yaw90, 3:Yaw135, 4:Yaw180, 5:Yaw225, 6:Yaw270, 7:Yaw315, 8:Roll180, 9:Yaw45Roll180, 10:Yaw90Roll180, 11:Yaw135Roll180, 12:Pitch180, 13:Yaw225Roll180, 14:Yaw270Roll180, 15:Yaw315Roll180, 16:Roll90, 17:Yaw45Roll90, 18:Yaw90Roll90, 19:Yaw135Roll90, 20:Roll270, 21:Yaw45Roll270, 22:Yaw90Roll270, 23:Yaw135Roll270, 24:Pitch90, 25:Pitch270, 26:Yaw90Pitch180, 27:Yaw270Pitch180, 28:Pitch90Roll90, 29:Pitch90Roll180, 30:Pitch90Roll270, 31:Pitch180Roll90, 32:Pitch180Roll270, 33:Pitch270Roll90, 34:Pitch270Roll180, 35:Pitch270Roll270, 36:Yaw90Pitch180Roll90, 37:Yaw270Roll90, 38:Yaw293Pitch68Roll180, 39:Pitch315, 40:Pitch315Roll90, 42:Roll45, 43:Roll315, 100:Custom 4.1 and older, 101:Custom 1, 102:Custom 2",,,,Advanced,,defaults.parm: # TEMP-COMPASS-EXPERIMENT unlocked,apm.pdef.json
COMPASS_PMOT_EN,COMPASS,0,True,True,,,per-motor compass correction enable,This enables per-motor compass corrections,,"0:Disabled, 1:Enabled",,,,Advanced,,,apm.pdef.json
COMPASS_PRIO1_ID,COMPASS,96515,False,True,,,Compass device id with 1st order priority,"Compass device id with 1st order priority, set automatically if 0. Reboot required after change.",,,,,,Advanced,True,defaults.parm: # TEMP-COMPASS-EXPERIMENT unlocked,apm.pdef.json
COMPASS_PRIO2_ID,COMPASS,162051,False,True,,,Compass device id with 2nd order priority,"Compass device id with 2nd order priority, set automatically if 0. Reboot required after change.",,,,,,Advanced,True,defaults.parm: # TEMP-COMPASS-EXPERIMENT unlocked,apm.pdef.json
COMPASS_PRIO3_ID,COMPASS,1313809,False,True,,,Compass device id with 3rd order priority,"Compass device id with 3rd order priority, set automatically if 0. Reboot required after change.",,,,,,Advanced,True,defaults.parm: # TEMP-COMPASS-EXPERIMENT unlocked,apm.pdef.json
COMPASS_SCALE,COMPASS,,False,True,,,Compass1 scale factor,Scaling factor for first compass to compensate for sensor scaling errors. If this is 0 then no scaling is done,,,,0,1.3,Standard,,NOT SEEDED - per-unit calibration value; stripped from defaults.parm in 6f1d594 so each airframe keeps its own cal,apm.pdef.json
COMPASS_SCALE2,COMPASS,,False,True,,,Compass2 scale factor,Scaling factor for 2nd compass to compensate for sensor scaling errors. If this is 0 then no scaling is done,,,,0,1.3,Standard,,NOT SEEDED - per-unit calibration value; stripped from defaults.parm in 6f1d594 so each airframe keeps its own cal,apm.pdef.json
COMPASS_SCALE3,COMPASS,,False,True,,,Compass3 scale factor,Scaling factor for 3rd compass to compensate for sensor scaling errors. If this is 0 then no scaling is done,,,,0,1.3,Standard,,NOT SEEDED - per-unit calibration value; stripped from defaults.parm in 6f1d594 so each airframe keeps its own cal,apm.pdef.json
COMPASS_USE,COMPASS,1,False,True,,,Use compass for yaw,Enable or disable the use of the compass (instead of the GPS) for determining heading,,"0:Disabled, 1:Enabled",,,,Advanced,,defaults.parm: # TEMP-COMPASS-EXPERIMENT unlocked,apm.pdef.json
COMPASS_USE2,COMPASS,1,False,True,,,Compass2 used for yaw,Enable or disable the secondary compass for determining heading.,,"0:Disabled, 1:Enabled",,,,Advanced,,defaults.parm: # TEMP-COMPASS-EXPERIMENT unlocked,apm.pdef.json
COMPASS_USE3,COMPASS,0,False,True,,,Compass3 used for yaw,Enable or disable the tertiary compass for determining heading.,,"0:Disabled, 1:Enabled",,,,Advanced,,defaults.parm: # TEMP-COMPASS-EXPERIMENT unlocked,apm.pdef.json
CUST_ROT_ENABLE,CUST,0,True,True,,,Enable Custom rotations,This enables custom rotations,,"0:Disable, 1:Enable",,,,Standard,True,,apm.pdef.json
DEV_OPTIONS,DEV,0,True,True,,,Development options,Bitmask of developer options. The meanings of the bit fields in this parameter may vary at any time. Developers should check the source code for current meaning,,,"0:ADSBMavlinkProcessing, 1:DevOptionVFR_HUDRelativeAlt",,,Advanced,,,apm.pdef.json
DID_BARO_ACC,DID,-1,True,True,,,Barometer vertical accuraacy,Barometer Vertical Accuracy when installed in the vehicle. Note this is dependent upon installation conditions and thus disabled by default,m,,,,,Advanced,,,apm.pdef.json
DID_CANDRIVER,DID,1,True,True,,,DroneCAN driver number,"DroneCAN driver index, 0 to disable DroneCAN",,"0:Disabled, 1:Driver1, 2:Driver2",,,,,,,apm.pdef.json
DID_ENABLE,DID,1,True,True,,,Enable ODID subsystem,Enable ODID subsystem,,"0:Disabled, 1:Enabled",,,,,,,apm.pdef.json
DID_MAVPORT,DID,-1,True,True,,,MAVLink serial port,Serial port number to send OpenDroneID MAVLink messages to. Can be -1 if using DroneCAN.,,"-1:Disabled, 0:Serial0, 1:Serial1, 2:Serial2, 3:Serial3, 4:Serial4, 5:Serial5, 6:Serial6",,,,,,,apm.pdef.json
DID_OPTIONS,DID,1,True,True,,,OpenDroneID options,Options for OpenDroneID subsystem,,,"0:EnforceArming, 1:AllowNonGPSPosition, 2:LockUASIDOnFirstBasicIDRx",,,,,,apm.pdef.json
DISARM_DELAY,DISARM,10,False,True,,,Disarm delay,"Delay before automatic disarm in seconds after landing touchdown detection. A value of zero disables auto disarm. If Emergency Motor stop active, delay time is half this value.",s,,,0,127,Advanced,,,apm.pdef.json
EAHRS_TYPE,EAHRS,0,True,True,,,AHRS type,Type of AHRS device,,"0:None, 1:VectorNav, 2:MicroStrain5, 5:InertialLabs, 7:MicroStrain7",,,,Standard,,,apm.pdef.json
EK3_ABIAS_P_NSE,EK,0.02,True,True,,,Accelerometer bias stability (m/s^3),This noise controls the growth of the vertical accelerometer delta velocity bias state error estimate. Increasing it makes accelerometer bias estimation faster and noisier.,m/s/s/s,,,0.00001,0.02,Advanced,,,apm.pdef.json
EK3_ACC_BIAS_LIM,EK,1,True,True,,,Accelerometer bias limit,The accelerometer bias state will be limited to +- this value,m/s/s,,,0.5,2.5,Advanced,,,apm.pdef.json
EK3_ACC_P_NSE,EK,0.35,True,True,,,Accelerometer noise (m/s^2),This control disturbance noise controls the growth of estimated error due to accelerometer measurement errors excluding bias. Increasing it makes the flter trust the accelerometer measurements less and other measurements more.,m/s/s,,,0.01,1.0,Advanced,,,apm.pdef.json
EK3_AFFINITY,EK,0,True,True,,,EKF3 Sensor Affinity Options,These options control the affinity between sensor instances and EKF cores,,,"0:EnableGPSAffinity, 1:EnableBaroAffinity, 2:EnableCompassAffinity, 3:EnableAirspeedAffinity",,,Advanced,True,,apm.pdef.json
EK3_ALT_M_NSE,EK,2,False,True,2,10,Altitude measurement noise (m),"This is the RMS value of noise in the altitude measurement. Increasing it reduces the weighting of the baro measurement and will make the filter respond more slowly to baro measurement errors, but will make it more sensitive to GPS and accelerometer errors. A larger value for EK3_ALT_M_NSE may be required when operating with EK3_SRCx_POSZ = 0. This parameter also sets the noise for the 'synthetic' zero height measurement that is used when EK3_SRCx_POSZ = 0.",m,,,0.1,100.0,Advanced,,"Baro height measurement noise. Writable (clamped 2-10) rather than read-only because the EKF falls back to baro automatically whenever GPS height is lost - AP_NavEKF3_PosVelFusion.cpp lostGpsHgt - so this governs height fusion on every unit during a GPS dropout, not only when EK3_SRCx_POSZ selects baro. Raising it de-weights a noisy baro (rotor wash, enclosure pressure), which is the direction field fixes have needed. The clamp floor is the seeded default: lowering it below 2 makes the filter over-trust baro and is the divergence case. Only affects fusion when the active height source is baro; with EK3_SRC1_POSZ=3 (GPS) the GPS branch uses receiver vertical accuracy instead.",apm.pdef.json
EK3_BCN_DELAY,EK,50,True,True,,,Range beacon measurement delay (msec),This is the number of msec that the range beacon measurements lag behind the inertial measurements.,ms,,,0,250,Advanced,True,,apm.pdef.json
EK3_BCN_I_GTE,EK,500,True,True,,,Range beacon measurement gate size,This sets the percentage number of standard deviations applied to the range beacon measurement innovation consistency check. Decreasing it makes it more likely that good measurements will be rejected. Increasing it makes it more likely that bad measurements will be accepted.,,,,100,1000,Advanced,,,apm.pdef.json
EK3_BCN_M_NSE,EK,1,True,True,,,Range beacon measurement noise (m),This is the RMS value of noise in the range beacon measurement. Increasing it reduces the weighting on this measurement.,m,,,0.1,10.0,Advanced,,,apm.pdef.json
EK3_BETA_MASK,EK,0,True,True,,,Bitmask controlling sidelip angle fusion,"1 byte bitmap controlling use of sideslip angle fusion for estimation of non wind states during operation of 'fly forward' vehicle types such as fixed wing planes. By assuming that the angle of sideslip is small, the wind velocity state estimates are corrected whenever the EKF is not dead reckoning (e.g. has an independent velocity or position sensor such as GPS). This behaviour is on by default and cannot be disabled. When the EKF is dead reckoning, the wind states are used as a reference, enabling use of the small angle of sideslip assumption to correct non wind velocity states (eg attitude, velocity, position, etc) and improve navigation accuracy. This behaviour is on by default and cannot be disabled. The behaviour controlled by this parameter is the use of the small angle of sideslip assumption to correct non wind velocity states when the EKF is NOT dead reckoning. This is primarily of benefit to reduce the buildup of yaw angle errors during straight and level flight without a yaw sensor (e.g. magnetometer or dual antenna GPS yaw) provided aerobatic flight maneuvers with large sideslip angles are not performed. The 'always' option might be used where the yaw sensor is intentionally not fitted or disabled. The 'WhenNoYawSensor' option might be used if a yaw sensor is fitted, but protection against in-flight failure and continual rejection by the EKF is desired. For vehicles operated within visual range of the operator performing frequent turning maneuvers, setting this parameter is unnecessary.",,,"0:Always, 1:WhenNoYawSensor",,,Advanced,True,,apm.pdef.json
EK3_CHECK_SCALE,EK,100,True,True,,,GPS accuracy check scaler (%),This scales the thresholds that are used to check GPS accuracy before it is used by the EKF. A value of 100 is the default. Values greater than 100 increase and values less than 100 reduce the maximum GPS error the EKF will accept. A value of 200 will double the allowable GPS error.,%,,,50,200,Advanced,,,apm.pdef.json
EK3_DRAG_BCOEF_X,EK,0,True,True,,,Ballistic coefficient for X axis drag,Ratio of mass to drag coefficient measured along the X body axis. This parameter enables estimation of wind drift for vehicles with bluff bodies and without propulsion forces in the X and Y direction (eg multicopters). The drag produced by this effect scales with speed squared. Set to a postive value > 1.0 to enable. A starting value is the mass in Kg divided by the frontal area. The predicted drag from the rotors is specified separately by the EK3_DRAG_MCOEF parameter.,kg/m/m,,,0.0,1000.0,Advanced,,,apm.pdef.json
EK3_DRAG_BCOEF_Y,EK,0,True,True,,,Ballistic coefficient for Y axis drag,Ratio of mass to drag coefficient measured along the Y body axis. This parameter enables estimation of wind drift for vehicles with bluff bodies and without propulsion forces in the X and Y direction (eg multicopters). The drag produced by this effect scales with speed squared. Set to a postive value > 1.0 to enable. A starting value is the mass in Kg divided by the side area. The predicted drag from the rotors is specified separately by the EK3_DRAG_MCOEF parameter.,kg/m/m,,,50.0,1000.0,Advanced,,,apm.pdef.json
EK3_DRAG_MCOEF,EK,0,True,True,,,Momentum coefficient for propeller drag,"This parameter is used to predict the drag produced by the rotors when flying a multi-copter, enabling estimation of wind drift. The drag produced by this effect scales with speed not speed squared and is produced because some of the air velocity normal to the rotors axis of rotation is lost when passing through the rotor disc which changes the momentum of the airflow causing drag. For unducted rotors the effect is roughly proportional to the area of the propeller blades when viewed side on and changes with different propellers. It is higher for ducted rotors. For example if flying at 15 m/s at sea level conditions produces a rotor induced drag acceleration of 1.5 m/s/s, then EK3_DRAG_MCOEF would be set to 0.1 = (1.5/15.0). Set EK3_MCOEF to a postive value to enable wind estimation using this drag effect. To account for the drag produced by the body which scales with speed squared, see documentation for the EK3_DRAG_BCOEF_X and EK3_DRAG_BCOEF_Y parameters.",1/s,,,0.0,1.0,Advanced,,,apm.pdef.json
EK3_DRAG_M_NSE,EK,0.5,True,True,,,Observation noise for drag acceleration,This sets the amount of noise used when fusing X and Y acceleration as an observation that enables esitmation of wind velocity for multi-rotor vehicles. This feature is enabled by the EK3_DRAG_BCOEF_X and EK3_DRAG_BCOEF_Y parameters,m/s/s,,,0.1,2.0,Advanced,,,apm.pdef.json
EK3_EAS_I_GATE,EK,400,True,True,,,Airspeed measurement gate size,This sets the percentage number of standard deviations applied to the airspeed measurement innovation consistency check. Decreasing it makes it more likely that good measurements will be rejected. Increasing it makes it more likely that bad measurements will be accepted.,,,,100,1000,Advanced,,,apm.pdef.json
EK3_EAS_M_NSE,EK,1.4,True,True,,,Equivalent airspeed measurement noise (m/s),This is the RMS value of noise in equivalent airspeed measurements used by planes. Increasing it reduces the weighting of airspeed measurements and will make wind speed estimates less noisy and slower to converge. Increasing also increases navigation errors when dead-reckoning without GPS measurements.,m/s,,,0.5,5.0,Advanced,,,apm.pdef.json
EK3_ENABLE,EK,1,True,True,,,Enable EKF3,"This enables EKF3. Enabling EKF3 only makes the maths run, it does not mean it will be used for flight control. To use it for flight control set AHRS_EKF_TYPE=3. A reboot or restart will need to be performed after changing the value of EK3_ENABLE for it to take effect.",,"0:Disabled, 1:Enabled",,,,Advanced,True,,apm.pdef.json
EK3_ERR_THRESH,EK,0.2,True,True,,,EKF3 Lane Relative Error Sensitivity Threshold,"lanes have to be consistently better than the primary by at least this threshold to reduce their overall relativeCoreError, lowering this makes lane switching more sensitive to smaller error differences",,,,0.05,1,Advanced,,,apm.pdef.json
EK3_FLOW_DELAY,EK,10,True,True,,,Optical Flow measurement delay (msec),This is the number of msec that the optical flow measurements lag behind the inertial measurements. It is the time from the end of the optical flow averaging period and does not include the time delay due to the 100msec of averaging within the flow sensor.,ms,,,0,250,Advanced,True,,apm.pdef.json
EK3_FLOW_I_GATE,EK,300,True,True,,,Optical Flow measurement gate size,This sets the percentage number of standard deviations applied to the optical flow innovation consistency check. Decreasing it makes it more likely that good measurements will be rejected. Increasing it makes it more likely that bad measurements will be accepted.,,,,100,1000,Advanced,,,apm.pdef.json
EK3_FLOW_M_NSE,EK,0.25,True,True,,,Optical flow measurement noise (rad/s),This is the RMS value of noise and errors in optical flow measurements. Increasing it reduces the weighting on these measurements.,rad/s,,,0.05,1.0,Advanced,,,apm.pdef.json
EK3_FLOW_USE,EK,1,True,True,,,Optical flow use bitmask,Controls if the optical flow data is fused into the 24-state navigation estimator OR the 1-state terrain height estimator.,,"0:None, 1:Navigation, 2:Terrain",,,,Advanced,True,,apm.pdef.json
EK3_GBIAS_P_NSE,EK,0.001,True,True,,,Rate gyro bias stability (rad/s/s),This state process noise controls growth of the gyro delta angle bias state error estimate. Increasing it makes rate gyro bias estimation faster and noisier.,rad/s/s,,,0.00001,0.001,Advanced,,,apm.pdef.json
EK3_GLITCH_RAD,EK,25,True,True,,,GPS glitch radius gate size (m),This controls the maximum radial uncertainty in position between the value predicted by the filter and the value measured by the GPS before the filter position and velocity states are reset to the GPS. Making this value larger allows the filter to ignore larger GPS glitches but also means that non-GPS errors such as IMU and compass can create a larger error in position before the filter is forced back to the GPS position. If EK3_GLITCH_RAD set to 0 the GPS innovations will be clipped instead of rejected if they exceed the gate size set by EK3_VEL_I_GATE and EK3_POS_I_GATE which can be useful if poor quality sensor data is causing GPS rejection and loss of navigation but does make the EKF more susceptible to GPS glitches. If setting EK3_GLITCH_RAD to 0 it is recommended to reduce EK3_VEL_I_GATE and EK3_POS_I_GATE to 300.,m,,,10,100,Advanced,,,apm.pdef.json
EK3_GND_EFF_DZ,EK,4,True,True,,,Baro height ground effect dead zone,This parameter sets the size of the dead zone that is applied to negative baro height spikes that can occur when taking off or landing when a vehicle with lift rotors is operating in ground effect ground effect. Set to about 0.5m less than the amount of negative offset in baro height that occurs just prior to takeoff when lift motors are spooling up. Set to 0 if no ground effect is present.,,,,0.0,10.0,Advanced,,,apm.pdef.json
EK3_GPS_CHECK,EK,31,True,True,,,GPS preflight check,"This is a 1 byte bitmap controlling which GPS preflight checks are performed. Set to 0 to bypass all checks. Set to 255 perform all checks. Set to 3 to check just the number of satellites and HDoP. Set to 31 for the most rigorous checks that will still allow checks to pass when the copter is moving, eg launch from a boat.",,,"0:NSats, 1:HDoP, 2:speed error, 3:position error, 4:yaw error, 5:pos drift, 6:vert speed, 7:horiz speed",,,Advanced,,,apm.pdef.json
EK3_GPS_VACC_MAX,EK,0,True,True,,,GPS vertical accuracy threshold,"Vertical accuracy threshold for GPS as the altitude source. The GPS will not be used as an altitude source if the reported vertical accuracy of the GPS is larger than this threshold, falling back to baro instead. Set to zero to deactivate the threshold check.",m,,,0.0,10.0,Advanced,,,apm.pdef.json
EK3_GSF_RST_MAX,EK,2,True,True,,,Maximum number of resets to the EKF-GSF yaw estimate allowed,Sets the maximum number of times the EKF3 will be allowed to reset its yaw to the estimate from the EKF-GSF yaw estimator. No resets will be allowed unless the use of the EKF-GSF yaw estimate is enabled via the EK3_GSF_USE_MASK parameter.,,,,1,10,Advanced,True,,apm.pdef.json
EK3_GSF_RUN_MASK,EK,3,True,True,,,Bitmask of which EKF-GSF yaw estimators run,"1 byte bitmap of which EKF3 instances run an independant EKF-GSF yaw estimator to provide a backup yaw estimate that doesn't rely on magnetometer data. This estimator uses IMU, GPS and, if available, airspeed data. EKF-GSF yaw estimator data for the primary EKF3 instance will be logged as GSF0 and GSF1 messages. Use of the yaw estimate generated by this algorithm is controlled by the EK3_GSF_USE_MASK and EK3_GSF_RST_MAX parameters. To run the EKF-GSF yaw estimator in ride-along and logging only, set EK3_GSF_USE to 0.",,,"0:FirstEKF, 1:SecondEKF, 2:ThirdEKF, 3:FourthEKF, 4:FifthEKF, 5:SixthEKF",,,Advanced,True,,apm.pdef.json
EK3_GSF_USE_MASK,EK,3,True,True,,,Bitmask of which EKF-GSF yaw estimators are used,"A bitmask of which EKF3 instances will use the output from the EKF-GSF yaw estimator that has been turned on by the EK3_GSF_RUN_MASK parameter. If the inertial navigation calculation stops following the GPS, then the vehicle code can request EKF3 to attempt to resolve the issue, either by performing a yaw reset if enabled by this parameter by switching to another EKF3 instance.",,,"0:FirstEKF, 1:SecondEKF, 2:ThirdEKF, 3:FourthEKF, 4:FifthEKF, 5:SixthEKF",,,Advanced,True,,apm.pdef.json
EK3_GYRO_P_NSE,EK,0.015,True,True,,,Rate gyro noise (rad/s),This control disturbance noise controls the growth of estimated error due to gyro measurement errors excluding bias. Increasing it makes the flter trust the gyro measurements less and other measurements more.,rad/s,,,0.0001,0.1,Advanced,,,apm.pdef.json
EK3_HGT_DELAY,EK,60,True,True,,,Height measurement delay (msec),This is the number of msec that the Height measurements lag behind the inertial measurements.,ms,,,0,250,Advanced,True,,apm.pdef.json
EK3_HGT_I_GATE,EK,500,True,True,,,Height measurement gate size,This sets the percentage number of standard deviations applied to the height measurement innovation consistency check. Decreasing it makes it more likely that good measurements will be rejected. Increasing it makes it more likely that bad measurements will be accepted. If EK3_GLITCH_RAD set to 0 the vertical position innovations will be clipped instead of rejected if they exceed the gate size and a smaller value of EK3_HGT_I_GATE not exceeding 300 is recommended to limit the effect of height sensor transient errors.,,,,100,1000,Advanced,,,apm.pdef.json
EK3_HRT_FILT,EK,2,True,True,,,Height rate filter crossover frequency,Specifies the crossover frequency of the complementary filter used to calculate the output predictor height rate derivative.,Hz,,,0.1,30.0,,,,apm.pdef.json
EK3_IMU_MASK,EK,7,True,True,,,Bitmask of active IMUs,"1 byte bitmap of IMUs to use in EKF3. A separate instance of EKF3 will be started for each IMU selected. Set to 1 to use the first IMU only (default), set to 2 to use the second IMU only, set to 3 to use the first and second IMU. Additional IMU's can be used up to a maximum of 6 if memory and processing resources permit. There may be insufficient memory and processing resources to run multiple instances. If this occurs EKF3 will fail to start.",,,"0:FirstIMU, 1:SecondIMU, 2:ThirdIMU, 3:FourthIMU, 4:FifthIMU, 5:SixthIMU",,,Advanced,True,,apm.pdef.json
EK3_LOG_LEVEL,EK,0,True,True,,,Logging Level,"Determines how verbose the EKF3 streaming logging is. A value of 0 provides full logging(default), a value of 1 only XKF4 scaled innovations are logged, a value of 2 both XKF4 and GSF are logged, and a value of 3 disables all streaming logging of EKF3.",,,,0,3,Advanced,,,apm.pdef.json
EK3_MAGB_P_NSE,EK,0.0001,True,True,,,Body magnetic field process noise (gauss/s),This state process noise controls the growth of body magnetic field state error estimates. Increasing it makes magnetometer bias error estimation faster and noisier.,Gauss/s,,,0.00001,0.01,Advanced,,,apm.pdef.json
EK3_MAGE_P_NSE,EK,0.001,True,True,,,Earth magnetic field process noise (gauss/s),This state process noise controls the growth of earth magnetic field state error estimates. Increasing it makes earth magnetic field estimation faster and noisier.,Gauss/s,,,0.00001,0.01,Advanced,,,apm.pdef.json
EK3_MAG_CAL,EK,3,False,True,,,Magnetometer default fusion mode,"This determines when the filter will use the 3-axis magnetometer fusion model that estimates both earth and body fixed magnetic field states and when it will use a simpler magnetic heading fusion model that does not use magnetic field states. The 3-axis magnetometer fusion is only suitable for use when the external magnetic field environment is stable. EK3_MAG_CAL = 0 uses heading fusion on ground, 3-axis fusion in-flight, and is the default setting for Plane users. EK3_MAG_CAL = 1 uses 3-axis fusion only when manoeuvring. EK3_MAG_CAL = 2 uses heading fusion at all times, is recommended if the external magnetic field is varying and is the default for rovers. EK3_MAG_CAL = 3 uses heading fusion on the ground and 3-axis fusion after the first in-air field and yaw reset has completed, and is the default for copters. EK3_MAG_CAL = 4 uses 3-axis fusion at all times. EK3_MAG_CAL = 5 uses an external yaw sensor with simple heading fusion. NOTE : Use of simple heading magnetometer fusion makes vehicle compass calibration and alignment errors harder for the EKF to detect which reduces the sensitivity of the Copter EKF failsafe algorithm. NOTE: The fusion mode can be forced to 2 for specific EKF cores using the EK3_MAG_MASK parameter. EK3_MAG_CAL = 6 uses an external yaw sensor with fallback to compass when the external sensor is not available if we are flying. NOTE: The fusion mode can be forced to 2 for specific EKF cores using the EK3_MAG_MASK parameter. NOTE: limited operation without a magnetometer or any other yaw sensor is possible by setting all COMPASS_USE, COMPASS_USE2, COMPASS_USE3, etc parameters to 0 and setting COMPASS_ENABLE to 0. If this is done, the EK3_GSF_RUN and EK3_GSF_USE masks must be set to the same as EK3_IMU_MASK. A yaw angle derived from IMU and GPS velocity data using a Gaussian Sum Filter (GSF) will then be used to align the yaw when flight commences and there is sufficient movement.",,"0:When flying, 1:When manoeuvring, 2:Never, 3:After first climb yaw reset, 4:Always, 5:Use external yaw sensor (Deprecated in 4.1+ see EK3_SRCn_YAW), 6:External yaw sensor with compass fallback (Deprecated in 4.1+ see EK3_SRCn_YAW)",,,,Advanced,True,,apm.pdef.json
EK3_MAG_EF_LIM,EK,50,True,True,,,EarthField error limit,This limits the difference between the learned earth magnetic field and the earth field from the world magnetic model tables. A value of zero means to disable the use of the WMM tables.,mGauss,,,0,500,Advanced,,,apm.pdef.json
EK3_MAG_I_GATE,EK,300,True,True,,,Magnetometer measurement gate size,This sets the percentage number of standard deviations applied to the magnetometer measurement innovation consistency check. Decreasing it makes it more likely that good measurements will be rejected. Increasing it makes it more likely that bad measurements will be accepted.,,,,100,1000,Advanced,,,apm.pdef.json
EK3_MAG_MASK,EK,0,True,True,,,Bitmask of active EKF cores that will always use heading fusion,1 byte bitmap of EKF cores that will disable magnetic field states and use simple magnetic heading fusion at all times. This parameter enables specified cores to be used as a backup for flight into an environment with high levels of external magnetic interference which may degrade the EKF attitude estimate when using 3-axis magnetometer fusion. NOTE : Use of a different magnetometer fusion algorithm on different cores makes unwanted EKF core switches due to magnetometer errors more likely.,,,"0:FirstEKF, 1:SecondEKF, 2:ThirdEKF, 3:FourthEKF, 4:FifthEKF, 5:SixthEKF",,,Advanced,True,,apm.pdef.json
EK3_MAG_M_NSE,EK,0.05,True,True,,,Magnetometer measurement noise (Gauss),This is the RMS value of noise in magnetometer measurements. Increasing it reduces the weighting on these measurements.,Gauss,,,0.01,0.5,Advanced,,,apm.pdef.json
EK3_MAX_FLOW,EK,2.5,True,True,,,Maximum valid optical flow rate,This sets the magnitude maximum optical flow rate in rad/sec that will be accepted by the filter,rad/s,,,1.0,4.0,Advanced,,,apm.pdef.json
EK3_NOAID_M_NSE,EK,10,True,True,,,Non-GPS operation position uncertainty (m),This sets the amount of position variation that the EKF allows for when operating without external measurements (eg GPS or optical flow). Increasing this parameter makes the EKF attitude estimate less sensitive to vehicle manoeuvres but more sensitive to IMU errors.,m,,,0.5,50.0,Advanced,,,apm.pdef.json
EK3_OGNM_TEST_SF,EK,2,True,True,,,On ground not moving test scale factor,"This parameter is adjust the sensitivity of the on ground not moving test which is used to assist with learning the yaw gyro bias and stopping yaw drift before flight when operating without a yaw sensor. Bigger values allow the detection of a not moving condition with noiser IMU data. Check the XKFM data logged when the vehicle is on ground not moving and adjust the value of OGNM_TEST_SF to be slightly higher than the maximum value of the XKFM.ADR, XKFM.ALR, XKFM.GDR and XKFM.GLR test levels.",,,,1.0,10.0,Advanced,,,apm.pdef.json
EK3_OGN_HGT_MASK,EK,0,True,True,,,Bitmask control of EKF reference height correction,"When a height sensor other than GPS is used as the primary height source by the EKF, the position of the zero height datum is defined by that sensor and its frame of reference. If a GPS height measurement is also available, then the height of the WGS-84 height datum used by the EKF can be corrected so that the height returned by the getLLH() function is compensated for primary height sensor drift and change in datum over time. The first two bit positions control when the height datum will be corrected. Correction is performed using a Bayes filter and only operates when GPS quality permits. The third bit position controls where the corrections to the GPS reference datum are applied. Corrections can be applied to the local vertical position or to the reported EKF origin height (default).",,,"0:Correct when using Baro height, 1:Correct when using range finder height, 2:Apply corrections to local position",,,Advanced,True,,apm.pdef.json
EK3_OPTIONS,EK,0,True,True,,,Optional EKF behaviour,This controls optional EKF behaviour. Setting JammingExpected will change the EKF nehaviour such that if dead reckoning navigation is possible it will require the preflight alignment GPS quality checks controlled by EK3_GPS_CHECK and EK3_CHECK_SCALE to pass before resuming GPS use if GPS lock is lost for more than 2 seconds to prevent bad,,,0:JammingExpected,,,Advanced,,,apm.pdef.json
EK3_POSNE_M_NSE,EK,0.5,True,True,,,GPS horizontal position measurement noise (m),This sets the GPS horizontal position observation noise. Increasing it reduces the weighting of GPS horizontal position measurements.,m,,,0.1,10.0,Advanced,,,apm.pdef.json
EK3_POS_I_GATE,EK,500,True,True,,,GPS position measurement gate size,This sets the percentage number of standard deviations applied to the GPS position measurement innovation consistency check. Decreasing it makes it more likely that good measurements will be rejected. Increasing it makes it more likely that bad measurements will be accepted. If EK3_GLITCH_RAD has been set to 0 the horizontal position innovations will be clipped instead of rejected if they exceed the gate size so a smaller value of EK3_POS_I_GATE not exceeding 300 is recommended to limit the effect of GPS transient errors.,,,,100,1000,Advanced,,,apm.pdef.json
EK3_PRIMARY,EK,0,True,True,,,Primary core number,The core number (index in IMU mask) that will be used as the primary EKF core on startup. While disarmed the EKF will force the use of this core. A value of 0 corresponds to the first IMU in EK3_IMU_MASK.,,,,0,2,Advanced,,,apm.pdef.json
EK3_RNG_I_GATE,EK,500,True,True,,,Range finder measurement gate size,This sets the percentage number of standard deviations applied to the range finder innovation consistency check. Decreasing it makes it more likely that good measurements will be rejected. Increasing it makes it more likely that bad measurements will be accepted.,,,,100,1000,Advanced,,,apm.pdef.json
EK3_RNG_M_NSE,EK,0.5,True,True,,,Range finder measurement noise (m),This is the RMS value of noise in the range finder measurement. Increasing it reduces the weighting on this measurement.,m,,,0.1,10.0,Advanced,,,apm.pdef.json
EK3_RNG_USE_HGT,EK,-1,True,True,,,Range finder switch height percentage,"Range finder can be used as the primary height source when below this percentage of its maximum range (see RNGFNDx_MAX_CM) and the primary height source is Baro or GPS (see EK3_SRCx_POSZ). This feature should not be used for terrain following as it is designed for vertical takeoff and landing with climb above the range finder use height before commencing the mission, and with horizontal position changes below that height being limited to a flat region around the takeoff and landing point.",%,,,-1,70,Advanced,,,apm.pdef.json
EK3_RNG_USE_SPD,EK,2,True,True,,,Range finder max ground speed,The range finder will not be used as the primary height source when the horizontal ground speed is greater than this value.,m/s,,,2.0,6.0,Advanced,,,apm.pdef.json
EK3_SRC1_POSXY,EK,3,True,True,,,Position Horizontal Source (Primary),Position Horizontal Source (Primary),,"0:None, 3:GPS, 4:Beacon, 6:ExternalNav",,,,Advanced,,,apm.pdef.json
EK3_SRC1_POSZ,EK,3,False,True,,,Position Vertical Source,Position Vertical Source,,"0:None, 1:Baro, 2:RangeFinder, 3:GPS, 4:Beacon, 6:ExternalNav",,,,Advanced,,,apm.pdef.json
EK3_SRC1_VELXY,EK,3,True,True,,,Velocity Horizontal Source,Velocity Horizontal Source,,"0:None, 3:GPS, 4:Beacon, 5:OpticalFlow, 6:ExternalNav, 7:WheelEncoder",,,,Advanced,,,apm.pdef.json
EK3_SRC1_VELZ,EK,3,True,True,,,Velocity Vertical Source,Velocity Vertical Source,,"0:None, 3:GPS, 4:Beacon, 6:ExternalNav",,,,Advanced,,,apm.pdef.json
EK3_SRC1_YAW,EK,1,True,True,,,Yaw Source,Yaw Source,,"0:None, 1:Compass, 2:GPS, 3:GPS with Compass Fallback, 6:ExternalNav, 8:GSF",,,,Advanced,,,apm.pdef.json
EK3_SRC2_POSXY,EK,0,True,True,,,Position Horizontal Source (Secondary),Position Horizontal Source (Secondary),,"0:None, 3:GPS, 4:Beacon, 6:ExternalNav",,,,Advanced,,,apm.pdef.json
EK3_SRC2_POSZ,EK,1,False,True,,,Position Vertical Source (Secondary),Position Vertical Source (Secondary),,"0:None, 1:Baro, 2:RangeFinder, 3:GPS, 4:Beacon, 6:ExternalNav",,,,Advanced,,,apm.pdef.json
EK3_SRC2_VELXY,EK,0,True,True,,,Velocity Horizontal Source (Secondary),Velocity Horizontal Source (Secondary),,"0:None, 3:GPS, 4:Beacon, 5:OpticalFlow, 6:ExternalNav, 7:WheelEncoder",,,,Advanced,,,apm.pdef.json
EK3_SRC2_VELZ,EK,0,True,True,,,Velocity Vertical Source (Secondary),Velocity Vertical Source (Secondary),,"0:None, 3:GPS, 4:Beacon, 6:ExternalNav",,,,Advanced,,,apm.pdef.json
EK3_SRC2_YAW,EK,0,True,True,,,Yaw Source (Secondary),Yaw Source (Secondary),,"0:None, 1:Compass, 2:GPS, 3:GPS with Compass Fallback, 6:ExternalNav, 8:GSF",,,,Advanced,,,apm.pdef.json
EK3_SRC3_POSXY,EK,0,True,True,,,Position Horizontal Source (Tertiary),Position Horizontal Source (Tertiary),,"0:None, 3:GPS, 4:Beacon, 6:ExternalNav",,,,Advanced,,,apm.pdef.json
EK3_SRC3_POSZ,EK,1,False,True,,,Position Vertical Source (Tertiary),Position Vertical Source (Tertiary),,"0:None, 1:Baro, 2:RangeFinder, 3:GPS, 4:Beacon, 6:ExternalNav",,,,Advanced,,,apm.pdef.json
EK3_SRC3_VELXY,EK,0,True,True,,,Velocity Horizontal Source (Tertiary),Velocity Horizontal Source (Tertiary),,"0:None, 3:GPS, 4:Beacon, 5:OpticalFlow, 6:ExternalNav, 7:WheelEncoder",,,,Advanced,,,apm.pdef.json
EK3_SRC3_VELZ,EK,0,True,True,,,Velocity Vertical Source (Tertiary),Velocity Vertical Source (Tertiary),,"0:None, 3:GPS, 4:Beacon, 6:ExternalNav",,,,Advanced,,,apm.pdef.json
EK3_SRC3_YAW,EK,0,True,True,,,Yaw Source (Tertiary),Yaw Source (Tertiary),,"0:None, 1:Compass, 2:GPS, 3:GPS with Compass Fallback, 6:ExternalNav, 8:GSF",,,,Advanced,,,apm.pdef.json
EK3_SRC_OPTIONS,EK,1,True,True,,,EKF Source Options,EKF Source Options,,,"0:FuseAllVelocities, 1:AlignExtNavPosWhenUsingOptFlow",,,Advanced,,,apm.pdef.json
EK3_TAU_OUTPUT,EK,25,True,True,,,Output complementary filter time constant (centi-sec),Sets the time constant of the output complementary filter/predictor in centi-seconds.,cs,,,10,50,Advanced,,,apm.pdef.json
EK3_TERR_GRAD,EK,0.1,True,True,,,Maximum terrain gradient,Specifies the maximum gradient of the terrain below the vehicle when it is using range finder as a height reference,,,,0,0.2,Advanced,,,apm.pdef.json
EK3_VELD_M_NSE,EK,0.5,True,True,,,GPS vertical velocity measurement noise (m/s),"This sets a lower limit on the speed accuracy reported by the GPS receiver that is used to set vertical velocity observation noise. If the model of receiver used does not provide a speed accurcy estimate, then the parameter value will be used. Increasing it reduces the weighting of the GPS vertical velocity measurements.",m/s,,,0.05,5.0,Advanced,,,apm.pdef.json
EK3_VELNE_M_NSE,EK,0.3,True,True,,,GPS horizontal velocity measurement noise (m/s),"This sets a lower limit on the speed accuracy reported by the GPS receiver that is used to set horizontal velocity observation noise. If the model of receiver used does not provide a speed accurcy estimate, then the parameter value will be used. Increasing it reduces the weighting of the GPS horizontal velocity measurements.",m/s,,,0.05,5.0,Advanced,,,apm.pdef.json
EK3_VEL_I_GATE,EK,500,True,True,,,GPS velocity innovation gate size,This sets the percentage number of standard deviations applied to the GPS velocity measurement innovation consistency check. Decreasing it makes it more likely that good measurements will be rejected. Increasing it makes it more likely that bad measurements will be accepted. If EK3_GLITCH_RAD set to 0 the velocity innovations will be clipped instead of rejected if they exceed the gate size and a smaller value of EK3_VEL_I_GATE not exceeding 300 is recommended to limit the effect of GPS transient errors.,,,,100,1000,Advanced,,,apm.pdef.json
EK3_VIS_VERR_MAX,EK,0.9,True,True,,,Visual odometry maximum velocity error,"This is the 1-STD odometry velocity observation error that will be assumed when minimum quality is reported by the sensor. When quality is between max and min, the error will be calculated using linear interpolation between VIS_VERR_MIN and VIS_VERR_MAX.",m/s,,,0.5,5.0,Advanced,,,apm.pdef.json
EK3_VIS_VERR_MIN,EK,0.1,True,True,,,Visual odometry minimum velocity error,"This is the 1-STD odometry velocity observation error that will be assumed when maximum quality is reported by the sensor. When quality is between max and min, the error will be calculated using linear interpolation between VIS_VERR_MIN and VIS_VERR_MAX.",m/s,,,0.05,0.5,Advanced,,,apm.pdef.json
EK3_WENC_VERR,EK,0.1,True,True,,,Wheel odometry velocity error,This is the 1-STD odometry velocity observation error that will be assumed when wheel encoder data is being fused.,m/s,,,0.01,1.0,Advanced,,,apm.pdef.json
EK3_WIND_PSCALE,EK,1,True,True,,,Height rate to wind process noise scaler,"This controls how much the process noise on the wind states is increased when gaining or losing altitude to take into account changes in wind speed and direction with altitude. Increasing this parameter increases how rapidly the wind states adapt when changing altitude, but does make wind velocity estimation noiser.",,,,0.0,2.0,Advanced,,,apm.pdef.json
EK3_WIND_P_NSE,EK,0.2,True,True,,,Wind velocity process noise (m/s^2),This state process noise controls the growth of wind state error estimates. Increasing it makes wind estimation faster and noisier.,m/s/s,,,0.01,2.0,Advanced,,,apm.pdef.json
EK3_YAW_I_GATE,EK,300,True,True,,,Yaw measurement gate size,This sets the percentage number of standard deviations applied to the magnetometer yaw measurement innovation consistency check. Decreasing it makes it more likely that good measurements will be rejected. Increasing it makes it more likely that bad measurements will be accepted.,,,,100,1000,Advanced,,,apm.pdef.json
EK3_YAW_M_NSE,EK,0.5,True,True,,,Yaw measurement noise (rad),This is the RMS value of noise in yaw measurements from the magnetometer. Increasing it reduces the weighting on these measurements.,rad,,,0.05,1.0,Advanced,,,apm.pdef.json
ESC_CALIBRATION,ESC,0,True,True,,,ESC Calibration,Controls whether ArduCopter will enter ESC calibration on the next restart. Do not adjust this parameter manually.,,"0:Normal Start-up, 1:Start-up in ESC Calibration mode if throttle high, 2:Start-up in ESC Calibration mode regardless of throttle, 3:Start-up and automatically calibrate ESCs, 9:Disabled",,,,Advanced,,,apm.pdef.json
ESC_TLM_MAV_OFS,ESC,0,True,True,,,ESC Telemetry mavlink offset,Offset to apply to ESC numbers when reporting as ESC_TELEMETRY packets over MAVLink. This allows high numbered motors to be displayed as low numbered ESCs for convenience on GCS displays. A value of 4 would send ESC on output 5 as ESC number 1 in ESC_TELEMETRY packets,,,,0,31,Standard,,,apm.pdef.json
FENCE_ACTION,FENCE,1,False,True,,,Fence Action,What action should be taken when fence is breached,,"0:Report Only, 1:RTL or Land, 2:Always Land, 3:SmartRTL or RTL or Land, 4:Brake or Land, 5:SmartRTL or Land",,,,Standard,,,apm.pdef.json
FENCE_ALT_MAX,FENCE,140,False,True,,,Fence Maximum Altitude,Maximum altitude allowed before geofence triggers,m,,,10,1000,Standard,,,apm.pdef.json
FENCE_ALT_MIN,FENCE,-10,False,True,,,Fence Minimum Altitude,Minimum altitude allowed before geofence triggers,m,,,-100,100,Standard,,,apm.pdef.json
FENCE_AUTOENABLE,FENCE,0,False,True,,,Fence Auto-Enable,"Auto-enable of fences. AutoEnableOnTakeoff enables all configured fences, except the minimum altitude fence (which is enabled when the minimum altitude is reached), after autotakeoffs reach altitude. During autolandings the fences will be disabled. AutoEnableDisableFloorOnLanding enables all configured fences, except the minimum altitude fence (which is enabled when the minimum altitude is reached), after autotakeoffs reach altitude. During autolandings only the Minimum Altitude fence will be disabled. AutoEnableOnlyWhenArmed enables all configured fences on arming, except the minimum altitude fence (which is enabled when the minimum altitude is reached), but no fences are disabled during autolandings. However, fence breaches are ignored while executing prior breach recovery actions which may include autolandings.",,"0:AutoEnableOff, 1:AutoEnableOnTakeoff, 2:AutoEnableDisableFloorOnLanding, 3:AutoEnableOnlyWhenArmed",,0,3,Standard,,,apm.pdef.json
FENCE_ENABLE,FENCE,1,False,True,,,Fence enable/disable,"Allows you to enable (1) or disable (0) the fence functionality. Fences can still be enabled and disabled via mavlink or an RC option, but these changes are not persisted.",,"0:Disabled, 1:Enabled",,,,Standard,,,apm.pdef.json
FENCE_MARGIN,FENCE,2,False,True,,,Fence Margin,Distance that autopilot's should maintain from the fence to avoid a breach,m,,,1,10,Standard,,,apm.pdef.json
FENCE_OPTIONS,FENCE,0,False,True,,,Fence options,"When bit 0 is set sisable mode change following fence action until fence breach is cleared. When bit 1 is set the allowable flight areas is the union of all polygon and circle fence areas instead of the intersection, which means a fence breach occurs only if you are outside all of the fence areas.",,,"0:Disable mode change following fence action until fence breach is cleared, 1:Allow union of inclusion areas",,,Standard,,,apm.pdef.json
FENCE_RADIUS,FENCE,3000,False,True,,,Circular Fence Radius,Circle fence radius which when breached will cause an RTL,m,,,30,10000,Standard,,,apm.pdef.json
FENCE_TOTAL,FENCE,,False,True,,,Fence polygon point total,Number of polygon points saved in eeprom (do not update manually),,,,1,20,Standard,,NOT SEEDED - runtime-managed; deliberately omitted from defaults.parm so a fresh board does not inherit stale state,apm.pdef.json
FENCE_TYPE,FENCE,3,False,True,,,Fence Type,"Configured fence types held as bitmask. Max altitide, Circle and Polygon fences will be immediately enabled if configured. Min altitude fence will only be enabled once the minimum altitude is reached.",,,"0:Max altitude, 1:Circle Centered on Home, 2:Inclusion/Exclusion Circles+Polygons, 3:Min altitude",,,Standard,,,apm.pdef.json
FFT_ATT_REF,FFT,15,False,True,,,FFT attenuation for bandwidth calculation,FFT attenuation level in dB for bandwidth calculation and peak detection. The bandwidth is calculated by comparing peak power output with the attenuated version. The default of 15 has shown to be a good compromise in both simulations and real flight.,,,,0,100,Advanced,,,apm.pdef.json
FFT_BW_HOVER,FFT,20,False,True,,,FFT learned bandwidth at hover,FFT learned bandwidth at hover for the attenuation frequencies.,,,,0,200,Advanced,,Learned in flight. Upstream default; distinct from INS_HNTCH_BW.,apm.pdef.json
FFT_ENABLE,FFT,0,False,True,,,Enable,Enable Gyro FFT analyser,,"0:Disabled, 1:Enabled",,,,Advanced,True,"Writable. Setting 1 and rebooting reveals the other 14 FFT_ params, which are now all seeded in defaults.parm so none appear undocumented or unlocked by surprise.",apm.pdef.json
FFT_FREQ_HOVER,FFT,50,False,True,,,FFT learned hover frequency,The learned hover noise frequency,,,,0,250,Advanced,,"Learned in flight. Seeded to 50 to match INS_HNTCH_FREQ rather than the upstream 80, so a fresh unit starts at the right model value and refines from there.",apm.pdef.json
FFT_HMNC_FIT,FFT,10,False,True,,,FFT harmonic fit frequency threshold,FFT harmonic fit frequency threshold percentage at which a signal of the appropriate frequency is determined to be the harmonic of another. Signals that have a harmonic relationship that varies at most by this percentage are considered harmonics of each other for the purpose of selecting the harmonic notch frequency. If a match is found then the lower frequency harmonic is always used as the basis for the dynamic harmonic notch. A value of zero completely disables harmonic matching.,,,,0,100,Advanced,True,,apm.pdef.json
FFT_HMNC_PEAK,FFT,0,False,True,,,FFT harmonic peak target,The FFT harmonic peak target that should be returned by FTN1.PkAvg. The resulting value will be used by the harmonic notch if configured to track the FFT frequency. By default the appropriate peak is auto-detected based on the harmonic fit between peaks and the energy-weighted average frequency on roll on pitch is used. Setting this to 1 will always target the highest energy peak. Setting this to 2 will target the highest energy peak that is lower in frequency than the highest energy peak. Setting this to 3 will target the highest energy peak that is higher in frequency than the highest energy peak. Setting this to 4 will target the highest energy peak on the roll axis only and only the roll frequency will be used (some vehicles have a much more pronounced peak on roll). Setting this to 5 will target the highest energy peak on the pitch axis only and only the pitch frequency will be used (some vehicles have a much more pronounced peak on roll).,,"0:Auto, 1:Center Frequency, 2:Lower-Shoulder Frequency, 3:Upper-Shoulder Frequency, 4:Roll-Axis, 5:Pitch-Axis",,,,Advanced,,,apm.pdef.json
FFT_MAXHZ,FFT,450,False,True,,,Maximum Frequency,Upper bound of FFT frequency detection in Hz. On smaller vehicles the maximum motor frequency is likely to be significantly higher than for larger vehicles.,Hz,,,20,495,Advanced,,"Left at the upstream 450. Fundamental at full throttle is roughly 50 x sqrt(1.0/0.2) = 112 Hz, 2nd harmonic ~224 Hz, so there is ample headroom. Narrow it after reviewing real FFT logs to cut false peaks.",apm.pdef.json
FFT_MINHZ,FFT,35,False,True,,,Minimum Frequency,Lower bound of FFT frequency detection in Hz. On larger vehicles the minimum motor frequency is likely to be significantly lower than for smaller vehicles.,Hz,,,20,400,Advanced,,"Set to 35 rather than the upstream 50: INS_HNTCH_FREQ 50 x INS_HNTCH_FM_RAT 0.7 = 35 Hz notch floor, so 50 would miss motor frequencies below hover on this airframe.",apm.pdef.json
FFT_NUM_FRAMES,FFT,0,True,True,,,FFT output frames to retain and average,Number of output frequency frames to retain and average in order to calculate final frequencies. Averaging output frames can drastically reduce noise and jitter at the cost of latency as long as the input is stable. The default is to perform no averaging. For rapidly changing frequencies (e.g. smaller aircraft) fewer frames should be averaged.,,,,0,8,Advanced,True,"READONLY: frame averaging, affects CPU cost and latency.",apm.pdef.json
FFT_OPTIONS,FFT,0,True,True,,,FFT options,"FFT configuration options. Values: 1:Apply the FFT *after* the filter bank,2:Check noise at the motor frequencies using ESC data as a reference",,,"0:Enable post-filter FFT, 1:Check motor noise",,,Advanced,True,READONLY: changes where the FFT sits relative to the filter bank.,apm.pdef.json
FFT_SAMPLE_MODE,FFT,0,True,True,,,Sample Mode,"Sampling mode (and therefore rate). 0: Gyro rate sampling, 1: Fast loop rate sampling, 2: Fast loop rate / 2 sampling, 3: Fast loop rate / 3 sampling. Takes effect on reboot.",,,,0,4,Advanced,True,"READONLY: changes the sampling rate the FFT runs at, and therefore CPU load.",apm.pdef.json
FFT_SNR_REF,FFT,25,False,True,,,FFT SNR reference threshold,FFT SNR reference threshold in dB at which a signal is determined to be present.,,,,0.0,100.0,Advanced,,,apm.pdef.json
FFT_THR_REF,FFT,0.2,False,True,,,FFT learned thrust reference,FFT learned thrust reference for the hover frequency and FFT minimum frequency.,,,,0.01,0.9,Advanced,,Learned in flight. Seeded to 0.2 to match MOT_THST_HOVER (0.201434) and INS_HNTCH_REF rather than the upstream 0.35.,apm.pdef.json
FFT_WINDOW_OLAP,FFT,0.75,True,True,,,FFT window overlap,Percentage of window to be overlapped before another frame is process. Takes effect on reboot. A good default is 50% overlap. Higher overlap results in more processed frames but not necessarily more temporal resolution. Lower overlap results in lost information at the frame edges.,,,,0,0.9,Advanced,True,READONLY: drives FFT CPU cost. 0.75 is the ArduPilot STM32H7 default.,apm.pdef.json
FFT_WINDOW_SIZE,FFT,64,True,True,,,FFT window size,"Size of window to be used in FFT calculations. Takes effect on reboot. Must be a power of 2 and between 32 and 512. Larger windows give greater frequency resolution but poorer time resolution, consume more CPU time and may not be appropriate for all vehicles. Time and frequency resolution are given by the sample-rate / window-size. Windows of 256 are only really recommended for F7 class boards, windows of 512 or more H7 class.",,,,32,1024,Advanced,True,READONLY: drives FFT CPU cost. 64 is the ArduPilot STM32H7 default.,apm.pdef.json
FILT1_TYPE,FILT,0,True,True,,,Filter Type,Filter Type,,"0:Disable, 1:Notch Filter",,,,Standard,True,,apm.pdef.json
FILT2_TYPE,FILT,0,True,True,,,Filter Type,Filter Type,,"0:Disable, 1:Notch Filter",,,,Standard,True,,apm.pdef.json
FILT3_TYPE,FILT,0,True,True,,,Filter Type,Filter Type,,"0:Disable, 1:Notch Filter",,,,Standard,True,,apm.pdef.json
FILT4_TYPE,FILT,0,True,True,,,Filter Type,Filter Type,,"0:Disable, 1:Notch Filter",,,,Standard,True,,apm.pdef.json
FILT5_TYPE,FILT,0,True,True,,,Filter Type,Filter Type,,"0:Disable, 1:Notch Filter",,,,Standard,True,,apm.pdef.json
FILT6_TYPE,FILT,0,True,True,,,Filter Type,Filter Type,,"0:Disable, 1:Notch Filter",,,,Standard,True,,apm.pdef.json
FILT7_TYPE,FILT,0,True,True,,,Filter Type,Filter Type,,"0:Disable, 1:Notch Filter",,,,Standard,True,,apm.pdef.json
FILT8_TYPE,FILT,0,True,True,,,Filter Type,Filter Type,,"0:Disable, 1:Notch Filter",,,,Standard,True,,apm.pdef.json
FLIGHT_OPTIONS,FLIGHT,0,True,True,,,Flight mode options,Flight mode specific options,,,"0:Disable thrust loss check, 1:Disable yaw imbalance warning, 2:Release gripper on thrust loss",,,Advanced,,,apm.pdef.json
FLOW_TYPE,FLOW,0,True,True,,,Optical flow sensor type,Optical flow sensor type,,"0:None, 1:PX4Flow, 2:Pixart, 3:Bebop, 4:CXOF, 5:MAVLink, 6:DroneCAN, 7:MSP, 8:UPFLOW",,,,Standard,True,,apm.pdef.json
FLTMODE1,FLTMODE1,0,True,True,,,Flight Mode 1,Flight mode when pwm of Flightmode channel(FLTMODE_CH) is <= 1230,,"0:Stabilize, 1:Acro, 2:AltHold, 3:Auto, 4:Guided, 5:Loiter, 6:RTL, 7:Circle, 9:Land, 11:Drift, 13:Sport, 14:Flip, 15:AutoTune, 16:PosHold, 17:Brake, 18:Throw, 19:Avoid_ADSB, 20:Guided_NoGPS, 21:Smart_RTL, 22:FlowHold, 23:Follow, 24:ZigZag, 25:SystemID, 26:Heli_Autorotate, 27:Auto RTL, 28:Turtle",,,,Standard,,,apm.pdef.json
FLTMODE2,FLTMODE2,0,True,True,,,Flight Mode 2,"Flight mode when pwm of Flightmode channel(FLTMODE_CH) is >1230, <= 1360",,"0:Stabilize, 1:Acro, 2:AltHold, 3:Auto, 4:Guided, 5:Loiter, 6:RTL, 7:Circle, 9:Land, 11:Drift, 13:Sport, 14:Flip, 15:AutoTune, 16:PosHold, 17:Brake, 18:Throw, 19:Avoid_ADSB, 20:Guided_NoGPS, 21:Smart_RTL, 22:FlowHold, 23:Follow, 24:ZigZag, 25:SystemID, 26:Heli_Autorotate, 27:Auto RTL, 28:Turtle",,,,Standard,,,apm.pdef.json
FLTMODE3,FLTMODE3,0,True,True,,,Flight Mode 3,"Flight mode when pwm of Flightmode channel(FLTMODE_CH) is >1360, <= 1490",,"0:Stabilize, 1:Acro, 2:AltHold, 3:Auto, 4:Guided, 5:Loiter, 6:RTL, 7:Circle, 9:Land, 11:Drift, 13:Sport, 14:Flip, 15:AutoTune, 16:PosHold, 17:Brake, 18:Throw, 19:Avoid_ADSB, 20:Guided_NoGPS, 21:Smart_RTL, 22:FlowHold, 23:Follow, 24:ZigZag, 25:SystemID, 26:Heli_Autorotate, 27:Auto RTL, 28:Turtle",,,,Standard,,,apm.pdef.json
FLTMODE4,FLTMODE4,0,True,True,,,Flight Mode 4,"Flight mode when pwm of Flightmode channel(FLTMODE_CH) is >1490, <= 1620",,"0:Stabilize, 1:Acro, 2:AltHold, 3:Auto, 4:Guided, 5:Loiter, 6:RTL, 7:Circle, 9:Land, 11:Drift, 13:Sport, 14:Flip, 15:AutoTune, 16:PosHold, 17:Brake, 18:Throw, 19:Avoid_ADSB, 20:Guided_NoGPS, 21:Smart_RTL, 22:FlowHold, 23:Follow, 24:ZigZag, 25:SystemID, 26:Heli_Autorotate, 27:Auto RTL, 28:Turtle",,,,Standard,,,apm.pdef.json
FLTMODE5,FLTMODE5,0,True,True,,,Flight Mode 5,"Flight mode when pwm of Flightmode channel(FLTMODE_CH) is >1620, <= 1749",,"0:Stabilize, 1:Acro, 2:AltHold, 3:Auto, 4:Guided, 5:Loiter, 6:RTL, 7:Circle, 9:Land, 11:Drift, 13:Sport, 14:Flip, 15:AutoTune, 16:PosHold, 17:Brake, 18:Throw, 19:Avoid_ADSB, 20:Guided_NoGPS, 21:Smart_RTL, 22:FlowHold, 23:Follow, 24:ZigZag, 25:SystemID, 26:Heli_Autorotate, 27:Auto RTL, 28:Turtle",,,,Standard,,,apm.pdef.json
FLTMODE6,FLTMODE6,0,True,True,,,Flight Mode 6,Flight mode when pwm of Flightmode channel(FLTMODE_CH) is >=1750,,"0:Stabilize, 1:Acro, 2:AltHold, 3:Auto, 4:Guided, 5:Loiter, 6:RTL, 7:Circle, 9:Land, 11:Drift, 13:Sport, 14:Flip, 15:AutoTune, 16:PosHold, 17:Brake, 18:Throw, 19:Avoid_ADSB, 20:Guided_NoGPS, 21:Smart_RTL, 22:FlowHold, 23:Follow, 24:ZigZag, 25:SystemID, 26:Heli_Autorotate, 27:Auto RTL, 28:Turtle",,,,Standard,,,apm.pdef.json
FLTMODE_CH,FLTMODE,0,True,True,,,Flightmode channel,RC Channel to use for flight mode control,,"0:Disabled, 5:Channel5, 6:Channel6, 7:Channel7, 8:Channel8, 9:Channel9, 10:Channel 10, 11:Channel 11, 12:Channel 12, 13:Channel 13, 14:Channel 14, 15:Channel 15",,,,Advanced,,,apm.pdef.json
FLTMODE_GCSBLOCK,FLTMODE,0,True,True,,,Flight mode block from GCS,Bitmask of flight modes to disable for GCS selection. Mode can still be accessed via RC or failsafe.,,,"0:Stabilize, 1:Acro, 2:AltHold, 3:Auto, 4:Guided, 5:Loiter, 6:Circle, 7:Drift, 8:Sport, 9:Flip, 10:AutoTune, 11:PosHold, 12:Brake, 13:Throw, 14:Avoid_ADSB, 15:Guided_NoGPS, 16:Smart_RTL, 17:FlowHold, 18:Follow, 19:ZigZag, 20:SystemID, 21:Heli_Autorotate, 22:Auto RTL, 23:Turtle",,,Standard,,,apm.pdef.json
FORMAT_VERSION,FORMAT,,False,True,,,Eeprom format version number,This value is incremented when changes are made to the eeprom format,,,,,,Advanced,,NOT SEEDED - runtime-managed; deliberately omitted from defaults.parm so a fresh board does not inherit stale state,apm.pdef.json
FRAME_CLASS,FRAME,1,True,True,,,Frame Class,Controls major frame class for multicopter component,,"0:Undefined, 1:Quad, 2:Hexa, 3:Octa, 4:OctaQuad, 5:Y6, 6:Heli, 7:Tri, 8:SingleCopter, 9:CoaxCopter, 10:BiCopter, 11:Heli_Dual, 12:DodecaHexa, 13:HeliQuad, 14:Deca, 15:Scripting Matrix, 16:6DoF Scripting, 17:Dynamic Scripting Matrix",,,,Standard,True,,apm.pdef.json
FRAME_TYPE,FRAME,1,True,True,,,"Frame Type (+, X, V, etc)",Controls motor mixing for multicopters. Not used for Tri or Traditional Helicopters.,,"0:Plus, 1:X, 2:V, 3:H, 4:V-Tail, 5:A-Tail, 10:Y6B, 11:Y6F, 12:BetaFlightX, 13:DJIX, 14:ClockwiseX, 15:I, 18:BetaFlightXReversed, 19:Y4",,,,Standard,True,,apm.pdef.json
FRSKY_DNLINK1_ID,FRSKY,20,True,True,,,First downlink sensor id,Change the first extra downlink sensor id (SPort only),,"-1:Disable, 7:7, 8:8, 9:9, 10:10, 11:11, 12:12, 13:13, 14:14, 15:15, 16:16, 17:17, 18:18, 19:19, 20:20, 21:21, 22:22, 23:23, 24:24, 25:25, 26:26",,,,Advanced,,,apm.pdef.json
FRSKY_DNLINK2_ID,FRSKY,7,True,True,,,Second downlink sensor id,Change the second extra downlink sensor id (SPort only),,"-1:Disable, 7:7, 8:8, 9:9, 10:10, 11:11, 12:12, 13:13, 14:14, 15:15, 16:16, 17:17, 18:18, 19:19, 20:20, 21:21, 22:22, 23:23, 24:24, 25:25, 26:26",,,,Advanced,,,apm.pdef.json
FRSKY_DNLINK_ID,FRSKY,27,True,True,,,Default downlink sensor id,Change the default downlink sensor id (SPort only),,"-1:Disable, 7:7, 8:8, 9:9, 10:10, 11:11, 12:12, 13:13, 14:14, 15:15, 16:16, 17:17, 18:18, 19:19, 20:20, 21:21, 22:22, 23:23, 24:24, 25:25, 26:26, 27:27",,,,Advanced,,,apm.pdef.json
FRSKY_OPTIONS,FRSKY,0,True,True,,,FRSky Telemetry Options,A bitmask to set some FRSky Telemetry specific options,,,0:EnableAirspeedAndGroundspeed,,,Standard,,,apm.pdef.json
FRSKY_UPLINK_ID,FRSKY,13,True,True,,,Uplink sensor id,Change the uplink sensor id (SPort only),,"-1:Disable, 7:7, 8:8, 9:9, 10:10, 11:11, 12:12, 13:13, 14:14, 15:15, 16:16, 17:17, 18:18, 19:19, 20:20, 21:21, 22:22, 23:23, 24:24, 25:25, 26:26",,,,Advanced,,,apm.pdef.json
FS_CRASH_CHECK,FS,1,True,True,,,Crash check enable,This enables automatic crash checking. When enabled the motors will disarm if a crash is detected.,,"0:Disabled, 1:Enabled",,,,Advanced,,,apm.pdef.json
FS_DR_ENABLE,FS,1,True,True,,,DeadReckon Failsafe Action,Failsafe action taken immediately as deadreckoning starts. Deadreckoning starts when EKF loses position and velocity source and relies only on wind estimates,,"0:Disabled/NoAction, 1:Land, 2:RTL, 3:SmartRTL or RTL, 4:SmartRTL or Land, 6:Auto DO_LAND_START or RTL",,,,Standard,,"Land (1), changed from RTL (2). Deadreckoning propagates position on the EKF wind estimate, but drag fusion is off (EK3_DRAG_BCOEF_X/Y and EK3_DRAG_MCOEF all 0), so there is no wind observation to dead reckon against - the estimate is essentially unconstrained, not merely degraded. RTL would climb to RTL_ALT 50m and transit up to ~240m at WPNAV_SPEED 8m/s on that estimate. Note the action is bounded either way: FS_DR_TIMEOUT 30 gates ekf_has_relative_position (ArduCopter/system.cpp), so after 30s the EKF failsafe fires and FS_EKF_ACTION 1 lands it regardless - the choice is only whether to spend those 30s transiting blind. Landing keeps the aircraft near the operator's visual reference and preserves manual recovery via AltHold. Exposure is high because there is no position redundancy: single Here4 (GPS1_TYPE 9, GPS2_TYPE 0) and EK3_SRC2/3_POSXY are both 0. Fires in Guided, which is where the figure-8 applet flies. Revisit if Xplorer starts operating beyond visual line of sight, where a wrong-but-homeward heading may beat a correct-but-local one.",apm.pdef.json
FS_DR_TIMEOUT,FS,30,True,True,,,DeadReckon Failsafe Timeout,DeadReckoning is available for this many seconds after losing position and/or velocity source. After this timeout elapses the EKF failsafe will trigger in modes requiring a position estimate,,,,0,120,Standard,,,apm.pdef.json
FS_EKF_ACTION,FS,1,False,True,,,EKF Failsafe Action,Controls the action that will be taken when an EKF failsafe is invoked,,"1:Land, 2:AltHold, 3:Land even in Stabilize",,,,Advanced,,,apm.pdef.json
FS_EKF_FILT,FS,5,False,True,,,EKF Failsafe filter cutoff,EKF Failsafe filter cutoff frequency. EKF variances are filtered using this value to avoid spurious failsafes from transient high variances. A higher value means the failsafe is more likely to trigger.,Hz,,,0,10,Advanced,,,apm.pdef.json
FS_EKF_THRESH,FS,0.8,False,True,,,EKF failsafe variance threshold,"Allows setting the maximum acceptable compass, velocity, position and height variances. Used in arming check and EKF failsafe.",,"0.6:Strict, 0.8:Default, 1.0:Relaxed",,,,Advanced,,,apm.pdef.json
FS_GCS_ENABLE,FS,0,False,True,,,Ground Station Failsafe Enable,"Controls whether failsafe will be invoked (and what action to take) when connection with Ground station is lost for at least 5 seconds. See FS_OPTIONS param for additional actions, or for cases allowing Mission continuation, when GCS failsafe is enabled.",,"0:Disabled/NoAction, 1:RTL, 2:RTL or Continue with Mission in Auto Mode (Removed in 4.0+-see FS_OPTIONS), 3:SmartRTL or RTL, 4:SmartRTL or Land, 5:Land, 6:Auto DO_LAND_START or RTL, 7:Brake or Land",,,,Standard,,,apm.pdef.json
FS_GCS_TIMEOUT,FS,5,False,True,,,GCS failsafe timeout,Timeout before triggering the GCS failsafe,s,,,2,120,Standard,,,apm.pdef.json
FS_OPTIONS,FS,8,False,True,,,Failsafe options bitmask,"Bitmask of additional options for battery, radio, & GCS failsafes. 0 (default) disables all options.",,,"0:Continue if in Auto on RC failsafe, 1:Continue if in Auto on GCS failsafe, 2:Continue if in Guided on RC failsafe, 3:Continue if landing on any failsafe, 4:Continue if in pilot controlled modes on GCS failsafe, 5:Release Gripper",,,Advanced,,,apm.pdef.json
FS_THR_ENABLE,FS,1,False,True,,,Throttle Failsafe Enable,The throttle failsafe allows you to configure a software failsafe activated by a setting on the throttle input channel,,"0:Disabled, 1:Enabled always RTL, 2:Enabled Continue with Mission in Auto Mode (Removed in 4.0+), 3:Enabled always Land, 4:Enabled always SmartRTL or RTL, 5:Enabled always SmartRTL or Land, 6:Enabled Auto DO_LAND_START or RTL, 7:Enabled always Brake or Land",,,,Standard,,,apm.pdef.json
FS_THR_VALUE,FS,950,False,True,,,Throttle Failsafe Value,The PWM level in microseconds on channel 3 below which throttle failsafe triggers,PWM,,,910,1100,Standard,,,apm.pdef.json
FS_VIBE_ENABLE,FS,1,False,True,,,Vibration Failsafe enable,This enables the vibration failsafe which will use modified altitude estimation and control during high vibrations,,"0:Disabled, 1:Enabled",,,,Standard,,,apm.pdef.json
FWDAVD_ACT_AUTO,FWDAVD,2,False,True,,,Forward Avoidance Action for Auto Modes,"Action to take when forward avoidance is triggered in autopilot modes (Auto, Guided, RTL, SmartRTL). This allows different behavior than manual modes.",,"0:None, 1:Land, 2:RTL, 3:SmartRTL",,0,3,Standard,,,apm.pdef.json
FWDAVD_ACT_MAN,FWDAVD,4,False,True,,,Forward Avoidance Action for Manual Modes,"Action to take when forward avoidance is triggered in manual modes (Loiter, PosHold, AltHold). Action 4 (Stop) switches to Loiter and locks stick input until sticks are returned to neutral and obstacle clears.",,"0:None, 1:Land, 2:RTL, 3:SmartRTL, 4:Stop with Lockout",,0,4,Standard,,,apm.pdef.json
FWDAVD_ALT,FWDAVD,5,False,True,,,Forward Avoidance Altitude Threshold,Minimum altitude in meters above which forward avoidance is active. Used when FWDAVD_COND is 1 (home altitude) or 2 (terrain altitude). Helps prevent false triggers near ground.,m,,,0,100,Standard,,,apm.pdef.json
FWDAVD_BTN_EN,FWDAVD,1,False,True,,,Forward Avoidance Master Enable,"Master enable for forward rangefinder avoidance, driven by a GCS button or parameter. When 0, the feature is OFF regardless of any RC switch. When 1, the feature is enabled â€” or, if FWDAVD_CHAN is non-zero, controlled by that RC switch (switch must be high to activate).",,"0:Disabled, 1:Enabled",,,,Standard,,,apm.pdef.json
FWDAVD_CHAN,FWDAVD,0,False,True,,,Forward Avoidance RC Channel,"Optional RC channel number used as a runtime gate for forward avoidance. Set to 0 to disable (parameter FWDAVD_BTN_EN alone enables the feature). If non-zero, the switch on that channel must be high (PWM > 1500) for the feature to act, AND FWDAVD_BTN_EN must also be 1. The parameter is the master gate â€” setting it to 0 turns the feature off regardless of switch position.",,,,0,16,Standard,,,apm.pdef.json
FWDAVD_COND,FWDAVD,0,False,True,,,Forward Avoidance Altitude Condition,"Altitude condition for forward avoidance activation. 0=No altitude check (always active if RC enabled), 1=Only active when above FWDAVD_ALT altitude relative to home, 2=Only active when above FWDAVD_ALT terrain altitude.",,"0:No Altitude Check, 1:Above Home Altitude, 2:Above Terrain Altitude",,,,Standard,,,apm.pdef.json
FWDAVD_DIST,FWDAVD,15,False,True,3,40,Forward Avoidance Distance,Distance in meters at which forward rangefinder avoidance triggers. Obstacles closer than this distance will trigger the avoidance action.,m,,,1,30,Standard,,,apm.pdef.json
FWDAVD_EN,FWDAVD,3,False,True,,,Forward Avoidance Enable,"Bitmask of flight modes for which forward rangefinder avoidance is enabled. When enabled, a forward-facing rangefinder will trigger a failsafe action when obstacles are detected.",,,"0:Auto/Guided/RTL/SmartRTL, 1:Loiter, 2:PosHold, 3:AltHold",,,Standard,,,apm.pdef.json
FWDAVD_SAMP,FWDAVD,3,False,True,1,20,Forward Avoidance Sample Count,"Number of consecutive rangefinder samples below the distance threshold required to trigger avoidance. Higher values reduce false triggers but increase response time. At 10Hz update rate, 3 samples = 0.3 seconds.",,,,1,50,Standard,,,apm.pdef.json
GCS_PID_MASK,GCS,0,True,True,,,GCS PID tuning mask,bitmask of PIDs to send MAVLink PID_TUNING messages for,,,"0:Roll, 1:Pitch, 2:Yaw, 3:AccelZ",,,Advanced,,,apm.pdef.json
GND_EFFECT_COMP,GND,1,True,True,,,Ground Effect Compensation Enable/Disable,Ground Effect Compensation Enable/Disable,,"0:Disabled, 1:Enabled",,,,Advanced,,,apm.pdef.json
GPS1_CAN_NODEID,GPS,121,True,True,,,Detected CAN Node ID for GPS,GPS Node id for GPS. Detected node unless CAN_OVRIDE is set,,,,,,Advanced,,,apm.pdef.json
GPS1_CAN_OVRIDE,GPS,121,False,True,,,DroneCAN GPS NODE ID,GPS Node id for GPS. If 0 the gps will be automatically selected on a first-come-first-GPS basis.,,,,,,Advanced,,,apm.pdef.json
GPS1_COM_PORT,GPS,1,True,True,,,GPS physical COM port,"The physical COM port on the connected device, currently only applies to SBF and GSOF GPS",,"0:COM1(RS232) on GSOF, 1:COM2(TTL) on GSOF",,0,10,Advanced,True,,apm.pdef.json
GPS1_DELAY_MS,GPS,0,True,True,,,GPS delay in milliseconds,Controls the amount of GPS measurement delay that the autopilot compensates for. Set to zero to use the default delay for the detected GPS type.,ms,,,0,250,Advanced,True,,apm.pdef.json
GPS1_GNSS_MODE,GPS,0,True,True,,,GNSS system configuration,Bitmask for what GNSS system to use on the first GPS (all unchecked or zero to leave GPS as configured),,,"0:GPS, 1:SBAS, 2:Galileo, 3:Beidou, 4:IMES, 5:QZSS, 6:GLONASS",,,Advanced,,,apm.pdef.json
GPS1_MB_TYPE,GPS,0,True,True,,,Moving base type,Controls the type of moving base used if using moving base.This is renamed in 4.6 and later to GPSx_MB_TYPE.,,"0:Relative to alternate GPS instance, 1:RelativeToCustomBase",,,,Advanced,True,,apm.pdef.json
GPS1_POS_X,GPS,0.05681,True,True,,,Antenna X position offset,X position of the first GPS antenna in body frame. Positive X is forward of the origin. Use antenna phase centroid location if provided by the manufacturer.,m,,,-5,5,Advanced,,,apm.pdef.json
GPS1_POS_Y,GPS,0,True,True,,,Antenna Y position offset,Y position of the first GPS antenna in body frame. Positive Y is to the right of the origin. Use antenna phase centroid location if provided by the manufacturer.,m,,,-5,5,Advanced,,,apm.pdef.json
GPS1_POS_Z,GPS,-0.1217,True,True,,,Antenna Z position offset,Z position of the first GPS antenna in body frame. Positive Z is down from the origin. Use antenna phase centroid location if provided by the manufacturer.,m,,,-5,5,Advanced,,,apm.pdef.json
GPS1_RATE_MS,GPS,200,True,True,,,GPS update rate in milliseconds,Controls how often the GPS should provide a position update. Lowering below 5Hz(default) is not allowed. Raising the rate above 5Hz usually provides little benefit and for some GPS (eg Ublox M9N) can severely impact performance.,ms,"100:10Hz, 125:8Hz, 200:5Hz",,50,200,Advanced,,,apm.pdef.json
GPS1_TYPE,GPS,9,True,True,,,GPS type,GPS type,,"0:None, 1:AUTO, 2:uBlox, 5:NMEA, 6:SiRF, 7:HIL, 8:SwiftNav, 9:DroneCAN, 10:Septentrio(SBF), 11:Trimble(GSOF), 13:ERB, 14:MAVLink, 15:NOVA, 16:HemisphereNMEA, 17:uBlox-MovingBaseline-Base, 18:uBlox-MovingBaseline-Rover, 19:MSP, 20:AllyStar, 21:ExternalAHRS, 22:DroneCAN-MovingBaseline-Base, 23:DroneCAN-MovingBaseline-Rover, 24:UnicoreNMEA, 25:UnicoreMovingBaselineNMEA, 26:Septentrio-DualAntenna(SBF)",,,,Advanced,True,,apm.pdef.json
GPS2_TYPE,GPS,0,True,True,,,GPS type,GPS type,,"0:None, 1:AUTO, 2:uBlox, 5:NMEA, 6:SiRF, 7:HIL, 8:SwiftNav, 9:DroneCAN, 10:Septentrio(SBF), 11:Trimble(GSOF), 13:ERB, 14:MAVLink, 15:NOVA, 16:HemisphereNMEA, 17:uBlox-MovingBaseline-Base, 18:uBlox-MovingBaseline-Rover, 19:MSP, 20:AllyStar, 21:ExternalAHRS, 22:DroneCAN-MovingBaseline-Base, 23:DroneCAN-MovingBaseline-Rover, 24:UnicoreNMEA, 25:UnicoreMovingBaselineNMEA, 26:Septentrio-DualAntenna(SBF)",,,,Advanced,True,,apm.pdef.json
GPS_AUTO_CONFIG,GPS,1,False,True,,,Automatic GPS configuration,Controls if the autopilot should automatically configure the GPS based on the parameters and default settings,,"0:Disables automatic configuration, 1:Enable automatic configuration for Serial GPSes only, 2:Enable automatic configuration for DroneCAN as well",,,,Advanced,,,apm.pdef.json
GPS_AUTO_SWITCH,GPS,0,True,True,,,Automatic Switchover Setting,"Automatic switchover to GPS reporting best lock, 1:UseBest selects the GPS with highest status, if both are equal the GPS with highest satellite count is used 4:Use primary if 3D fix or better, will revert to 'UseBest' behaviour if 3D fix is lost on primary",,"0:Use primary, 1:UseBest, 2:Blend, 4:Use primary if 3D fix or better",,,,Advanced,,,apm.pdef.json
GPS_BLEND_MASK,GPS,0,True,True,,,Multi GPS Blending Mask,"Determines which of the accuracy measures Horizontal position, Vertical Position and Speed are used to calculate the weighting on each GPS receiver when soft switching has been selected by setting GPS_AUTO_SWITCH to 2(Blend)",,,"0:Horiz Pos, 1:Vert Pos, 2:Speed",,,Advanced,,,apm.pdef.json
GPS_DRV_OPTIONS,GPS,0,False,True,,,driver options,Additional backend specific options,,,"0:Use UART2 for moving baseline on ublox, 1:Use base station for GPS yaw on SBF, 2:Use baudrate 115200, 3:Use dedicated CAN port b/w GPSes for moving baseline, 4:Use ellipsoid height instead of AMSL, 5:Override GPS satellite health of L5 band from L1 health, 6:Enable RTCM full parse even for a single channel, 7:Disable automatic full RTCM parsing when RTCM seen on more than one channel",,,Advanced,,,apm.pdef.json
GPS_HDOP_GOOD,GPS,140,True,True,,,GPS Hdop Good,GPS Hdop value at or below this value represent a good position. Used for pre-arm checks,,,,100,900,Advanced,,,apm.pdef.json
GPS_INJECT_TO,GPS,127,True,True,,,Destination for GPS_INJECT_DATA MAVLink packets,The GGS can send raw serial packets to inject data to multiple GPSes.,,"0:send to first GPS, 1:send to 2nd GPS, 127:send to all",,,,Advanced,,,apm.pdef.json
GPS_MIN_ELEV,GPS,-100,True,True,,,Minimum elevation,This sets the minimum elevation of satellites above the horizon for them to be used for navigation. Setting this to -100 leaves the minimum elevation set to the GPS modules default.,deg,,,-100,90,Advanced,,,apm.pdef.json
GPS_NAVFILTER,GPS,8,True,True,,,Navigation filter setting,Navigation filter engine setting,,"0:Portable, 2:Stationary, 3:Pedestrian, 4:Automotive, 5:Sea, 6:Airborne1G, 7:Airborne2G, 8:Airborne4G",,,,Advanced,,,apm.pdef.json
GPS_PRIMARY,GPS,0,True,True,,,Primary GPS,This GPS will be used when GPS_AUTO_SWITCH is 0 and used preferentially with GPS_AUTO_SWITCH = 4.,,"0:FirstGPS, 1:SecondGPS",,,,Advanced,,,apm.pdef.json
GPS_RAW_DATA,GPS,0,True,True,,,Raw data logging,"Handles logging raw data; on uBlox chips that support raw data this will log RXM messages into logger; on Septentrio this will log on the equipment's SD card and when set to 2, the autopilot will try to stop logging after disarming and restart after arming",,"0:Ignore, 1:Always log, 2:Stop logging when disarmed (SBF only), 5:Only log every five samples (uBlox only)",,,,Advanced,True,,apm.pdef.json
GPS_SAVE_CFG,GPS,2,True,True,,,Save GPS configuration,Determines whether the configuration for this GPS should be written to non-volatile memory on the GPS. Currently working for UBlox 6 series and above.,,"0:Do not save config, 1:Save config, 2:Save only when needed",,,,Advanced,,,apm.pdef.json
GPS_SBAS_MODE,GPS,2,True,True,,,SBAS Mode,This sets the SBAS (satellite based augmentation system) mode if available on this GPS. If set to 2 then the SBAS mode is not changed in the GPS. Otherwise the GPS will be reconfigured to enable/disable SBAS. Disabling SBAS may be worthwhile in some parts of the world where an SBAS signal is available but the baseline is too long to be useful.,,"0:Disabled, 1:Enabled, 2:NoChange",,,,Advanced,,,apm.pdef.json
GPS_SBP_LOGMASK,GPS,-256,True,True,,,Swift Binary Protocol Logging Mask,Masked with the SBP msg_type field to determine whether SBR1/SBR2 data is logged,,"-256:External only (0xFF00), -1:All (0xFFFF), 0:None (0x0000)",,,,Advanced,,,apm.pdef.json
GRIP_ENABLE,GRIP,0,True,True,,,Gripper Enable/Disable,Gripper enable/disable,,"0:Disabled, 1:Enabled",,,,Standard,,,apm.pdef.json
GUID_OPTIONS,GUID,0,True,True,,,Guided mode options,Options that can be applied to change guided mode behaviour,,,"0:Allow Arming from Transmitter, 2:Ignore pilot yaw, 3:SetAttitudeTarget interprets Thrust As Thrust, 4:Do not stabilize PositionXY, 5:Do not stabilize VelocityXY, 6:Waypoint navigation used for position targets, 7:Allow weathervaning",,,Advanced,,,apm.pdef.json
GUID_TIMEOUT,GUID,3,True,True,,,Guided mode timeout,"Guided mode timeout after which vehicle will stop or return to level if no updates are received from caller. Only applicable during any combination of velocity, acceleration, angle control, and/or angular rate control",s,,,0.1,5,Advanced,,,apm.pdef.json
INITIAL_MODE,INITIAL,5,True,True,,,Initial flight mode,This selects the mode to start in on boot. This is useful for when you want to start in AUTO mode on boot without a receiver.,,"0:Stabilize, 1:Acro, 2:AltHold, 3:Auto, 4:Guided, 5:Loiter, 6:RTL, 7:Circle, 9:Land, 11:Drift, 13:Sport, 14:Flip, 15:AutoTune, 16:PosHold, 17:Brake, 18:Throw, 19:Avoid_ADSB, 20:Guided_NoGPS, 21:Smart_RTL, 22:FlowHold, 23:Follow, 24:ZigZag, 25:SystemID, 26:Heli_Autorotate",,,,Advanced,,,apm.pdef.json
INS4_ACCOFFS_X,INS,,False,True,,,Accelerometer offsets of X axis,Accelerometer offsets of X axis. This is setup using the acceleration calibration or level operations,m/s/s,,,-3.5,3.5,Advanced,,"NOT SEEDED - aux IMU instance slot (hwdef sets INS_AUX_INSTANCES 2, so INS_MAX_INSTANCES=5). Param exists but no 4th/5th IMU is fitted",apm.pdef.json
INS4_ACCOFFS_Y,INS,,False,True,,,Accelerometer offsets of Y axis,Accelerometer offsets of Y axis. This is setup using the acceleration calibration or level operations,m/s/s,,,-3.5,3.5,Advanced,,"NOT SEEDED - aux IMU instance slot (hwdef sets INS_AUX_INSTANCES 2, so INS_MAX_INSTANCES=5). Param exists but no 4th/5th IMU is fitted",apm.pdef.json
INS4_ACCOFFS_Z,INS,,False,True,,,Accelerometer offsets of Z axis,Accelerometer offsets of Z axis. This is setup using the acceleration calibration or level operations,m/s/s,,,-3.5,3.5,Advanced,,"NOT SEEDED - aux IMU instance slot (hwdef sets INS_AUX_INSTANCES 2, so INS_MAX_INSTANCES=5). Param exists but no 4th/5th IMU is fitted",apm.pdef.json
INS4_ACCSCAL_X,INS,,False,True,,,Accelerometer scaling of X axis,Accelerometer scaling of X axis. Calculated during acceleration calibration routine,,,,0.8,1.2,Advanced,,"NOT SEEDED - aux IMU instance slot (hwdef sets INS_AUX_INSTANCES 2, so INS_MAX_INSTANCES=5). Param exists but no 4th/5th IMU is fitted",apm.pdef.json
INS4_ACCSCAL_Y,INS,,False,True,,,Accelerometer scaling of Y axis,Accelerometer scaling of Y axis Calculated during acceleration calibration routine,,,,0.8,1.2,Advanced,,"NOT SEEDED - aux IMU instance slot (hwdef sets INS_AUX_INSTANCES 2, so INS_MAX_INSTANCES=5). Param exists but no 4th/5th IMU is fitted",apm.pdef.json
INS4_ACCSCAL_Z,INS,,False,True,,,Accelerometer scaling of Z axis,Accelerometer scaling of Z axis Calculated during acceleration calibration routine,,,,0.8,1.2,Advanced,,"NOT SEEDED - aux IMU instance slot (hwdef sets INS_AUX_INSTANCES 2, so INS_MAX_INSTANCES=5). Param exists but no 4th/5th IMU is fitted",apm.pdef.json
INS4_ACC_CALTEMP,INS,,False,True,,,Calibration temperature for accelerometer,Temperature that the accelerometer was calibrated at,degC,,,,,Advanced,,"NOT SEEDED - aux IMU instance slot (hwdef sets INS_AUX_INSTANCES 2, so INS_MAX_INSTANCES=5). Param exists but no 4th/5th IMU is fitted",apm.pdef.json
INS4_ACC_ID,INS,,False,True,,,Accelerometer ID,"Accelerometer sensor ID, taking into account its type, bus and instance",,,,,,Advanced,,"NOT SEEDED - aux IMU instance slot (hwdef sets INS_AUX_INSTANCES 2, so INS_MAX_INSTANCES=5). Param exists but no 4th/5th IMU is fitted",apm.pdef.json
INS4_GYROFFS_X,INS,,False,True,,,Gyro offsets of X axis,Gyro sensor offsets of X axis. This is setup on each boot during gyro calibrations,rad/s,,,,,Advanced,,"NOT SEEDED - aux IMU instance slot (hwdef sets INS_AUX_INSTANCES 2, so INS_MAX_INSTANCES=5). Param exists but no 4th/5th IMU is fitted",apm.pdef.json
INS4_GYROFFS_Y,INS,,False,True,,,Gyro offsets of Y axis,Gyro sensor offsets of Y axis. This is setup on each boot during gyro calibrations,rad/s,,,,,Advanced,,"NOT SEEDED - aux IMU instance slot (hwdef sets INS_AUX_INSTANCES 2, so INS_MAX_INSTANCES=5). Param exists but no 4th/5th IMU is fitted",apm.pdef.json
INS4_GYROFFS_Z,INS,,False,True,,,Gyro offsets of Z axis,Gyro sensor offsets of Z axis. This is setup on each boot during gyro calibrations,rad/s,,,,,Advanced,,"NOT SEEDED - aux IMU instance slot (hwdef sets INS_AUX_INSTANCES 2, so INS_MAX_INSTANCES=5). Param exists but no 4th/5th IMU is fitted",apm.pdef.json
INS4_GYR_CALTEMP,INS,,False,True,,,Calibration temperature for gyroscope,Temperature that the gyroscope was calibrated at,degC,,,,,Advanced,,"NOT SEEDED - aux IMU instance slot (hwdef sets INS_AUX_INSTANCES 2, so INS_MAX_INSTANCES=5). Param exists but no 4th/5th IMU is fitted",apm.pdef.json
INS4_GYR_ID,INS,,False,True,,,Gyro ID,"Gyro sensor ID, taking into account its type, bus and instance",,,,,,Advanced,,"NOT SEEDED - aux IMU instance slot (hwdef sets INS_AUX_INSTANCES 2, so INS_MAX_INSTANCES=5). Param exists but no 4th/5th IMU is fitted",apm.pdef.json
INS4_POS_X,INS,,False,True,,,IMU accelerometer X position,"X position of the first IMU Accelerometer in body frame. Positive X is forward of the origin. Attention: The IMU should be located as close to the vehicle c.g. as practical so that the value of this parameter is minimised. Failure to do so can result in noisy navigation velocity measurements due to vibration and IMU gyro noise. If the IMU cannot be moved and velocity noise is a problem, a location closer to the IMU can be used as the body frame origin.",m,,,-5,5,Advanced,,"NOT SEEDED - aux IMU instance slot (hwdef sets INS_AUX_INSTANCES 2, so INS_MAX_INSTANCES=5). Param exists but no 4th/5th IMU is fitted",apm.pdef.json
INS4_POS_Y,INS,,False,True,,,IMU accelerometer Y position,"Y position of the first IMU accelerometer in body frame. Positive Y is to the right of the origin. Attention: The IMU should be located as close to the vehicle c.g. as practical so that the value of this parameter is minimised. Failure to do so can result in noisy navigation velocity measurements due to vibration and IMU gyro noise. If the IMU cannot be moved and velocity noise is a problem, a location closer to the IMU can be used as the body frame origin.",m,,,-5,5,Advanced,,"NOT SEEDED - aux IMU instance slot (hwdef sets INS_AUX_INSTANCES 2, so INS_MAX_INSTANCES=5). Param exists but no 4th/5th IMU is fitted",apm.pdef.json
INS4_POS_Z,INS,,False,True,,,IMU accelerometer Z position,"Z position of the first IMU accelerometer in body frame. Positive Z is down from the origin. Attention: The IMU should be located as close to the vehicle c.g. as practical so that the value of this parameter is minimised. Failure to do so can result in noisy navigation velocity measurements due to vibration and IMU gyro noise. If the IMU cannot be moved and velocity noise is a problem, a location closer to the IMU can be used as the body frame origin.",m,,,-5,5,Advanced,,"NOT SEEDED - aux IMU instance slot (hwdef sets INS_AUX_INSTANCES 2, so INS_MAX_INSTANCES=5). Param exists but no 4th/5th IMU is fitted",apm.pdef.json
INS4_TCAL_ENABLE,INS,,False,True,,,Enable temperature calibration,"Enable the use of temperature calibration parameters for this IMU. For automatic learning set to 2 and also set the INS_TCALn_TMAX to the target temperature, then reboot",,"0:Disabled, 1:Enabled, 2:LearnCalibration",,,,Advanced,True,"NOT SEEDED - aux IMU instance slot (hwdef sets INS_AUX_INSTANCES 2, so INS_MAX_INSTANCES=5). Param exists but no 4th/5th IMU is fitted",apm.pdef.json
INS4_USE,INS,,False,True,,,"Use first IMU for attitude, velocity and position estimates","Use first IMU for attitude, velocity and position estimates",,"0:Disabled, 1:Enabled",,,,Advanced,,"NOT SEEDED - aux IMU instance slot (hwdef sets INS_AUX_INSTANCES 2, so INS_MAX_INSTANCES=5). Param exists but no 4th/5th IMU is fitted",apm.pdef.json
INS5_ACCOFFS_X,INS,,False,True,,,Accelerometer offsets of X axis,Accelerometer offsets of X axis. This is setup using the acceleration calibration or level operations,m/s/s,,,-3.5,3.5,Advanced,,"NOT SEEDED - aux IMU instance slot (hwdef sets INS_AUX_INSTANCES 2, so INS_MAX_INSTANCES=5). Param exists but no 4th/5th IMU is fitted",apm.pdef.json
INS5_ACCOFFS_Y,INS,,False,True,,,Accelerometer offsets of Y axis,Accelerometer offsets of Y axis. This is setup using the acceleration calibration or level operations,m/s/s,,,-3.5,3.5,Advanced,,"NOT SEEDED - aux IMU instance slot (hwdef sets INS_AUX_INSTANCES 2, so INS_MAX_INSTANCES=5). Param exists but no 4th/5th IMU is fitted",apm.pdef.json
INS5_ACCOFFS_Z,INS,,False,True,,,Accelerometer offsets of Z axis,Accelerometer offsets of Z axis. This is setup using the acceleration calibration or level operations,m/s/s,,,-3.5,3.5,Advanced,,"NOT SEEDED - aux IMU instance slot (hwdef sets INS_AUX_INSTANCES 2, so INS_MAX_INSTANCES=5). Param exists but no 4th/5th IMU is fitted",apm.pdef.json
INS5_ACCSCAL_X,INS,,False,True,,,Accelerometer scaling of X axis,Accelerometer scaling of X axis. Calculated during acceleration calibration routine,,,,0.8,1.2,Advanced,,"NOT SEEDED - aux IMU instance slot (hwdef sets INS_AUX_INSTANCES 2, so INS_MAX_INSTANCES=5). Param exists but no 4th/5th IMU is fitted",apm.pdef.json
INS5_ACCSCAL_Y,INS,,False,True,,,Accelerometer scaling of Y axis,Accelerometer scaling of Y axis Calculated during acceleration calibration routine,,,,0.8,1.2,Advanced,,"NOT SEEDED - aux IMU instance slot (hwdef sets INS_AUX_INSTANCES 2, so INS_MAX_INSTANCES=5). Param exists but no 4th/5th IMU is fitted",apm.pdef.json
INS5_ACCSCAL_Z,INS,,False,True,,,Accelerometer scaling of Z axis,Accelerometer scaling of Z axis Calculated during acceleration calibration routine,,,,0.8,1.2,Advanced,,"NOT SEEDED - aux IMU instance slot (hwdef sets INS_AUX_INSTANCES 2, so INS_MAX_INSTANCES=5). Param exists but no 4th/5th IMU is fitted",apm.pdef.json
INS5_ACC_CALTEMP,INS,,False,True,,,Calibration temperature for accelerometer,Temperature that the accelerometer was calibrated at,degC,,,,,Advanced,,"NOT SEEDED - aux IMU instance slot (hwdef sets INS_AUX_INSTANCES 2, so INS_MAX_INSTANCES=5). Param exists but no 4th/5th IMU is fitted",apm.pdef.json
INS5_ACC_ID,INS,,False,True,,,Accelerometer ID,"Accelerometer sensor ID, taking into account its type, bus and instance",,,,,,Advanced,,"NOT SEEDED - aux IMU instance slot (hwdef sets INS_AUX_INSTANCES 2, so INS_MAX_INSTANCES=5). Param exists but no 4th/5th IMU is fitted",apm.pdef.json
INS5_GYROFFS_X,INS,,False,True,,,Gyro offsets of X axis,Gyro sensor offsets of X axis. This is setup on each boot during gyro calibrations,rad/s,,,,,Advanced,,"NOT SEEDED - aux IMU instance slot (hwdef sets INS_AUX_INSTANCES 2, so INS_MAX_INSTANCES=5). Param exists but no 4th/5th IMU is fitted",apm.pdef.json
INS5_GYROFFS_Y,INS,,False,True,,,Gyro offsets of Y axis,Gyro sensor offsets of Y axis. This is setup on each boot during gyro calibrations,rad/s,,,,,Advanced,,"NOT SEEDED - aux IMU instance slot (hwdef sets INS_AUX_INSTANCES 2, so INS_MAX_INSTANCES=5). Param exists but no 4th/5th IMU is fitted",apm.pdef.json
INS5_GYROFFS_Z,INS,,False,True,,,Gyro offsets of Z axis,Gyro sensor offsets of Z axis. This is setup on each boot during gyro calibrations,rad/s,,,,,Advanced,,"NOT SEEDED - aux IMU instance slot (hwdef sets INS_AUX_INSTANCES 2, so INS_MAX_INSTANCES=5). Param exists but no 4th/5th IMU is fitted",apm.pdef.json
INS5_GYR_CALTEMP,INS,,False,True,,,Calibration temperature for gyroscope,Temperature that the gyroscope was calibrated at,degC,,,,,Advanced,,"NOT SEEDED - aux IMU instance slot (hwdef sets INS_AUX_INSTANCES 2, so INS_MAX_INSTANCES=5). Param exists but no 4th/5th IMU is fitted",apm.pdef.json
INS5_GYR_ID,INS,,False,True,,,Gyro ID,"Gyro sensor ID, taking into account its type, bus and instance",,,,,,Advanced,,"NOT SEEDED - aux IMU instance slot (hwdef sets INS_AUX_INSTANCES 2, so INS_MAX_INSTANCES=5). Param exists but no 4th/5th IMU is fitted",apm.pdef.json
INS5_POS_X,INS,,False,True,,,IMU accelerometer X position,"X position of the first IMU Accelerometer in body frame. Positive X is forward of the origin. Attention: The IMU should be located as close to the vehicle c.g. as practical so that the value of this parameter is minimised. Failure to do so can result in noisy navigation velocity measurements due to vibration and IMU gyro noise. If the IMU cannot be moved and velocity noise is a problem, a location closer to the IMU can be used as the body frame origin.",m,,,-5,5,Advanced,,"NOT SEEDED - aux IMU instance slot (hwdef sets INS_AUX_INSTANCES 2, so INS_MAX_INSTANCES=5). Param exists but no 4th/5th IMU is fitted",apm.pdef.json
INS5_POS_Y,INS,,False,True,,,IMU accelerometer Y position,"Y position of the first IMU accelerometer in body frame. Positive Y is to the right of the origin. Attention: The IMU should be located as close to the vehicle c.g. as practical so that the value of this parameter is minimised. Failure to do so can result in noisy navigation velocity measurements due to vibration and IMU gyro noise. If the IMU cannot be moved and velocity noise is a problem, a location closer to the IMU can be used as the body frame origin.",m,,,-5,5,Advanced,,"NOT SEEDED - aux IMU instance slot (hwdef sets INS_AUX_INSTANCES 2, so INS_MAX_INSTANCES=5). Param exists but no 4th/5th IMU is fitted",apm.pdef.json
INS5_POS_Z,INS,,False,True,,,IMU accelerometer Z position,"Z position of the first IMU accelerometer in body frame. Positive Z is down from the origin. Attention: The IMU should be located as close to the vehicle c.g. as practical so that the value of this parameter is minimised. Failure to do so can result in noisy navigation velocity measurements due to vibration and IMU gyro noise. If the IMU cannot be moved and velocity noise is a problem, a location closer to the IMU can be used as the body frame origin.",m,,,-5,5,Advanced,,"NOT SEEDED - aux IMU instance slot (hwdef sets INS_AUX_INSTANCES 2, so INS_MAX_INSTANCES=5). Param exists but no 4th/5th IMU is fitted",apm.pdef.json
INS5_TCAL_ENABLE,INS,,False,True,,,Enable temperature calibration,"Enable the use of temperature calibration parameters for this IMU. For automatic learning set to 2 and also set the INS_TCALn_TMAX to the target temperature, then reboot",,"0:Disabled, 1:Enabled, 2:LearnCalibration",,,,Advanced,True,"NOT SEEDED - aux IMU instance slot (hwdef sets INS_AUX_INSTANCES 2, so INS_MAX_INSTANCES=5). Param exists but no 4th/5th IMU is fitted",apm.pdef.json
INS5_USE,INS,,False,True,,,"Use first IMU for attitude, velocity and position estimates","Use first IMU for attitude, velocity and position estimates",,"0:Disabled, 1:Enabled",,,,Advanced,,"NOT SEEDED - aux IMU instance slot (hwdef sets INS_AUX_INSTANCES 2, so INS_MAX_INSTANCES=5). Param exists but no 4th/5th IMU is fitted",apm.pdef.json
INS_ACC1_CALTEMP,INS,,False,True,,,Calibration temperature for 1st accelerometer,Temperature that the 1st accelerometer was calibrated at,degC,,,,,Advanced,,NOT SEEDED - per-unit calibration value; stripped from defaults.parm in 6f1d594 so each airframe keeps its own cal,apm.pdef.json
INS_ACC2OFFS_X,INS,,False,True,,,Accelerometer2 offsets of X axis,Accelerometer2 offsets of X axis. This is setup using the acceleration calibration or level operations,m/s/s,,,-3.5,3.5,Advanced,,NOT SEEDED - per-unit calibration value; stripped from defaults.parm in 6f1d594 so each airframe keeps its own cal,apm.pdef.json
INS_ACC2OFFS_Y,INS,,False,True,,,Accelerometer2 offsets of Y axis,Accelerometer2 offsets of Y axis. This is setup using the acceleration calibration or level operations,m/s/s,,,-3.5,3.5,Advanced,,NOT SEEDED - per-unit calibration value; stripped from defaults.parm in 6f1d594 so each airframe keeps its own cal,apm.pdef.json
INS_ACC2OFFS_Z,INS,,False,True,,,Accelerometer2 offsets of Z axis,Accelerometer2 offsets of Z axis. This is setup using the acceleration calibration or level operations,m/s/s,,,-3.5,3.5,Advanced,,NOT SEEDED - per-unit calibration value; stripped from defaults.parm in 6f1d594 so each airframe keeps its own cal,apm.pdef.json
INS_ACC2SCAL_X,INS,,False,True,,,Accelerometer2 scaling of X axis,Accelerometer2 scaling of X axis. Calculated during acceleration calibration routine,,,,0.8,1.2,Advanced,,NOT SEEDED - per-unit calibration value; stripped from defaults.parm in 6f1d594 so each airframe keeps its own cal,apm.pdef.json
INS_ACC2SCAL_Y,INS,,False,True,,,Accelerometer2 scaling of Y axis,Accelerometer2 scaling of Y axis Calculated during acceleration calibration routine,,,,0.8,1.2,Advanced,,NOT SEEDED - per-unit calibration value; stripped from defaults.parm in 6f1d594 so each airframe keeps its own cal,apm.pdef.json
INS_ACC2SCAL_Z,INS,,False,True,,,Accelerometer2 scaling of Z axis,Accelerometer2 scaling of Z axis Calculated during acceleration calibration routine,,,,0.8,1.2,Advanced,,NOT SEEDED - per-unit calibration value; stripped from defaults.parm in 6f1d594 so each airframe keeps its own cal,apm.pdef.json
INS_ACC2_CALTEMP,INS,,False,True,,,Calibration temperature for 2nd accelerometer,Temperature that the 2nd accelerometer was calibrated at,degC,,,,,Advanced,,NOT SEEDED - per-unit calibration value; stripped from defaults.parm in 6f1d594 so each airframe keeps its own cal,apm.pdef.json
INS_ACC2_ID,INS,,False,True,,,Accelerometer2 ID,"Accelerometer2 sensor ID, taking into account its type, bus and instance",,,,,,Advanced,,NOT SEEDED - per-unit calibration value; stripped from defaults.parm in 6f1d594 so each airframe keeps its own cal,apm.pdef.json
INS_ACC3OFFS_X,INS,,False,True,,,Accelerometer3 offsets of X axis,Accelerometer3 offsets of X axis. This is setup using the acceleration calibration or level operations,m/s/s,,,-3.5,3.5,Advanced,,NOT SEEDED - per-unit calibration value; stripped from defaults.parm in 6f1d594 so each airframe keeps its own cal,apm.pdef.json
INS_ACC3OFFS_Y,INS,,False,True,,,Accelerometer3 offsets of Y axis,Accelerometer3 offsets of Y axis. This is setup using the acceleration calibration or level operations,m/s/s,,,-3.5,3.5,Advanced,,NOT SEEDED - per-unit calibration value; stripped from defaults.parm in 6f1d594 so each airframe keeps its own cal,apm.pdef.json
INS_ACC3OFFS_Z,INS,,False,True,,,Accelerometer3 offsets of Z axis,Accelerometer3 offsets of Z axis. This is setup using the acceleration calibration or level operations,m/s/s,,,-3.5,3.5,Advanced,,NOT SEEDED - per-unit calibration value; stripped from defaults.parm in 6f1d594 so each airframe keeps its own cal,apm.pdef.json
INS_ACC3SCAL_X,INS,,False,True,,,Accelerometer3 scaling of X axis,Accelerometer3 scaling of X axis. Calculated during acceleration calibration routine,,,,0.8,1.2,Advanced,,NOT SEEDED - per-unit calibration value; stripped from defaults.parm in 6f1d594 so each airframe keeps its own cal,apm.pdef.json
INS_ACC3SCAL_Y,INS,,False,True,,,Accelerometer3 scaling of Y axis,Accelerometer3 scaling of Y axis Calculated during acceleration calibration routine,,,,0.8,1.2,Advanced,,NOT SEEDED - per-unit calibration value; stripped from defaults.parm in 6f1d594 so each airframe keeps its own cal,apm.pdef.json
INS_ACC3SCAL_Z,INS,,False,True,,,Accelerometer3 scaling of Z axis,Accelerometer3 scaling of Z axis Calculated during acceleration calibration routine,,,,0.8,1.2,Advanced,,NOT SEEDED - per-unit calibration value; stripped from defaults.parm in 6f1d594 so each airframe keeps its own cal,apm.pdef.json
INS_ACC3_CALTEMP,INS,,False,True,,,Calibration temperature for 3rd accelerometer,Temperature that the 3rd accelerometer was calibrated at,degC,,,,,Advanced,,NOT SEEDED - per-unit calibration value; stripped from defaults.parm in 6f1d594 so each airframe keeps its own cal,apm.pdef.json
INS_ACC3_ID,INS,,False,True,,,Accelerometer3 ID,"Accelerometer3 sensor ID, taking into account its type, bus and instance",,,,,,Advanced,,NOT SEEDED - per-unit calibration value; stripped from defaults.parm in 6f1d594 so each airframe keeps its own cal,apm.pdef.json
INS_ACCEL_FILTER,INS,10,True,True,,,Accel filter cutoff frequency,Filter cutoff frequency for accelerometers. This can be set to a lower value to try to cope with very high vibration levels in aircraft. A value of zero means no filtering (not recommended!),Hz,,,0,256,Advanced,,,apm.pdef.json
INS_ACCOFFS_X,INS,,False,True,,,Accelerometer offsets of X axis,Accelerometer offsets of X axis. This is setup using the acceleration calibration or level operations,m/s/s,,,-3.5,3.5,Advanced,,NOT SEEDED - per-unit calibration value; stripped from defaults.parm in 6f1d594 so each airframe keeps its own cal,apm.pdef.json
INS_ACCOFFS_Y,INS,,False,True,,,Accelerometer offsets of Y axis,Accelerometer offsets of Y axis. This is setup using the acceleration calibration or level operations,m/s/s,,,-3.5,3.5,Advanced,,NOT SEEDED - per-unit calibration value; stripped from defaults.parm in 6f1d594 so each airframe keeps its own cal,apm.pdef.json
INS_ACCOFFS_Z,INS,,False,True,,,Accelerometer offsets of Z axis,Accelerometer offsets of Z axis. This is setup using the acceleration calibration or level operations,m/s/s,,,-3.5,3.5,Advanced,,NOT SEEDED - per-unit calibration value; stripped from defaults.parm in 6f1d594 so each airframe keeps its own cal,apm.pdef.json
INS_ACCSCAL_X,INS,,False,True,,,Accelerometer scaling of X axis,Accelerometer scaling of X axis. Calculated during acceleration calibration routine,,,,0.8,1.2,Advanced,,NOT SEEDED - per-unit calibration value; stripped from defaults.parm in 6f1d594 so each airframe keeps its own cal,apm.pdef.json
INS_ACCSCAL_Y,INS,,False,True,,,Accelerometer scaling of Y axis,Accelerometer scaling of Y axis Calculated during acceleration calibration routine,,,,0.8,1.2,Advanced,,NOT SEEDED - per-unit calibration value; stripped from defaults.parm in 6f1d594 so each airframe keeps its own cal,apm.pdef.json
INS_ACCSCAL_Z,INS,,False,True,,,Accelerometer scaling of Z axis,Accelerometer scaling of Z axis Calculated during acceleration calibration routine,,,,0.8,1.2,Advanced,,NOT SEEDED - per-unit calibration value; stripped from defaults.parm in 6f1d594 so each airframe keeps its own cal,apm.pdef.json
INS_ACC_BODYFIX,INS,2,True,True,,,Body-fixed accelerometer,The body-fixed accelerometer to be used for trim calculation,,"1:IMU 1, 2:IMU 2, 3:IMU 3",,,,Advanced,,,apm.pdef.json
INS_ACC_ID,INS,,False,True,,,Accelerometer ID,"Accelerometer sensor ID, taking into account its type, bus and instance",,,,,,Advanced,,NOT SEEDED - per-unit calibration value; stripped from defaults.parm in 6f1d594 so each airframe keeps its own cal,apm.pdef.json
INS_ENABLE_MASK,INS,127,True,True,,,IMU enable mask,Bitmask of IMUs to enable. It can be used to prevent startup of specific detected IMUs,,,"0:FirstIMU, 1:SecondIMU, 2:ThirdIMU, 3:FourthIMU, 4:FifthIMU, 5:SixthIMU, 6:SeventhIMU",,,Advanced,,,apm.pdef.json
INS_FAST_SAMPLE,INS,7,True,True,,,Fast sampling mask,"Mask of IMUs to enable fast sampling on, if available",,,"0:FirstIMU, 1:SecondIMU, 2:ThirdIMU",,,Advanced,,,apm.pdef.json
INS_GYR1_CALTEMP,INS,,False,True,,,Calibration temperature for 1st gyroscope,Temperature that the 1st gyroscope was calibrated at,degC,,,,,Advanced,,NOT SEEDED - per-unit calibration value; stripped from defaults.parm in 6f1d594 so each airframe keeps its own cal,apm.pdef.json
INS_GYR2OFFS_X,INS,,False,True,,,Gyro2 offsets of X axis,Gyro2 sensor offsets of X axis. This is setup on each boot during gyro calibrations,rad/s,,,,,Advanced,,NOT SEEDED - per-unit calibration value; stripped from defaults.parm in 6f1d594 so each airframe keeps its own cal,apm.pdef.json
INS_GYR2OFFS_Y,INS,,False,True,,,Gyro2 offsets of Y axis,Gyro2 sensor offsets of Y axis. This is setup on each boot during gyro calibrations,rad/s,,,,,Advanced,,NOT SEEDED - per-unit calibration value; stripped from defaults.parm in 6f1d594 so each airframe keeps its own cal,apm.pdef.json
INS_GYR2OFFS_Z,INS,,False,True,,,Gyro2 offsets of Z axis,Gyro2 sensor offsets of Z axis. This is setup on each boot during gyro calibrations,rad/s,,,,,Advanced,,NOT SEEDED - per-unit calibration value; stripped from defaults.parm in 6f1d594 so each airframe keeps its own cal,apm.pdef.json
INS_GYR2_CALTEMP,INS,,False,True,,,Calibration temperature for 2nd gyroscope,Temperature that the 2nd gyroscope was calibrated at,degC,,,,,Advanced,,NOT SEEDED - per-unit calibration value; stripped from defaults.parm in 6f1d594 so each airframe keeps its own cal,apm.pdef.json
INS_GYR2_ID,INS,,False,True,,,Gyro2 ID,"Gyro2 sensor ID, taking into account its type, bus and instance",,,,,,Advanced,,NOT SEEDED - per-unit calibration value; stripped from defaults.parm in 6f1d594 so each airframe keeps its own cal,apm.pdef.json
INS_GYR3OFFS_X,INS,,False,True,,,Gyro3 offsets of X axis,Gyro3 sensor offsets of X axis. This is setup on each boot during gyro calibrations,rad/s,,,,,Advanced,,NOT SEEDED - per-unit calibration value; stripped from defaults.parm in 6f1d594 so each airframe keeps its own cal,apm.pdef.json
INS_GYR3OFFS_Y,INS,,False,True,,,Gyro3 offsets of Y axis,Gyro3 sensor offsets of Y axis. This is setup on each boot during gyro calibrations,rad/s,,,,,Advanced,,NOT SEEDED - per-unit calibration value; stripped from defaults.parm in 6f1d594 so each airframe keeps its own cal,apm.pdef.json
INS_GYR3OFFS_Z,INS,,False,True,,,Gyro3 offsets of Z axis,Gyro3 sensor offsets of Z axis. This is setup on each boot during gyro calibrations,rad/s,,,,,Advanced,,NOT SEEDED - per-unit calibration value; stripped from defaults.parm in 6f1d594 so each airframe keeps its own cal,apm.pdef.json
INS_GYR3_CALTEMP,INS,,False,True,,,Calibration temperature for 3rd gyroscope,Temperature that the 3rd gyroscope was calibrated at,degC,,,,,Advanced,,NOT SEEDED - per-unit calibration value; stripped from defaults.parm in 6f1d594 so each airframe keeps its own cal,apm.pdef.json
INS_GYR3_ID,INS,,False,True,,,Gyro3 ID,"Gyro3 sensor ID, taking into account its type, bus and instance",,,,,,Advanced,,NOT SEEDED - per-unit calibration value; stripped from defaults.parm in 6f1d594 so each airframe keeps its own cal,apm.pdef.json
INS_GYROFFS_X,INS,,False,True,,,Gyro offsets of X axis,Gyro sensor offsets of X axis. This is setup on each boot during gyro calibrations,rad/s,,,,,Advanced,,NOT SEEDED - per-unit calibration value; stripped from defaults.parm in 6f1d594 so each airframe keeps its own cal,apm.pdef.json
INS_GYROFFS_Y,INS,,False,True,,,Gyro offsets of Y axis,Gyro sensor offsets of Y axis. This is setup on each boot during gyro calibrations,rad/s,,,,,Advanced,,NOT SEEDED - per-unit calibration value; stripped from defaults.parm in 6f1d594 so each airframe keeps its own cal,apm.pdef.json
INS_GYROFFS_Z,INS,,False,True,,,Gyro offsets of Z axis,Gyro sensor offsets of Z axis. This is setup on each boot during gyro calibrations,rad/s,,,,,Advanced,,NOT SEEDED - per-unit calibration value; stripped from defaults.parm in 6f1d594 so each airframe keeps its own cal,apm.pdef.json
INS_GYRO_FILTER,INS,25,True,True,,,Gyro filter cutoff frequency,Filter cutoff frequency for gyroscopes. This can be set to a lower value to try to cope with very high vibration levels in aircraft. A value of zero means no filtering (not recommended!),Hz,,,0,256,Advanced,,,apm.pdef.json
INS_GYRO_RATE,INS,1,True,True,,,Gyro rate for IMUs with Fast Sampling enabled,Gyro rate for IMUs with fast sampling enabled. The gyro rate is the sample rate at which the IMU filters operate and needs to be at least double the maximum filter frequency. If the sensor does not support the selected rate the next highest supported rate will be used. For IMUs which do not support fast sampling this setting is ignored and the default gyro rate of 1Khz is used.,,"0:1kHz, 1:2kHz, 2:4kHz, 3:8kHz",,,,Advanced,True,,apm.pdef.json
INS_GYR_CAL,INS,1,True,True,,,Gyro Calibration scheme,Conrols when automatic gyro calibration is performed,,"0:Never, 1:Start-up only",,,,Advanced,,,apm.pdef.json
INS_GYR_ID,INS,,False,True,,,Gyro ID,"Gyro sensor ID, taking into account its type, bus and instance",,,,,,Advanced,,NOT SEEDED - per-unit calibration value; stripped from defaults.parm in 6f1d594 so each airframe keeps its own cal,apm.pdef.json
INS_HNTC2_ENABLE,INS,0,True,True,,,Harmonic Notch Filter enable,Harmonic Notch Filter enable,,"0:Disabled, 1:Enabled",,,,Advanced,,,apm.pdef.json
INS_HNTCH_ATT,INS,40,True,True,,,Harmonic Notch Filter attenuation,Harmonic Notch Filter attenuation in dB. Values greater than 40dB will typically produce a hard notch rather than a modest attenuation of motor noise.,dB,,,5,50,Advanced,,,apm.pdef.json
INS_HNTCH_BW,INS,40,True,True,,,Harmonic Notch Filter bandwidth,Harmonic Notch Filter bandwidth in Hz. This is typically set to half the base frequency. The ratio of base frequency to bandwidth determines the notch quality factor and is fixed across harmonics.,Hz,,,5,250,Advanced,,,apm.pdef.json
INS_HNTCH_ENABLE,INS,1,True,True,,,Harmonic Notch Filter enable,Harmonic Notch Filter enable,,"0:Disabled, 1:Enabled",,,,Advanced,,,apm.pdef.json
INS_HNTCH_FM_RAT,INS,0.7,True,True,,,Throttle notch min freqency ratio,The minimum ratio below the configured frequency to take throttle based notch filters when flying at a throttle level below the reference throttle. Note that lower frequency notch filters will have more phase lag. If you want throttle based notch filtering to be effective at a throttle up to 30% below the configured notch frequency then set this parameter to 0.7. The default of 1.0 means the notch will not go below the frequency in the FREQ parameter.,,,,0.1,1.0,Advanced,,,apm.pdef.json
INS_HNTCH_FREQ,INS,50,True,True,,,Harmonic Notch Filter base frequency,"Harmonic Notch Filter base center frequency in Hz. This is the center frequency for static notches, the center frequency for Throttle based notches at the reference thrust value, and the minimum limit of center frequency variation for all other notch types. This should always be set lower than half the backend gyro rate (which is typically 1Khz).",Hz,,,10,495,Advanced,,,apm.pdef.json
INS_HNTCH_HMNCS,INS,3,True,True,,,Harmonic Notch Filter harmonics,Bitmask of harmonic frequencies to apply Harmonic Notch Filter to. This option takes effect on the next reboot. A value of 0 disables this filter. The first harmonic refers to the base frequency.,,,"0:1st harmonic, 1:2nd harmonic, 2:3rd harmonic, 3:4th harmonic, 4:5th harmonic, 5:6th harmonic, 6:7th harmonic, 7:8th harmonic, 8:9th harmonic, 9:10th harmonic, 10:11th harmonic, 11:12th harmonic, 12:13th harmonic, 13:14th harmonic, 14:15th harmonic, 15:16th harmonic",,,Advanced,True,,apm.pdef.json
INS_HNTCH_MODE,INS,1,True,True,,,Harmonic Notch Filter dynamic frequency tracking mode,"Harmonic Notch Filter dynamic frequency tracking mode. Dynamic updates can be throttle, RPM sensor, ESC telemetry or dynamic FFT based. Throttle-based harmonic notch cannot be used on fixed wing only planes. It can for Copters, QuaadPlane(while in VTOL modes), and Rovers.",,"0:Fixed, 1:Throttle, 2:RPM Sensor, 3:ESC Telemetry, 4:Dynamic FFT, 5:Second RPM Sensor",,0,5,Advanced,,,apm.pdef.json
INS_HNTCH_OPTS,INS,0,True,True,,,Harmonic Notch Filter options,"Harmonic Notch Filter options. Triple and double-notches can provide deeper attenuation across a wider bandwidth with reduced latency than single notches and are suitable for larger aircraft. Multi-Source attaches a harmonic notch to each detected noise frequency instead of simply being multiples of the base frequency, in the case of FFT it will attach notches to each of three detected noise peaks, in the case of ESC it will attach notches to each of four motor RPM values. Loop rate update changes the notch center frequency at the scheduler loop rate rather than at the default of 200Hz. If both double and triple notches are specified only double notches will take effect.",,,"0:Double notch, 1:Multi-Source, 2:Update at loop rate, 3:EnableOnAllIMUs, 4:Triple notch, 5:Use min freq on RPM source failure",,,Advanced,True,,apm.pdef.json
INS_HNTCH_REF,INS,0.2,True,True,,,Harmonic Notch Filter reference value,"A reference value of zero disables dynamic updates on the Harmonic Notch Filter and a positive value enables dynamic updates on the Harmonic Notch Filter. For throttle-based scaling, this parameter is the reference value associated with the specified frequency to facilitate frequency scaling of the Harmonic Notch Filter. For RPM and ESC telemetry based tracking, this parameter is set to 1 to enable the Harmonic Notch Filter using the RPM sensor or ESC telemetry set to measure rotor speed. The sensor data is converted to Hz automatically for use in the Harmonic Notch Filter. This reference value may also be used to scale the sensor data, if required. For example, rpm sensor data is required to measure heli motor RPM. Therefore the reference value can be used to scale the RPM sensor to the rotor RPM.",,,,0.0,1.0,Advanced,True,,apm.pdef.json
INS_LOG_BAT_CNT,INS,1024,False,True,,,sample count per batch,Number of samples to take when logging streams of IMU sensor readings. Will be rounded down to a multiple of 32. This option takes effect on the next reboot.,,,,,,Advanced,True,Sample count per batch; lowest detectable frequency = sample rate / count. Rounded down to a multiple of 32. Reboot required. UNLOCKED for diagnostic sessions.,apm.pdef.json
INS_LOG_BAT_LGCT,INS,32,False,True,,,logging count,Number of samples to push to count every INS_LOG_BAT_LGIN,,,,,,,,Samples pushed per interval. Raising this can cause timing jitter or choke dataflash logging. UNLOCKED for diagnostic sessions.,apm.pdef.json
INS_LOG_BAT_LGIN,INS,20,False,True,,,logging interval,Interval between pushing samples to the AP_Logger log,ms,,,,,,,Interval between pushes to the log. Lowering improves FFT resolution but is limited by log throughput. UNLOCKED for diagnostic sessions.,apm.pdef.json
INS_LOG_BAT_MASK,INS,0,False,True,,,Sensor Bitmask,Bitmap of which IMUs to log batch data for. This option takes effect on the next reboot.,,,"0:IMU1, 1:IMU2, 2:IMU3",,,Advanced,True,Master switch for IMU batch sampling (raw IMU capture for offline FFT). 0 = off; set 1 for IMU1. UNLOCKED so a field session does not need a firmware rebuild. Reboot required; allocates 3 x INS_LOG_BAT_CNT x 2 bytes (6144 at CNT=1024). Set back to 0 and reboot when finished to free the RAM.,apm.pdef.json
INS_LOG_BAT_OPT,INS,0,False,True,,,Batch Logging Options Mask,Options for the BatchSampler.,,,"0:Sensor-Rate Logging (sample at full sensor rate seen by AP), 1:Sample post-filtering, 2:Sample pre- and post-filter",,,Advanced,,Batch sampling mode. Set 4 (bit 2 = pre- and post-filter 1kHz) for initial FFT analysis per the ArduPilot batch-sampling guide. UNLOCKED alongside INS_LOG_BAT_MASK.,apm.pdef.json
INS_POS1_X,INS,0,True,True,,,IMU accelerometer X position,"X position of the first IMU Accelerometer in body frame. Positive X is forward of the origin. Attention: The IMU should be located as close to the vehicle c.g. as practical so that the value of this parameter is minimised. Failure to do so can result in noisy navigation velocity measurements due to vibration and IMU gyro noise. If the IMU cannot be moved and velocity noise is a problem, a location closer to the IMU can be used as the body frame origin.",m,,,-5,5,Advanced,,,apm.pdef.json
INS_POS1_Y,INS,0,True,True,,,IMU accelerometer Y position,"Y position of the first IMU accelerometer in body frame. Positive Y is to the right of the origin. Attention: The IMU should be located as close to the vehicle c.g. as practical so that the value of this parameter is minimised. Failure to do so can result in noisy navigation velocity measurements due to vibration and IMU gyro noise. If the IMU cannot be moved and velocity noise is a problem, a location closer to the IMU can be used as the body frame origin.",m,,,-5,5,Advanced,,,apm.pdef.json
INS_POS1_Z,INS,0,True,True,,,IMU accelerometer Z position,"Z position of the first IMU accelerometer in body frame. Positive Z is down from the origin. Attention: The IMU should be located as close to the vehicle c.g. as practical so that the value of this parameter is minimised. Failure to do so can result in noisy navigation velocity measurements due to vibration and IMU gyro noise. If the IMU cannot be moved and velocity noise is a problem, a location closer to the IMU can be used as the body frame origin.",m,,,-5,5,Advanced,,,apm.pdef.json
INS_POS2_X,INS,0,True,True,,,IMU accelerometer X position,"X position of the second IMU accelerometer in body frame. Positive X is forward of the origin. Attention: The IMU should be located as close to the vehicle c.g. as practical so that the value of this parameter is minimised. Failure to do so can result in noisy navigation velocity measurements due to vibration and IMU gyro noise. If the IMU cannot be moved and velocity noise is a problem, a location closer to the IMU can be used as the body frame origin.",m,,,-5,5,Advanced,,,apm.pdef.json
INS_POS2_Y,INS,0,True,True,,,IMU accelerometer Y position,"Y position of the second IMU accelerometer in body frame. Positive Y is to the right of the origin. Attention: The IMU should be located as close to the vehicle c.g. as practical so that the value of this parameter is minimised. Failure to do so can result in noisy navigation velocity measurements due to vibration and IMU gyro noise. If the IMU cannot be moved and velocity noise is a problem, a location closer to the IMU can be used as the body frame origin.",m,,,-5,5,Advanced,,,apm.pdef.json
INS_POS2_Z,INS,0,True,True,,,IMU accelerometer Z position,"Z position of the second IMU accelerometer in body frame. Positive Z is down from the origin. Attention: The IMU should be located as close to the vehicle c.g. as practical so that the value of this parameter is minimised. Failure to do so can result in noisy navigation velocity measurements due to vibration and IMU gyro noise. If the IMU cannot be moved and velocity noise is a problem, a location closer to the IMU can be used as the body frame origin.",m,,,-5,5,Advanced,,,apm.pdef.json
INS_POS3_X,INS,0,True,True,,,IMU accelerometer X position,"X position of the third IMU accelerometer in body frame. Positive X is forward of the origin. Attention: The IMU should be located as close to the vehicle c.g. as practical so that the value of this parameter is minimised. Failure to do so can result in noisy navigation velocity measurements due to vibration and IMU gyro noise. If the IMU cannot be moved and velocity noise is a problem, a location closer to the IMU can be used as the body frame origin.",m,,,-10,10,Advanced,,,apm.pdef.json
INS_POS3_Y,INS,0,True,True,,,IMU accelerometer Y position,"Y position of the third IMU accelerometer in body frame. Positive Y is to the right of the origin. Attention: The IMU should be located as close to the vehicle c.g. as practical so that the value of this parameter is minimised. Failure to do so can result in noisy navigation velocity measurements due to vibration and IMU gyro noise. If the IMU cannot be moved and velocity noise is a problem, a location closer to the IMU can be used as the body frame origin.",m,,,-5,5,Advanced,,,apm.pdef.json
INS_POS3_Z,INS,0,True,True,,,IMU accelerometer Z position,"Z position of the third IMU accelerometer in body frame. Positive Z is down from the origin. Attention: The IMU should be located as close to the vehicle c.g. as practical so that the value of this parameter is minimised. Failure to do so can result in noisy navigation velocity measurements due to vibration and IMU gyro noise. If the IMU cannot be moved and velocity noise is a problem, a location closer to the IMU can be used as the body frame origin.",m,,,-5,5,Advanced,,,apm.pdef.json
INS_RAW_LOG_OPT,INS,0,True,True,,,Raw logging options,Raw logging options bitmask,,,"0:Log primary gyro only, 1:Log all gyros, 2:Post filter, 3:Pre and post filter",,,Advanced,,"Still READONLY. Only applies to the much heavier LOG_BITMASK bit 19 (Raw IMU) path, which is not used for batch sampling.",apm.pdef.json
INS_STILL_THRESH,INS,2.5,True,True,,,Stillness threshold for detecting if we are moving,"Threshold to tolerate vibration to determine if vehicle is motionless. This depends on the frame type and if there is a constant vibration due to motors before launch or after landing. Total motionless is about 0.05. Suggested values: Planes/rover use 0.1, multirotors use 1, tradHeli uses 5",,,,0.05,50,Advanced,,,apm.pdef.json
INS_TCAL1_ENABLE,INS,0,True,True,,,Enable temperature calibration,"Enable the use of temperature calibration parameters for this IMU. For automatic learning set to 2 and also set the INS_TCALn_TMAX to the target temperature, then reboot",,"0:Disabled, 1:Enabled, 2:LearnCalibration",,,,Advanced,True,,apm.pdef.json
INS_TCAL2_ENABLE,INS,0,True,True,,,Enable temperature calibration,"Enable the use of temperature calibration parameters for this IMU. For automatic learning set to 2 and also set the INS_TCALn_TMAX to the target temperature, then reboot",,"0:Disabled, 1:Enabled, 2:LearnCalibration",,,,Advanced,True,,apm.pdef.json
INS_TCAL3_ENABLE,INS,0,True,True,,,Enable temperature calibration,"Enable the use of temperature calibration parameters for this IMU. For automatic learning set to 2 and also set the INS_TCALn_TMAX to the target temperature, then reboot",,"0:Disabled, 1:Enabled, 2:LearnCalibration",,,,Advanced,True,,apm.pdef.json
INS_TCAL_OPTIONS,INS,0,True,True,,,Options for temperature calibration,This enables optional temperature calibration features. Setting of the Persist bits will save the temperature and/or accelerometer calibration parameters in the bootloader sector on the next update of the bootloader.,,,"0:PersistTemps, 1:PersistAccels",,,Advanced,,,apm.pdef.json
INS_TRIM_OPTION,INS,1,True,True,,,Accel cal trim option,Specifies how the accel cal routine determines the trims,,"0:Don't adjust the trims, 1:Assume first orientation was level, 2:Assume ACC_BODYFIX is perfectly aligned to the vehicle",,,,Advanced,,,apm.pdef.json
INS_USE,INS,1,True,True,,,"Use first IMU for attitude, velocity and position estimates","Use first IMU for attitude, velocity and position estimates",,"0:Disabled, 1:Enabled",,,,Advanced,,,apm.pdef.json
INS_USE2,INS,1,True,True,,,"Use second IMU for attitude, velocity and position estimates","Use second IMU for attitude, velocity and position estimates",,"0:Disabled, 1:Enabled",,,,Advanced,,,apm.pdef.json
INS_USE3,INS,1,True,True,,,"Use third IMU for attitude, velocity and position estimates","Use third IMU for attitude, velocity and position estimates",,"0:Disabled, 1:Enabled",,,,Advanced,,,apm.pdef.json
KDE_NPOLE,KDE,14,True,True,,,Number of motor poles,Sets the number of motor poles to calculate the correct RPM value,,,,,,,,,apm.pdef.json
LAND_ALT_LOW,LAND,1000,False,True,,,Land alt low,Altitude during Landing at which vehicle slows to LAND_SPEED,cm,,,100,10000,Advanced,,,apm.pdef.json
LAND_REPOSITION,LAND,1,False,True,,,Land repositioning,"Enables user input during LAND mode, the landing phase of RTL, and auto mode landings.",,"0:No repositioning, 1:Repositioning",,,,Advanced,,,apm.pdef.json
LAND_RNG_ALT,LAND,800,False,True,600,2000,Land rangefinder altitude threshold,"Altitude in cm at which rangefinder-based landing speed limiting activates. When the rangefinder detects altitude below this value, descent speed is limited to LAND_RNG_SPD. Set to 0 to disable.",cm,,,0,2000,Standard,,,apm.pdef.json
LAND_RNG_EN,LAND,1,False,True,,,Rangefinder Landing Speed Limit Enable,"When set, the downward rangefinder is used to limit descent speed near the ground (per LAND_RNG_ALT / LAND_RNG_SPD) regardless of whether the rangefinder is enabled for terrain following (RFND_BTN_EN). The rangefinder hardware must still be installed and producing healthy data. Set to 0 to disable the feature entirely.",,"0:Disabled, 1:Enabled",,,,Standard,,,apm.pdef.json
LAND_RNG_SPD,LAND,45,False,True,30,200,Land rangefinder speed limit,Maximum descent speed in cm/s when rangefinder altitude is below LAND_RNG_ALT. This limits both autonomous and pilot-commanded descent rates to prevent hard landings.,cm/s,,,30,200,Standard,,,apm.pdef.json
LAND_SPEED,LAND,50,False,True,20,200,Land speed,The descent speed for the final stage of landing in cm/s,cm/s,,,30,200,Standard,,,apm.pdef.json
LAND_SPEED_HIGH,LAND,0,False,True,0,200,Land speed high,The descent speed for the first stage of landing in cm/s. If this is zero then WPNAV_SPEED_DN is used,cm/s,,,0,500,Standard,,,apm.pdef.json
LGR_ENABLE,LGR,0,True,False,,,Enable landing gear,Enable landing gear control,,"0:Disabled, 1:Enabled",,,,Standard,,,apm.pdef.json
LOG_BACKEND_TYPE,LOG,1,True,True,,,AP_Logger Backend Storage type,Bitmap of what Logger backend types to enable. Block-based logging is available on SITL and boards with dataflash chips. Multiple backends can be selected.,,,"0:File, 1:MAVLink, 2:Block",,,Standard,,,apm.pdef.json
LOG_BITMASK,LOG,178174,False,True,,,Log bitmask,Bitmap of what on-board log types to enable. This value is made up of the sum of each of the log types you want to be saved. It is usually best just to enable all basiclog types by setting this to 65535. Note that if you want to reduce log sizes you should consider using LOG_FILE_RATEMAX instead of disabling logging items with this parameter.,,,"0:Fast Attitude, 1:Medium Attitude, 2:GPS, 3:System Performance, 4:Control Tuning, 5:Navigation Tuning, 6:RC input, 7:IMU, 8:Mission Commands, 9:Battery Monitor, 10:RC output, 11:Optical Flow, 12:PID, 13:Compass, 15:Camera, 17:Motors, 18:Fast IMU, 19:Raw IMU, 20:Video Stabilization, 21:Fast harmonic notch logging",,,Standard,,,apm.pdef.json
LOG_DARM_RATEMAX,LOG,0,True,True,,,Maximum logging rate when disarmed,This sets the maximum rate that streaming log messages will be logged to any backend when disarmed. A value of zero means that the normal backend rate limit is applied.,Hz,,,0,1000,Standard,,,apm.pdef.json
LOG_DISARMED,LOG,0,False,True,,,Enable logging while disarmed,"If LOG_DISARMED is set to 1 then logging will be enabled at all times including when disarmed. Logging before arming can make for very large logfiles but can help a lot when tracking down startup issues and is necessary if logging of EKF replay data is selected via the LOG_REPLAY parameter. If LOG_DISARMED is set to 2, then logging will be enabled when disarmed, but not if a USB connection is detected. This can be used to prevent unwanted data logs being generated when the vehicle is connected via USB for log downloading or parameter changes. If LOG_DISARMED is set to 3 then logging will happen while disarmed, but if the vehicle never arms then the logs using the filesystem backend will be discarded on the next boot.",,"0:Disabled, 1:Enabled, 2:Disabled on USB connection, 3:Discard log on reboot if never armed",,,,Standard,,,apm.pdef.json
LOG_FILE_BUFSIZE,LOG,200,True,True,,,Logging File and Block Backend buffer size max (in kilobytes),"The File and Block backends use a buffer to store data before writing to the block device. Raising this value may reduce ""gaps"" in your SD card logging but increases memory usage. This buffer size may be reduced to free up available memory",kB,,,4,200,Standard,,,apm.pdef.json
LOG_FILE_DSRMROT,LOG,1,False,True,,,Stop logging to current file on disarm,"When set, the current log file is closed when the vehicle is disarmed. If LOG_DISARMED is set then a fresh log will be opened. Applies to the File and Block logging backends.",,"0:Disabled, 1:Enabled",,,,Standard,,,apm.pdef.json
LOG_FILE_MB_FREE,LOG,500,True,True,,,Old logs on the SD card will be deleted to maintain this amount of free space,Set this such that the free space is larger than your largest typical flight log,MB,,,10,1000,Standard,,,apm.pdef.json
LOG_FILE_RATEMAX,LOG,0,False,True,,,Maximum logging rate for file backend,This sets the maximum rate that streaming log messages will be logged to the file backend. A value of zero means that rate limiting is disabled.,Hz,,,0,1000,Standard,,,apm.pdef.json
LOG_FILE_TIMEOUT,LOG,5,True,True,,,Timeout before giving up on file writes,This controls the amount of time before failing writes to a log file cause the file to be closed and logging stopped.,s,,,,,Standard,,,apm.pdef.json
LOG_MAV_BUFSIZE,LOG,8,True,True,,,Maximum AP_Logger MAVLink Backend buffer size,Maximum amount of memory to allocate to AP_Logger-over-mavlink,kB,,,,,Advanced,,,apm.pdef.json
LOG_MAV_RATEMAX,LOG,0,True,True,,,Maximum logging rate for mavlink backend,This sets the maximum rate that streaming log messages will be logged to the mavlink backend. A value of zero means that rate limiting is disabled.,Hz,,,0,1000,Standard,,,apm.pdef.json
LOG_MAX_FILES,LOG,500,False,True,,,Maximum number of log files,This sets the maximum number of log file that will be written on dataflash or sd card before starting to rotate log number. Limit is capped at 500 logs.,,,,2,500,Advanced,True,,apm.pdef.json
LOG_REPLAY,LOG,0,True,True,,,Enable logging of information needed for Replay,If LOG_REPLAY is set to 1 then the EKF2 and EKF3 state estimators will log detailed information needed for diagnosing problems with the Kalman filter. LOG_DISARMED must be set to 1 or 2 or else the log will not contain the pre-flight data required for replay testing of the EKF's. It is suggested that you also raise LOG_FILE_BUFSIZE to give more buffer space for logging and use a high quality microSD card to ensure no sensor data is lost.,,"0:Disabled, 1:Enabled",,,,Standard,,,apm.pdef.json
LOIT_ACC_MAX,LOIT,500,False,True,300,800,Loiter maximum correction acceleration,Loiter maximum correction acceleration in cm/s/s. Higher values cause the copter to correct position errors more aggressively.,cm/s/s,,,100,981,Advanced,,,apm.pdef.json
LOIT_ANG_MAX,LOIT,0,False,True,,,Loiter pilot angle max,Loiter maximum pilot requested lean angle. Set to zero for 2/3 of PSC_ANGLE_MAX/ANGLE_MAX. The maximum vehicle lean angle is still limited by PSC_ANGLE_MAX/ANGLE_MAX,deg,,,0,45,Advanced,,,apm.pdef.json
LOIT_BRK_ACCEL,LOIT,250,False,True,200,400,Loiter braking acceleration,Loiter braking acceleration in cm/s/s. Higher values stop the copter more quickly when the stick is centered.,cm/s/s,,,25,250,Advanced,,,apm.pdef.json
LOIT_BRK_DELAY,LOIT,1,False,True,,,Loiter brake start delay (in seconds),Loiter brake start delay (in seconds),s,,,0,2,Advanced,,,apm.pdef.json
LOIT_BRK_JERK,LOIT,500,False,True,300,600,Loiter braking jerk,Loiter braking jerk in cm/s/s/s. Higher values will remove braking faster if the pilot moves the sticks during a braking maneuver.,cm/s/s/s,,,500,5000,Advanced,,,apm.pdef.json
LOIT_SPEED,LOIT,800,False,True,50,2000,Loiter Horizontal Maximum Speed,Defines the maximum speed in cm/s which the aircraft will travel horizontally while in loiter mode,cm/s,,,20,3500,Standard,,,apm.pdef.json
MIS_LAST_INDEX,MIS,0,False,True,,,Last mission index,Last mission item index saved on disarm. Used to resume mission after power cycle. Automatically managed by system.,,,,0,32766,Advanced,,,apm.pdef.json
MIS_OPTIONS,MIS,0,False,True,,,Mission options bitmask,Bitmask of what options to use in missions.,,,"0:Clear Mission on reboot, 2:ContinueAfterLand",,,Advanced,,,apm.pdef.json
MIS_RESTART,MIS,0,False,True,,,Mission Restart when entering Auto mode,Controls mission starting point when entering Auto mode (either restart from beginning of mission or resume from last command run),,"0:Resume Mission, 1:Restart Mission",,,,Advanced,,,apm.pdef.json
MIS_TOTAL,MIS,,False,True,,,Total mission commands,The number of mission mission items that has been loaded by the ground station. Do not change this manually.,,,,0,32766,Advanced,,NOT SEEDED - runtime-managed; deliberately omitted from defaults.parm so a fresh board does not inherit stale state,apm.pdef.json
MNT1_DEFLT_MODE,MNT,3,False,True,,,Mount default operating mode,Mount default operating mode on startup and after control is returned from autopilot,,"0:Retracted, 1:Neutral, 2:MavLink Targeting, 3:RC Targeting, 4:GPS Point, 5:SysID Target, 6:Home Location",,,,Standard,,,apm.pdef.json
MNT1_DEVID,MNT,0,True,True,,,Mount Device ID,"Mount device ID, taking into account its type, bus and instance",,,,,,Advanced,,,apm.pdef.json
MNT1_LEAD_PTCH,MNT,0,True,True,,,Mount Pitch stabilization lead time,Servo mount pitch angle output leads the vehicle angle by this amount of time based on current pitch rate. Increase until the servo is responsive but does not overshoot,s,,,0.0,0.2,Standard,,,apm.pdef.json
MNT1_LEAD_RLL,MNT,0,True,True,,,Mount Roll stabilization lead time,Servo mount roll angle output leads the vehicle angle by this amount of time based on current roll rate. Increase until the servo is responsive but does not overshoot,s,,,0.0,0.2,Standard,,,apm.pdef.json
MNT1_NEUTRAL_X,MNT,0,False,True,,,Mount roll angle when in neutral position,Mount roll angle when in neutral position,deg,,,-180.0,180.0,Standard,,,apm.pdef.json
MNT1_NEUTRAL_Y,MNT,0,False,True,,,Mount pitch angle when in neutral position,Mount pitch angle when in neutral position,deg,,,-180.0,180.0,Standard,,,apm.pdef.json
MNT1_NEUTRAL_Z,MNT,0,False,True,,,Mount yaw angle when in neutral position,Mount yaw angle when in neutral position,deg,,,-180.0,180.0,Standard,,,apm.pdef.json
MNT1_OPTIONS,MNT,0,False,True,,,Mount options,Mount options bitmask,,,0:RC lock state from previous mode,,,Standard,,,apm.pdef.json
MNT1_PITCH_MAX,MNT,20,False,True,,,Mount Pitch angle maximum,Mount Pitch angle maximum,deg,,,-90,90,Standard,,,apm.pdef.json
MNT1_PITCH_MIN,MNT,-90,False,True,,,Mount Pitch angle minimum,Mount Pitch angle minimum,deg,,,-90,90,Standard,,,apm.pdef.json
MNT1_RC_RATE,MNT,90,False,True,,,Mount RC Rate,Pilot rate control's maximum rate. Set to zero to use angle control,deg/s,,,0,90,Standard,,,apm.pdef.json
MNT1_RETRACT_X,MNT,0,False,True,,,Mount roll angle when in retracted position,Mount roll angle when in retracted position,deg,,,-180.0,180.0,Standard,,,apm.pdef.json
MNT1_RETRACT_Y,MNT,0,False,True,,,Mount pitch angle when in retracted position,Mount pitch angle when in retracted position,deg,,,-180.0,180.0,Standard,,,apm.pdef.json
MNT1_RETRACT_Z,MNT,0,False,True,,,Mount yaw angle when in retracted position,Mount yaw angle when in retracted position,deg,,,-180.0,180.0,Standard,,,apm.pdef.json
MNT1_ROLL_MAX,MNT,30,False,True,,,Mount Roll angle maximum,Mount Roll angle maximum,deg,,,-180,180,Standard,,,apm.pdef.json
MNT1_ROLL_MIN,MNT,-30,False,True,,,Mount Roll angle minimum,Mount Roll angle minimum,deg,,,-180,180,Standard,,,apm.pdef.json
MNT1_SYSID_DFLT,MNT,0,False,True,,,Mount Target sysID,Default Target sysID for the mount to point to,,,,,,Standard,True,,apm.pdef.json
MNT1_TYPE,MNT,6,False,True,,,Mount Type,Mount Type,,"0:None, 1:Servo, 2:3DR Solo, 3:Alexmos Serial, 4:SToRM32 MAVLink, 5:SToRM32 Serial, 6:Gremsy, 7:BrushlessPWM, 8:Siyi, 9:Scripting, 10:Xacti, 11:Viewpro, 12:Topotek, 13:CADDX",,,,Standard,True,,apm.pdef.json
MNT1_YAW_MAX,MNT,180,False,True,,,Mount Yaw angle maximum,Mount Yaw angle maximum,deg,,,-180,180,Standard,,,apm.pdef.json
MNT1_YAW_MIN,MNT,-180,False,True,,,Mount Yaw angle minimum,Mount Yaw angle minimum,deg,,,-180,180,Standard,,,apm.pdef.json
MNT2_TYPE,MNT,0,True,True,,,Mount Type,Mount Type,,"0:None, 1:Servo, 2:3DR Solo, 3:Alexmos Serial, 4:SToRM32 MAVLink, 5:SToRM32 Serial, 6:Gremsy, 7:BrushlessPWM, 8:Siyi, 9:Scripting, 10:Xacti, 11:Viewpro, 12:Topotek, 13:CADDX",,,,Standard,True,,apm.pdef.json
MOT_BAT_CURR_MAX,MOT,0,True,True,,,Motor Current Max,Maximum current over which maximum throttle is limited (0 = Disabled),A,,,0,200,Advanced,,,apm.pdef.json
MOT_BAT_CURR_TC,MOT,5,True,True,,,Motor Current Max Time Constant,Time constant used to limit the maximum current,s,,,0,10,Advanced,,,apm.pdef.json
MOT_BAT_IDX,MOT,0,True,True,,,Battery compensation index,Which battery monitor should be used for doing compensation,,"0:First battery, 1:Second battery",,,,Advanced,,,apm.pdef.json
MOT_BAT_VOLT_MAX,MOT,25.2,True,True,,,Battery voltage compensation maximum voltage,"Battery voltage compensation maximum voltage (voltage above this will have no additional scaling effect on thrust). Recommend 4.2 * cell count, 0 = Disabled",V,,,6,53,Advanced,,,apm.pdef.json
MOT_BAT_VOLT_MIN,MOT,19.8,True,True,,,Battery voltage compensation minimum voltage,"Battery voltage compensation minimum voltage (voltage below this will have no additional scaling effect on thrust). Recommend 3.3 * cell count, 0 = Disabled",V,,,6,42,Advanced,,,apm.pdef.json
MOT_BOOST_SCALE,MOT,0,True,True,,,Motor boost scale,Booster motor output scaling factor vs main throttle. The output to the BoostThrottle servo will be the main throttle times this scaling factor. A higher scaling factor will put more of the load on the booster motor. A value of 1 will set the BoostThrottle equal to the main throttle.,,,,0,5,Advanced,,,apm.pdef.json
MOT_HOVER_LEARN,MOT,2,False,True,,,Hover Value Learning,Enable/Disable automatic learning of hover throttle,,"0:Disabled, 1:Learn, 2:Learn and Save",,,,Advanced,,,apm.pdef.json
MOT_OPTIONS,MOT,0,True,True,,,Motor options,Motor options,,,0:Voltage compensation uses raw voltage,,,Advanced,,,apm.pdef.json
MOT_PWM_MAX,MOT,1900,True,True,,,PWM output maximum,This sets the max PWM value in microseconds that will ever be output to the motors,PWM,,,0,2000,Advanced,,,apm.pdef.json
MOT_PWM_MIN,MOT,1050,True,True,,,PWM output minimum,This sets the min PWM output value in microseconds that will ever be output to the motors,PWM,,,0,2000,Advanced,,,apm.pdef.json
MOT_PWM_TYPE,MOT,0,True,True,,,Output PWM type,"This selects the output PWM type, allowing for normal PWM continuous output, OneShot, brushed or DShot motor output.PWMRange and PWMAngle are PWM special/rare cases for ESCs that dont calibrate normally (some Sub motors) or where each ESC must have its PWM range set individually using the Servo params instead of PWM_MIN/MAX parameters.",,"0:Normal, 1:OneShot, 2:OneShot125, 3:Brushed, 4:DShot150, 5:DShot300, 6:DShot600, 7:DShot1200, 8:PWMRange, 9:PWMAngle",,,,Advanced,True,,apm.pdef.json
MOT_SAFE_DISARM,MOT,0,True,True,,,Motor PWM output disabled when disarmed,Disables motor PWM output when disarmed,,"0:PWM enabled while disarmed, 1:PWM disabled while disarmed",,,,Advanced,,,apm.pdef.json
MOT_SAFE_TIME,MOT,1,True,True,,,Time taken to disable and enable the motor PWM output when disarmed and armed.,Time taken to disable and enable the motor PWM output when disarmed and armed.,s,,,0,5,Advanced,,,apm.pdef.json
MOT_SLEW_DN_TIME,MOT,0,True,True,,,Output slew time for decreasing throttle,Time in seconds to slew output from full to zero. This is used to limit the rate at which output can change. Range is constrained between 0 and 0.5.,s,,,0,.5,Advanced,,,apm.pdef.json
MOT_SLEW_UP_TIME,MOT,0,True,True,,,Output slew time for increasing throttle,Time in seconds to slew output from zero to full. This is used to limit the rate at which output can change. Range is constrained between 0 and 0.5.,s,,,0,.5,Advanced,,,apm.pdef.json
MOT_SPIN_ARM,MOT,0.11,True,True,,,Motor Spin armed,Point at which the motors start to spin expressed as a number from 0 to 1 in the entire output range. Should be lower than MOT_SPIN_MIN.,,"0.0:Low, 0.1:Default, 0.2:High",,,,Advanced,,,apm.pdef.json
MOT_SPIN_MAX,MOT,0.95,True,True,,,Motor Spin maximum,Point at which the thrust saturates expressed as a number from 0 to 1 in the entire output range,,"0.9:Low, 0.95:Default, 1.0:High",,,,Advanced,,,apm.pdef.json
MOT_SPIN_MIN,MOT,0.14,True,True,,,Motor Spin minimum,Point at which the thrust starts expressed as a number from 0 to 1 in the entire output range. Should be higher than MOT_SPIN_ARM.,,"0.0:Low, 0.15:Default, 0.25:High",,,,Advanced,,,apm.pdef.json
MOT_SPOOL_TIME,MOT,0.5,True,True,,,Spool up time,Time in seconds to spool up the motors from zero to min throttle.,s,,,0.05,2,Advanced,,,apm.pdef.json
MOT_SPOOL_TIM_DN,MOT,0,True,True,,,Spool down time,Time taken to spool down the motors from min to zero throttle. If set to 0 then SPOOL_TIME is used instead.,s,,,0,2,Advanced,,,apm.pdef.json
MOT_THST_EXPO,MOT,0.7,True,True,,,Thrust Curve Expo,Motor thrust curve exponent (0.0 for linear to 1.0 for second order curve),,,,-1.0,1.0,Advanced,,,apm.pdef.json
MOT_THST_HOVER,MOT,0.201434,True,True,,,Thrust Hover Value,Motor thrust needed to hover expressed as a number from 0 to 1,,,,0.125,0.6875,Advanced,,,apm.pdef.json
MOT_YAW_HEADROOM,MOT,200,True,True,,,Matrix Yaw Min,Yaw control is given at least this pwm in microseconds range,PWM,,,0,500,Advanced,,,apm.pdef.json
MSP_OPTIONS,MSP,0,True,True,,,MSP OSD Options,"A bitmask to set some MSP specific options: EnableTelemetryMode-allows ""push"" mode telemetry when only rx line of OSD ic connected to autopilot, EnableBTFLFonts-uses indexes corresponding to Betaflight fonts if OSD uses those instead of ArduPilot fonts.",,,"0:EnableTelemetryMode, 1:unused, 2:EnableBTFLFonts",,,Standard,,,apm.pdef.json
MSP_OSD_NCELLS,MSP,0,True,True,,,Cell count override,Used for average cell voltage calculation,,"0:Auto, 1:1, 2:2, 3:3, 4:4, 5:5, 6:6, 7:7, 8:8, 9:9, 10:10, 11:11, 12:12, 13:13, 14:14",,,,Standard,,,apm.pdef.json
NET_ENABLE,NET,0,True,True,,,Networking Enable,Networking Enable,,"0:Disable, 1:Enable",,,,Advanced,True,,apm.pdef.json
NET_P1_TYPE,NET,0,True,True,,,Port type,Port type for network serial port. For the two client types a valid destination IP address must be set. For the two server types either 0.0.0.0 or a local address can be used. The UDP client type will use broadcast if the IP is set to 255.255.255.255 and will use UDP multicast if the IP is in the multicast address range.,,"0:Disabled, 1:UDP client, 2:UDP server, 3:TCP client, 4:TCP server",,,,Advanced,True,,apm.pdef.json
NET_P2_TYPE,NET,0,True,True,,,Port type,Port type for network serial port. For the two client types a valid destination IP address must be set. For the two server types either 0.0.0.0 or a local address can be used. The UDP client type will use broadcast if the IP is set to 255.255.255.255 and will use UDP multicast if the IP is in the multicast address range.,,"0:Disabled, 1:UDP client, 2:UDP server, 3:TCP client, 4:TCP server",,,,Advanced,True,,apm.pdef.json
NET_P3_TYPE,NET,0,True,True,,,Port type,Port type for network serial port. For the two client types a valid destination IP address must be set. For the two server types either 0.0.0.0 or a local address can be used. The UDP client type will use broadcast if the IP is set to 255.255.255.255 and will use UDP multicast if the IP is in the multicast address range.,,"0:Disabled, 1:UDP client, 2:UDP server, 3:TCP client, 4:TCP server",,,,Advanced,True,,apm.pdef.json
NET_P4_TYPE,NET,0,True,True,,,Port type,Port type for network serial port. For the two client types a valid destination IP address must be set. For the two server types either 0.0.0.0 or a local address can be used. The UDP client type will use broadcast if the IP is set to 255.255.255.255 and will use UDP multicast if the IP is in the multicast address range.,,"0:Disabled, 1:UDP client, 2:UDP server, 3:TCP client, 4:TCP server",,,,Advanced,True,,apm.pdef.json
NMEA_MSG_EN,NMEA,3,False,True,,,Messages Enable bitmask,This is a bitmask of enabled NMEA messages. All messages will be sent consecutively at the same rate interval,,,"0:GPGGA, 1:GPRMC, 2:PASHR",,,Standard,,,apm.pdef.json
NMEA_RATE_MS,NMEA,100,False,True,,,NMEA Output rate,NMEA Output rate. This controls the interval at which all the enabled NMEA messages are sent. Most NMEA systems expect 100ms (10Hz) or slower.,ms,,,20,2000,Standard,,,apm.pdef.json
NTF_BUZZ_ON_LVL,NTF,1,True,False,,,Buzzer-on pin logic level,Specifies pin level that indicates buzzer should play,,"0:LowIsOn, 1:HighIsOn",,,,Advanced,,,apm.pdef.json
NTF_BUZZ_PIN,NTF,0,True,False,,,Buzzer pin,"Enables to connect active buzzer to arbitrary pin. Requires 3-pin buzzer or additional MOSFET! Some the Wiki's ""GPIOs"" page for how to determine the pin number for a given autopilot.",,-1:Disabled,,,,Advanced,,,apm.pdef.json
NTF_BUZZ_TYPES,NTF,5,True,False,,,Buzzer Driver Types,Controls what types of Buzzer will be enabled,,,"0:Built-in buzzer, 1:DShot, 2:DroneCAN",,,Advanced,,,apm.pdef.json
NTF_BUZZ_VOLUME,NTF,100,True,False,,,Buzzer volume,Control the volume of the buzzer,%,,,0,100,,,,apm.pdef.json
NTF_DISPLAY_TYPE,NTF,0,True,False,,,Type of on-board I2C display,This sets up the type of on-board I2C display. Disabled by default.,,"0:Disable, 1:ssd1306, 2:sh1106, 10:SITL",,,,Advanced,,,apm.pdef.json
NTF_LED_BRIGHT,NTF,3,True,False,,,LED Brightness,Select the RGB LED brightness level. When USB is connected brightness will never be higher than low regardless of the setting.,,"0:Off, 1:Low, 2:Medium, 3:High",,,,Advanced,,,apm.pdef.json
NTF_LED_LEN,NTF,1,True,False,,,Serial LED String Length,The number of Serial LED's to use for notifications (NeoPixel's and ProfiLED),,,,1,32,Advanced,True,,apm.pdef.json
NTF_LED_OVERRIDE,NTF,0,True,False,,,Specifies colour source for the RGBLed,"Specifies the source for the colours and brightness for the LED. OutbackChallenge conforms to the MedicalExpress (https://uavchallenge.org/medical-express/) rules, essentially ""Green"" is disarmed (safe-to-approach), ""Red"" is armed (not safe-to-approach). Traffic light is a simplified color set, red when armed, yellow when the safety switch is not surpressing outputs (but disarmed), and green when outputs are surpressed and disarmed, the LED will blink faster if disarmed and failing arming checks.",,"0:Standard, 1:MAVLink/Scripting/AP_Periph, 2:OutbackChallenge, 3:TrafficLight",,,,Advanced,,,apm.pdef.json
NTF_LED_TYPES,NTF,231,True,False,,,LED Driver Types,Controls what types of LEDs will be enabled,,,"0:Built-in LED, 1:Internal ToshibaLED, 2:External ToshibaLED, 3:External PCA9685, 4:Oreo LED, 5:DroneCAN, 6:NCP5623 External, 7:NCP5623 Internal, 8:NeoPixel, 9:ProfiLED, 10:Scripting, 11:DShot, 12:ProfiLED_SPI, 13:LP5562 External, 14:LP5562 Internal, 15:IS31FL3195 External, 16:IS31FL3195 Internal, 17:DiscreteRGB, 18:NeoPixelRGB",,,Advanced,,,apm.pdef.json
NTF_OREO_THEME,NTF,0,True,False,,,OreoLED Theme,"Enable/Disable Solo Oreo LED driver, 0 to disable, 1 for Aircraft theme, 2 for Rover theme",,"0:Disabled, 1:Aircraft, 2:Rover",,,,Advanced,,,apm.pdef.json
OA_TYPE,OA,0,True,True,,,Object Avoidance Path Planning algorithm to use,Enabled/disable path planning around obstacles,,"0:Disabled, 1:BendyRuler, 2:Dijkstra, 3:Dijkstra with BendyRuler",,,,Standard,,,apm.pdef.json
OSD_TYPE,OSD,0,True,False,,,OSD type,"OSD type. TXONLY makes the OSD parameter selection available to other modules even if there is no native OSD support on the board, for instance CRSF.",,"0:None, 1:MAX7456, 2:SITL, 3:MSP, 4:TXONLY, 5:MSP_DISPLAYPORT",,,,Standard,True,,apm.pdef.json
PILOT_ACCEL_Z,PILOT,250,False,True,100,400,Pilot vertical acceleration,The vertical acceleration used when pilot is controlling the altitude,cm/s/s,,,50,500,Standard,,,apm.pdef.json
PILOT_SPEED_DN,PILOT,200,False,True,50,300,Pilot maximum vertical speed descending,The maximum vertical descending velocity the pilot may request in cm/s. If 0 PILOT_SPEED_UP value is used.,cm/s,,,0,500,Standard,,,apm.pdef.json
PILOT_SPEED_UP,PILOT,300,False,True,50,350,Pilot maximum vertical speed ascending,The maximum vertical ascending velocity the pilot may request in cm/s,cm/s,,,50,500,Standard,,,apm.pdef.json
PILOT_THR_BHV,PILOT,0,True,True,,,Throttle stick behavior,"Bitmask containing various throttle stick options. TX with sprung throttle can set PILOT_THR_BHV to ""1"" so motor feedback when landed starts from mid-stick instead of bottom of stick.",,,"0:Feedback from mid stick, 1:High throttle cancels landing, 2:Disarm on land detection",,,Standard,,,apm.pdef.json
PILOT_THR_FILT,PILOT,0,True,True,,,Throttle filter cutoff,Throttle filter cutoff (Hz) - active whenever altitude control is inactive - 0 to disable,Hz,,,0,10,Advanced,,,apm.pdef.json
PILOT_TKOFF_ALT,PILOT,0,True,True,,,Pilot takeoff altitude,Altitude that altitude control modes will climb to when a takeoff is triggered with the throttle stick.,cm,,,0.0,1000.0,Standard,,,apm.pdef.json
PILOT_Y_EXPO,PILOT,0,True,True,,,Pilot controlled yaw expo,Pilot controlled yaw expo to allow faster rotation when stick at edges,,"0:Disabled, 0.1:Very Low, 0.2:Low, 0.3:Medium, 0.4:High, 0.5:Very High",,-0.5,1.0,Advanced,,,apm.pdef.json
PILOT_Y_RATE,PILOT,60,False,True,30,90,Pilot controlled yaw rate,Pilot controlled yaw rate max. Used in all pilot controlled modes except Acro,deg/s,,,1,360,Standard,,,apm.pdef.json
PILOT_Y_RATE_TC,PILOT,0.25,False,True,,,Pilot yaw rate control input time constant,"Pilot yaw rate control input time constant. Low numbers lead to sharper response, higher numbers to softer response",s,"0.05:Very Crisp, 0.1:Crisp, 0.15:Medium, 0.2:Soft, 0.5:Very Soft",,0,1,Standard,,,apm.pdef.json
PLDP_DELAY,PLDP,0,True,True,,,Payload Place climb delay,"Delay after release, in seconds, before aircraft starts to climb back to starting altitude.",s,,,0,120,Standard,,,apm.pdef.json
PLDP_RNG_MAX,PLDP,0,True,True,,,Payload Place maximum range finder altitude,"Maximum range finder altitude in m to trigger payload touchdown, set to zero to disable.",m,,,0,100,Standard,,,apm.pdef.json
PLDP_SPEED_DN,PLDP,0,True,True,,,Payload Place decent speed,The maximum vertical decent velocity in m/s. If 0 LAND_SPEED value is used.,m/s,,,0,5,Standard,,,apm.pdef.json
PLDP_THRESH,PLDP,0.9,True,True,,,Payload Place thrust ratio threshold,Ratio of vertical thrust during decent below which payload touchdown will trigger.,,,,0.5,0.9,Standard,,,apm.pdef.json
PLND_ENABLED,PLND,0,True,False,,,Precision Land enabled/disabled,Precision Land enabled/disabled,,"0:Disabled, 1:Enabled",,,,Advanced,,,apm.pdef.json
PRX1_TYPE,PRX,0,True,True,,,Proximity type,What type of proximity sensor is connected,,"0:None, 2:MAVLink, 3:TeraRangerTower, 4:RangeFinder, 5:RPLidarA2, 6:TeraRangerTowerEvo, 7:LightwareSF40c, 8:LightwareSF45B, 10:SITL, 12:AirSimSITL, 13:CygbotD1, 14:DroneCAN, 15:Scripting, 16:LD06, 17:MR72_CAN, 18:HexsoonRadar",,,,Standard,True,,apm.pdef.json
PRX2_TYPE,PRX,0,True,True,,,Proximity type,What type of proximity sensor is connected,,"0:None, 2:MAVLink, 3:TeraRangerTower, 4:RangeFinder, 5:RPLidarA2, 6:TeraRangerTowerEvo, 7:LightwareSF40c, 8:LightwareSF45B, 10:SITL, 12:AirSimSITL, 13:CygbotD1, 14:DroneCAN, 15:Scripting, 16:LD06, 17:MR72_CAN, 18:HexsoonRadar",,,,Standard,True,,apm.pdef.json
PRX3_TYPE,PRX,0,True,True,,,Proximity type,What type of proximity sensor is connected,,"0:None, 2:MAVLink, 3:TeraRangerTower, 4:RangeFinder, 5:RPLidarA2, 6:TeraRangerTowerEvo, 7:LightwareSF40c, 8:LightwareSF45B, 10:SITL, 12:AirSimSITL, 13:CygbotD1, 14:DroneCAN, 15:Scripting, 16:LD06, 17:MR72_CAN, 18:HexsoonRadar",,,,Standard,True,,apm.pdef.json
PRX4_TYPE,PRX,0,True,True,,,Proximity type,What type of proximity sensor is connected,,"0:None, 2:MAVLink, 3:TeraRangerTower, 4:RangeFinder, 5:RPLidarA2, 6:TeraRangerTowerEvo, 7:LightwareSF40c, 8:LightwareSF45B, 10:SITL, 12:AirSimSITL, 13:CygbotD1, 14:DroneCAN, 15:Scripting, 16:LD06, 17:MR72_CAN, 18:HexsoonRadar",,,,Standard,True,,apm.pdef.json
PRX5_TYPE,PRX,0,True,True,,,Proximity type,What type of proximity sensor is connected,,"0:None, 2:MAVLink, 3:TeraRangerTower, 4:RangeFinder, 5:RPLidarA2, 6:TeraRangerTowerEvo, 7:LightwareSF40c, 8:LightwareSF45B, 10:SITL, 12:AirSimSITL, 13:CygbotD1, 14:DroneCAN, 15:Scripting, 16:LD06, 17:MR72_CAN, 18:HexsoonRadar",,,,Standard,True,,apm.pdef.json
PRX_ALT_MIN,PRX,1,True,True,,,Proximity lowest altitude.,Minimum altitude below which proximity should not work.,m,,,0,10,Advanced,,,apm.pdef.json
PRX_FILT,PRX,0.25,True,True,,,Proximity filter cutoff frequency,Cutoff frequency for low pass filter applied to each face in the proximity boundary,Hz,,,0,20,Advanced,,,apm.pdef.json
PRX_IGN_GND,PRX,0,True,True,,,Proximity sensor land detection,Ignore proximity data that is within 1 meter of the ground below the vehicle. This requires a downward facing rangefinder,,"0:Disabled, 1:Enabled",,,,Standard,,,apm.pdef.json
PRX_LOG_RAW,PRX,0,True,True,,,Proximity raw distances log,Set this parameter to one if logging unfiltered(raw) distances from sensor should be enabled,,"0:Off, 1:On",,,,Advanced,,,apm.pdef.json
PSC_ACCZ_D,PSC,0,True,True,,,Acceleration (vertical) controller D gain,Acceleration (vertical) controller D gain. Compensates for short-term change in desired vertical acceleration vs actual acceleration,,,,0.000,0.400,Standard,,"Position/velocity/accel controller gain - deliberately @READONLY in shipping builds. Param review asked whether to open the PSC_ block for loiter tuning; decision is that production stays locked and only dev builds open them. CAVEAT: there is no dev/production build split today - CubeOrangePlus and CubeOrangePlus-ODID are both shipping targets - so 'open for dev' currently means either stripping @READONLY in a local build or adding a dev hwdef variant. Whichever route, it must not reach a customer unit: these are the inner position/velocity/accel loops and a bad gain destabilises Loiter, Auto and Guided, which is where the figure-8 applet flies. Related: PSC_VELZ_IMAX has an entry in param_check_waivers.csv for an upstream @Range annotation bug.",apm.pdef.json
PSC_ACCZ_D_FF,PSC,0,True,True,,,Accel (vertical) Derivative FeedForward Gain,FF D Gain which produces an output that is proportional to the rate of change of the target,,,,0,0.02,Advanced,,"Position/velocity/accel controller gain - deliberately @READONLY in shipping builds. Param review asked whether to open the PSC_ block for loiter tuning; decision is that production stays locked and only dev builds open them. CAVEAT: there is no dev/production build split today - CubeOrangePlus and CubeOrangePlus-ODID are both shipping targets - so 'open for dev' currently means either stripping @READONLY in a local build or adding a dev hwdef variant. Whichever route, it must not reach a customer unit: these are the inner position/velocity/accel loops and a bad gain destabilises Loiter, Auto and Guided, which is where the figure-8 applet flies. Related: PSC_VELZ_IMAX has an entry in param_check_waivers.csv for an upstream @Range annotation bug.",apm.pdef.json
PSC_ACCZ_FF,PSC,0,True,True,,,Acceleration (vertical) controller feed forward,Acceleration (vertical) controller feed forward,,,,0,0.5,Standard,,"Position/velocity/accel controller gain - deliberately @READONLY in shipping builds. Param review asked whether to open the PSC_ block for loiter tuning; decision is that production stays locked and only dev builds open them. CAVEAT: there is no dev/production build split today - CubeOrangePlus and CubeOrangePlus-ODID are both shipping targets - so 'open for dev' currently means either stripping @READONLY in a local build or adding a dev hwdef variant. Whichever route, it must not reach a customer unit: these are the inner position/velocity/accel loops and a bad gain destabilises Loiter, Auto and Guided, which is where the figure-8 applet flies. Related: PSC_VELZ_IMAX has an entry in param_check_waivers.csv for an upstream @Range annotation bug.",apm.pdef.json
PSC_ACCZ_FLTD,PSC,0,True,True,,,Acceleration (vertical) controller derivative frequency in Hz,Acceleration (vertical) controller derivative frequency in Hz,Hz,,,1,100,Standard,,"Position/velocity/accel controller gain - deliberately @READONLY in shipping builds. Param review asked whether to open the PSC_ block for loiter tuning; decision is that production stays locked and only dev builds open them. CAVEAT: there is no dev/production build split today - CubeOrangePlus and CubeOrangePlus-ODID are both shipping targets - so 'open for dev' currently means either stripping @READONLY in a local build or adding a dev hwdef variant. Whichever route, it must not reach a customer unit: these are the inner position/velocity/accel loops and a bad gain destabilises Loiter, Auto and Guided, which is where the figure-8 applet flies. Related: PSC_VELZ_IMAX has an entry in param_check_waivers.csv for an upstream @Range annotation bug.",apm.pdef.json
PSC_ACCZ_FLTE,PSC,20,True,True,,,Acceleration (vertical) controller error frequency in Hz,Acceleration (vertical) controller error frequency in Hz,Hz,,,1,100,Standard,,"Position/velocity/accel controller gain - deliberately @READONLY in shipping builds. Param review asked whether to open the PSC_ block for loiter tuning; decision is that production stays locked and only dev builds open them. CAVEAT: there is no dev/production build split today - CubeOrangePlus and CubeOrangePlus-ODID are both shipping targets - so 'open for dev' currently means either stripping @READONLY in a local build or adding a dev hwdef variant. Whichever route, it must not reach a customer unit: these are the inner position/velocity/accel loops and a bad gain destabilises Loiter, Auto and Guided, which is where the figure-8 applet flies. Related: PSC_VELZ_IMAX has an entry in param_check_waivers.csv for an upstream @Range annotation bug.",apm.pdef.json
PSC_ACCZ_FLTT,PSC,0,True,True,,,Acceleration (vertical) controller target frequency in Hz,Acceleration (vertical) controller target frequency in Hz,Hz,,,1,50,Standard,,"Position/velocity/accel controller gain - deliberately @READONLY in shipping builds. Param review asked whether to open the PSC_ block for loiter tuning; decision is that production stays locked and only dev builds open them. CAVEAT: there is no dev/production build split today - CubeOrangePlus and CubeOrangePlus-ODID are both shipping targets - so 'open for dev' currently means either stripping @READONLY in a local build or adding a dev hwdef variant. Whichever route, it must not reach a customer unit: these are the inner position/velocity/accel loops and a bad gain destabilises Loiter, Auto and Guided, which is where the figure-8 applet flies. Related: PSC_VELZ_IMAX has an entry in param_check_waivers.csv for an upstream @Range annotation bug.",apm.pdef.json
PSC_ACCZ_I,PSC,0.44,True,True,,,Acceleration (vertical) controller I gain,Acceleration (vertical) controller I gain. Corrects long-term difference in desired vertical acceleration and actual acceleration,,,,0.000,3.000,Standard,,"Position/velocity/accel controller gain - deliberately @READONLY in shipping builds. Param review asked whether to open the PSC_ block for loiter tuning; decision is that production stays locked and only dev builds open them. CAVEAT: there is no dev/production build split today - CubeOrangePlus and CubeOrangePlus-ODID are both shipping targets - so 'open for dev' currently means either stripping @READONLY in a local build or adding a dev hwdef variant. Whichever route, it must not reach a customer unit: these are the inner position/velocity/accel loops and a bad gain destabilises Loiter, Auto and Guided, which is where the figure-8 applet flies. Related: PSC_VELZ_IMAX has an entry in param_check_waivers.csv for an upstream @Range annotation bug.",apm.pdef.json
PSC_ACCZ_IMAX,PSC,800,True,True,,,Acceleration (vertical) controller I gain maximum,Acceleration (vertical) controller I gain maximum. Constrains the maximum pwm that the I term will generate,d%,,,0,1000,Standard,,"Position/velocity/accel controller gain - deliberately @READONLY in shipping builds. Param review asked whether to open the PSC_ block for loiter tuning; decision is that production stays locked and only dev builds open them. CAVEAT: there is no dev/production build split today - CubeOrangePlus and CubeOrangePlus-ODID are both shipping targets - so 'open for dev' currently means either stripping @READONLY in a local build or adding a dev hwdef variant. Whichever route, it must not reach a customer unit: these are the inner position/velocity/accel loops and a bad gain destabilises Loiter, Auto and Guided, which is where the figure-8 applet flies. Related: PSC_VELZ_IMAX has an entry in param_check_waivers.csv for an upstream @Range annotation bug.",apm.pdef.json
PSC_ACCZ_NEF,PSC,0,True,True,,,Accel (vertical) Error notch filter index,Accel (vertical) Error notch filter index,,,,1,8,Advanced,,"Position/velocity/accel controller gain - deliberately @READONLY in shipping builds. Param review asked whether to open the PSC_ block for loiter tuning; decision is that production stays locked and only dev builds open them. CAVEAT: there is no dev/production build split today - CubeOrangePlus and CubeOrangePlus-ODID are both shipping targets - so 'open for dev' currently means either stripping @READONLY in a local build or adding a dev hwdef variant. Whichever route, it must not reach a customer unit: these are the inner position/velocity/accel loops and a bad gain destabilises Loiter, Auto and Guided, which is where the figure-8 applet flies. Related: PSC_VELZ_IMAX has an entry in param_check_waivers.csv for an upstream @Range annotation bug.",apm.pdef.json
PSC_ACCZ_NTF,PSC,0,True,True,,,Accel (vertical) Target notch filter index,Accel (vertical) Target notch filter index,,,,1,8,Advanced,,"Position/velocity/accel controller gain - deliberately @READONLY in shipping builds. Param review asked whether to open the PSC_ block for loiter tuning; decision is that production stays locked and only dev builds open them. CAVEAT: there is no dev/production build split today - CubeOrangePlus and CubeOrangePlus-ODID are both shipping targets - so 'open for dev' currently means either stripping @READONLY in a local build or adding a dev hwdef variant. Whichever route, it must not reach a customer unit: these are the inner position/velocity/accel loops and a bad gain destabilises Loiter, Auto and Guided, which is where the figure-8 applet flies. Related: PSC_VELZ_IMAX has an entry in param_check_waivers.csv for an upstream @Range annotation bug.",apm.pdef.json
PSC_ACCZ_P,PSC,0.22,True,True,,,Acceleration (vertical) controller P gain,Acceleration (vertical) controller P gain. Converts the difference between desired vertical acceleration and actual acceleration into a motor output,,,,0.200,1.500,Standard,,"Position/velocity/accel controller gain - deliberately @READONLY in shipping builds. Param review asked whether to open the PSC_ block for loiter tuning; decision is that production stays locked and only dev builds open them. CAVEAT: there is no dev/production build split today - CubeOrangePlus and CubeOrangePlus-ODID are both shipping targets - so 'open for dev' currently means either stripping @READONLY in a local build or adding a dev hwdef variant. Whichever route, it must not reach a customer unit: these are the inner position/velocity/accel loops and a bad gain destabilises Loiter, Auto and Guided, which is where the figure-8 applet flies. Related: PSC_VELZ_IMAX has an entry in param_check_waivers.csv for an upstream @Range annotation bug.",apm.pdef.json
PSC_ACCZ_PDMX,PSC,0,True,True,,,Acceleration (vertical) controller PD sum maximum,Acceleration (vertical) controller PD sum maximum. The maximum/minimum value that the sum of the P and D term can output,d%,,,0,1000,,,"Position/velocity/accel controller gain - deliberately @READONLY in shipping builds. Param review asked whether to open the PSC_ block for loiter tuning; decision is that production stays locked and only dev builds open them. CAVEAT: there is no dev/production build split today - CubeOrangePlus and CubeOrangePlus-ODID are both shipping targets - so 'open for dev' currently means either stripping @READONLY in a local build or adding a dev hwdef variant. Whichever route, it must not reach a customer unit: these are the inner position/velocity/accel loops and a bad gain destabilises Loiter, Auto and Guided, which is where the figure-8 applet flies. Related: PSC_VELZ_IMAX has an entry in param_check_waivers.csv for an upstream @Range annotation bug.",apm.pdef.json
PSC_ACCZ_SMAX,PSC,0,True,True,,,Accel (vertical) slew rate limit,"Sets an upper limit on the slew rate produced by the combined P and D gains. If the amplitude of the control action produced by the rate feedback exceeds this value, then the D+P gain is reduced to respect the limit. This limits the amplitude of high frequency oscillations caused by an excessive gain. The limit should be set to no more than 25% of the actuators maximum slew rate to allow for load effects. Note: The gain will not be reduced to less than 10% of the nominal value. A value of zero will disable this feature.",,,,0,200,Advanced,,"Position/velocity/accel controller gain - deliberately @READONLY in shipping builds. Param review asked whether to open the PSC_ block for loiter tuning; decision is that production stays locked and only dev builds open them. CAVEAT: there is no dev/production build split today - CubeOrangePlus and CubeOrangePlus-ODID are both shipping targets - so 'open for dev' currently means either stripping @READONLY in a local build or adding a dev hwdef variant. Whichever route, it must not reach a customer unit: these are the inner position/velocity/accel loops and a bad gain destabilises Loiter, Auto and Guided, which is where the figure-8 applet flies. Related: PSC_VELZ_IMAX has an entry in param_check_waivers.csv for an upstream @Range annotation bug.",apm.pdef.json
PSC_ANGLE_MAX,PSC,0,True,True,,,Position Control Angle Max,Maximum lean angle autopilot can request. Set to zero to use ANGLE_MAX parameter value,deg,,,0,45,Advanced,,"Position/velocity/accel controller gain - deliberately @READONLY in shipping builds. Param review asked whether to open the PSC_ block for loiter tuning; decision is that production stays locked and only dev builds open them. CAVEAT: there is no dev/production build split today - CubeOrangePlus and CubeOrangePlus-ODID are both shipping targets - so 'open for dev' currently means either stripping @READONLY in a local build or adding a dev hwdef variant. Whichever route, it must not reach a customer unit: these are the inner position/velocity/accel loops and a bad gain destabilises Loiter, Auto and Guided, which is where the figure-8 applet flies. Related: PSC_VELZ_IMAX has an entry in param_check_waivers.csv for an upstream @Range annotation bug.",apm.pdef.json
PSC_JERK_XY,PSC,5,True,True,,,Jerk limit for the horizontal kinematic input shaping,Jerk limit of the horizontal kinematic path generation used to determine how quickly the aircraft varies the acceleration target,m/s/s/s,,,1,20,Advanced,,"Position/velocity/accel controller gain - deliberately @READONLY in shipping builds. Param review asked whether to open the PSC_ block for loiter tuning; decision is that production stays locked and only dev builds open them. CAVEAT: there is no dev/production build split today - CubeOrangePlus and CubeOrangePlus-ODID are both shipping targets - so 'open for dev' currently means either stripping @READONLY in a local build or adding a dev hwdef variant. Whichever route, it must not reach a customer unit: these are the inner position/velocity/accel loops and a bad gain destabilises Loiter, Auto and Guided, which is where the figure-8 applet flies. Related: PSC_VELZ_IMAX has an entry in param_check_waivers.csv for an upstream @Range annotation bug.",apm.pdef.json
PSC_JERK_Z,PSC,5,True,True,,,Jerk limit for the vertical kinematic input shaping,Jerk limit of the vertical kinematic path generation used to determine how quickly the aircraft varies the acceleration target,m/s/s/s,,,5,50,Advanced,,"Position/velocity/accel controller gain - deliberately @READONLY in shipping builds. Param review asked whether to open the PSC_ block for loiter tuning; decision is that production stays locked and only dev builds open them. CAVEAT: there is no dev/production build split today - CubeOrangePlus and CubeOrangePlus-ODID are both shipping targets - so 'open for dev' currently means either stripping @READONLY in a local build or adding a dev hwdef variant. Whichever route, it must not reach a customer unit: these are the inner position/velocity/accel loops and a bad gain destabilises Loiter, Auto and Guided, which is where the figure-8 applet flies. Related: PSC_VELZ_IMAX has an entry in param_check_waivers.csv for an upstream @Range annotation bug.",apm.pdef.json
PSC_POSXY_P,PSC,0.75,True,True,,,Position (horizontal) controller P gain,Position controller P gain. Converts the distance (in the latitude direction) to the target location into a desired speed which is then passed to the loiter latitude rate controller,,,,0.500,2.000,Standard,,"Position/velocity/accel controller gain - deliberately @READONLY in shipping builds. Param review asked whether to open the PSC_ block for loiter tuning; decision is that production stays locked and only dev builds open them. CAVEAT: there is no dev/production build split today - CubeOrangePlus and CubeOrangePlus-ODID are both shipping targets - so 'open for dev' currently means either stripping @READONLY in a local build or adding a dev hwdef variant. Whichever route, it must not reach a customer unit: these are the inner position/velocity/accel loops and a bad gain destabilises Loiter, Auto and Guided, which is where the figure-8 applet flies. Related: PSC_VELZ_IMAX has an entry in param_check_waivers.csv for an upstream @Range annotation bug.",apm.pdef.json
PSC_POSZ_P,PSC,1,True,True,,,Position (vertical) controller P gain,Position (vertical) controller P gain. Converts the difference between the desired altitude and actual altitude into a climb or descent rate which is passed to the throttle rate controller,,,,1.000,3.000,Standard,,"Position/velocity/accel controller gain - deliberately @READONLY in shipping builds. Param review asked whether to open the PSC_ block for loiter tuning; decision is that production stays locked and only dev builds open them. CAVEAT: there is no dev/production build split today - CubeOrangePlus and CubeOrangePlus-ODID are both shipping targets - so 'open for dev' currently means either stripping @READONLY in a local build or adding a dev hwdef variant. Whichever route, it must not reach a customer unit: these are the inner position/velocity/accel loops and a bad gain destabilises Loiter, Auto and Guided, which is where the figure-8 applet flies. Related: PSC_VELZ_IMAX has an entry in param_check_waivers.csv for an upstream @Range annotation bug.",apm.pdef.json
PSC_VELXY_D,PSC,0.5,True,True,,,Velocity (horizontal) D gain,Velocity (horizontal) D gain. Corrects short-term changes in velocity,,,,0.00,1.00,Advanced,,"Position/velocity/accel controller gain - deliberately @READONLY in shipping builds. Param review asked whether to open the PSC_ block for loiter tuning; decision is that production stays locked and only dev builds open them. CAVEAT: there is no dev/production build split today - CubeOrangePlus and CubeOrangePlus-ODID are both shipping targets - so 'open for dev' currently means either stripping @READONLY in a local build or adding a dev hwdef variant. Whichever route, it must not reach a customer unit: these are the inner position/velocity/accel loops and a bad gain destabilises Loiter, Auto and Guided, which is where the figure-8 applet flies. Related: PSC_VELZ_IMAX has an entry in param_check_waivers.csv for an upstream @Range annotation bug.",apm.pdef.json
PSC_VELXY_FF,PSC,0,True,True,,,Velocity (horizontal) feed forward gain,Velocity (horizontal) feed forward gain. Converts the difference between desired velocity to a target acceleration,,,,0,6,Advanced,,"Position/velocity/accel controller gain - deliberately @READONLY in shipping builds. Param review asked whether to open the PSC_ block for loiter tuning; decision is that production stays locked and only dev builds open them. CAVEAT: there is no dev/production build split today - CubeOrangePlus and CubeOrangePlus-ODID are both shipping targets - so 'open for dev' currently means either stripping @READONLY in a local build or adding a dev hwdef variant. Whichever route, it must not reach a customer unit: these are the inner position/velocity/accel loops and a bad gain destabilises Loiter, Auto and Guided, which is where the figure-8 applet flies. Related: PSC_VELZ_IMAX has an entry in param_check_waivers.csv for an upstream @Range annotation bug.",apm.pdef.json
PSC_VELXY_FLTD,PSC,5,True,True,,,Velocity (horizontal) input filter,Velocity (horizontal) input filter. This filter (in Hz) is applied to the input for D term,Hz,,,0,100,Advanced,,"Position/velocity/accel controller gain - deliberately @READONLY in shipping builds. Param review asked whether to open the PSC_ block for loiter tuning; decision is that production stays locked and only dev builds open them. CAVEAT: there is no dev/production build split today - CubeOrangePlus and CubeOrangePlus-ODID are both shipping targets - so 'open for dev' currently means either stripping @READONLY in a local build or adding a dev hwdef variant. Whichever route, it must not reach a customer unit: these are the inner position/velocity/accel loops and a bad gain destabilises Loiter, Auto and Guided, which is where the figure-8 applet flies. Related: PSC_VELZ_IMAX has an entry in param_check_waivers.csv for an upstream @Range annotation bug.",apm.pdef.json
PSC_VELXY_FLTE,PSC,5,True,True,,,Velocity (horizontal) input filter,Velocity (horizontal) input filter. This filter (in Hz) is applied to the input for P and I terms,Hz,,,0,100,Advanced,,"Position/velocity/accel controller gain - deliberately @READONLY in shipping builds. Param review asked whether to open the PSC_ block for loiter tuning; decision is that production stays locked and only dev builds open them. CAVEAT: there is no dev/production build split today - CubeOrangePlus and CubeOrangePlus-ODID are both shipping targets - so 'open for dev' currently means either stripping @READONLY in a local build or adding a dev hwdef variant. Whichever route, it must not reach a customer unit: these are the inner position/velocity/accel loops and a bad gain destabilises Loiter, Auto and Guided, which is where the figure-8 applet flies. Related: PSC_VELZ_IMAX has an entry in param_check_waivers.csv for an upstream @Range annotation bug.",apm.pdef.json
PSC_VELXY_I,PSC,0.75,True,True,,,Velocity (horizontal) I gain,Velocity (horizontal) I gain. Corrects long-term difference between desired and actual velocity to a target acceleration,,,,0.02,1.00,Advanced,,"Position/velocity/accel controller gain - deliberately @READONLY in shipping builds. Param review asked whether to open the PSC_ block for loiter tuning; decision is that production stays locked and only dev builds open them. CAVEAT: there is no dev/production build split today - CubeOrangePlus and CubeOrangePlus-ODID are both shipping targets - so 'open for dev' currently means either stripping @READONLY in a local build or adding a dev hwdef variant. Whichever route, it must not reach a customer unit: these are the inner position/velocity/accel loops and a bad gain destabilises Loiter, Auto and Guided, which is where the figure-8 applet flies. Related: PSC_VELZ_IMAX has an entry in param_check_waivers.csv for an upstream @Range annotation bug.",apm.pdef.json
PSC_VELXY_IMAX,PSC,1000,True,True,,,Velocity (horizontal) integrator maximum,Velocity (horizontal) integrator maximum. Constrains the target acceleration that the I gain will output,cm/s/s,,,0,4500,Advanced,,"Position/velocity/accel controller gain - deliberately @READONLY in shipping builds. Param review asked whether to open the PSC_ block for loiter tuning; decision is that production stays locked and only dev builds open them. CAVEAT: there is no dev/production build split today - CubeOrangePlus and CubeOrangePlus-ODID are both shipping targets - so 'open for dev' currently means either stripping @READONLY in a local build or adding a dev hwdef variant. Whichever route, it must not reach a customer unit: these are the inner position/velocity/accel loops and a bad gain destabilises Loiter, Auto and Guided, which is where the figure-8 applet flies. Related: PSC_VELZ_IMAX has an entry in param_check_waivers.csv for an upstream @Range annotation bug.",apm.pdef.json
PSC_VELXY_P,PSC,1.5,True,True,,,Velocity (horizontal) P gain,Velocity (horizontal) P gain. Converts the difference between desired and actual velocity to a target acceleration,,,,0.1,6.0,Advanced,,"Position/velocity/accel controller gain - deliberately @READONLY in shipping builds. Param review asked whether to open the PSC_ block for loiter tuning; decision is that production stays locked and only dev builds open them. CAVEAT: there is no dev/production build split today - CubeOrangePlus and CubeOrangePlus-ODID are both shipping targets - so 'open for dev' currently means either stripping @READONLY in a local build or adding a dev hwdef variant. Whichever route, it must not reach a customer unit: these are the inner position/velocity/accel loops and a bad gain destabilises Loiter, Auto and Guided, which is where the figure-8 applet flies. Related: PSC_VELZ_IMAX has an entry in param_check_waivers.csv for an upstream @Range annotation bug.",apm.pdef.json
PSC_VELZ_D,PSC,0,True,True,,,Velocity (vertical) controller D gain,Velocity (vertical) controller D gain. Corrects short-term changes in velocity,,,,0.00,1.00,Advanced,,"Position/velocity/accel controller gain - deliberately @READONLY in shipping builds. Param review asked whether to open the PSC_ block for loiter tuning; decision is that production stays locked and only dev builds open them. CAVEAT: there is no dev/production build split today - CubeOrangePlus and CubeOrangePlus-ODID are both shipping targets - so 'open for dev' currently means either stripping @READONLY in a local build or adding a dev hwdef variant. Whichever route, it must not reach a customer unit: these are the inner position/velocity/accel loops and a bad gain destabilises Loiter, Auto and Guided, which is where the figure-8 applet flies. Related: PSC_VELZ_IMAX has an entry in param_check_waivers.csv for an upstream @Range annotation bug.",apm.pdef.json
PSC_VELZ_FF,PSC,0,True,True,,,Velocity (vertical) controller Feed Forward gain,Velocity (vertical) controller Feed Forward gain. Produces an output that is proportional to the magnitude of the target,,,,0,1,Advanced,,"Position/velocity/accel controller gain - deliberately @READONLY in shipping builds. Param review asked whether to open the PSC_ block for loiter tuning; decision is that production stays locked and only dev builds open them. CAVEAT: there is no dev/production build split today - CubeOrangePlus and CubeOrangePlus-ODID are both shipping targets - so 'open for dev' currently means either stripping @READONLY in a local build or adding a dev hwdef variant. Whichever route, it must not reach a customer unit: these are the inner position/velocity/accel loops and a bad gain destabilises Loiter, Auto and Guided, which is where the figure-8 applet flies. Related: PSC_VELZ_IMAX has an entry in param_check_waivers.csv for an upstream @Range annotation bug.",apm.pdef.json
PSC_VELZ_FLTD,PSC,5,True,True,,,Velocity (vertical) input filter for D term,Velocity (vertical) input filter for D term. This filter (in Hz) is applied to the input for D terms,Hz,,,0,100,Advanced,,"Position/velocity/accel controller gain - deliberately @READONLY in shipping builds. Param review asked whether to open the PSC_ block for loiter tuning; decision is that production stays locked and only dev builds open them. CAVEAT: there is no dev/production build split today - CubeOrangePlus and CubeOrangePlus-ODID are both shipping targets - so 'open for dev' currently means either stripping @READONLY in a local build or adding a dev hwdef variant. Whichever route, it must not reach a customer unit: these are the inner position/velocity/accel loops and a bad gain destabilises Loiter, Auto and Guided, which is where the figure-8 applet flies. Related: PSC_VELZ_IMAX has an entry in param_check_waivers.csv for an upstream @Range annotation bug.",apm.pdef.json
PSC_VELZ_FLTE,PSC,5,True,True,,,Velocity (vertical) error filter,Velocity (vertical) error filter. This filter (in Hz) is applied to the input for P and I terms,Hz,,,0,100,Advanced,,"Position/velocity/accel controller gain - deliberately @READONLY in shipping builds. Param review asked whether to open the PSC_ block for loiter tuning; decision is that production stays locked and only dev builds open them. CAVEAT: there is no dev/production build split today - CubeOrangePlus and CubeOrangePlus-ODID are both shipping targets - so 'open for dev' currently means either stripping @READONLY in a local build or adding a dev hwdef variant. Whichever route, it must not reach a customer unit: these are the inner position/velocity/accel loops and a bad gain destabilises Loiter, Auto and Guided, which is where the figure-8 applet flies. Related: PSC_VELZ_IMAX has an entry in param_check_waivers.csv for an upstream @Range annotation bug.",apm.pdef.json
PSC_VELZ_I,PSC,0,True,True,,,Velocity (vertical) controller I gain,Velocity (vertical) controller I gain. Corrects long-term difference in desired velocity to a target acceleration,,,,0.02,1.00,Advanced,,"Position/velocity/accel controller gain - deliberately @READONLY in shipping builds. Param review asked whether to open the PSC_ block for loiter tuning; decision is that production stays locked and only dev builds open them. CAVEAT: there is no dev/production build split today - CubeOrangePlus and CubeOrangePlus-ODID are both shipping targets - so 'open for dev' currently means either stripping @READONLY in a local build or adding a dev hwdef variant. Whichever route, it must not reach a customer unit: these are the inner position/velocity/accel loops and a bad gain destabilises Loiter, Auto and Guided, which is where the figure-8 applet flies. Related: PSC_VELZ_IMAX has an entry in param_check_waivers.csv for an upstream @Range annotation bug.",apm.pdef.json
PSC_VELZ_IMAX,PSC,1000,True,True,,,Velocity (vertical) controller I gain maximum,Velocity (vertical) controller I gain maximum. Constrains the target acceleration that the I gain will output,,,,1.000,8.000,Standard,,"Position/velocity/accel controller gain - deliberately @READONLY in shipping builds. Param review asked whether to open the PSC_ block for loiter tuning; decision is that production stays locked and only dev builds open them. CAVEAT: there is no dev/production build split today - CubeOrangePlus and CubeOrangePlus-ODID are both shipping targets - so 'open for dev' currently means either stripping @READONLY in a local build or adding a dev hwdef variant. Whichever route, it must not reach a customer unit: these are the inner position/velocity/accel loops and a bad gain destabilises Loiter, Auto and Guided, which is where the figure-8 applet flies. Related: PSC_VELZ_IMAX has an entry in param_check_waivers.csv for an upstream @Range annotation bug.",apm.pdef.json
PSC_VELZ_P,PSC,8,True,True,,,Velocity (vertical) controller P gain,Velocity (vertical) controller P gain. Converts the difference between desired vertical speed and actual speed into a desired acceleration that is passed to the throttle acceleration controller,,,,1.000,8.000,Standard,,"Position/velocity/accel controller gain - deliberately @READONLY in shipping builds. Param review asked whether to open the PSC_ block for loiter tuning; decision is that production stays locked and only dev builds open them. CAVEAT: there is no dev/production build split today - CubeOrangePlus and CubeOrangePlus-ODID are both shipping targets - so 'open for dev' currently means either stripping @READONLY in a local build or adding a dev hwdef variant. Whichever route, it must not reach a customer unit: these are the inner position/velocity/accel loops and a bad gain destabilises Loiter, Auto and Guided, which is where the figure-8 applet flies. Related: PSC_VELZ_IMAX has an entry in param_check_waivers.csv for an upstream @Range annotation bug.",apm.pdef.json
PTRN_ATIME,PTRN,6,False,True,,,Accel/decel ramp time,Time allowed to ramp up to and down from the target speed on segments that accelerate and decelerate. Values outside the range are clamped by the script at read time.,s,,,4,20,Standard,,,Lua applet: libraries/AP_Scripting/applets/copter-fly-figure-8-v2.lua
PTRN_CHN1,PTRN,0,False,True,,,Primary pattern RC trigger channel,"RC channel that starts the primary pattern when held above 1800us for 1 second. Set to 0 to disable RC triggering and use the GCS only (PTRN_TRIGGER), which is the default because RC 1-12 carry primary flight controls. Only 5-16 are accepted; any other value is treated as 0 rather than snapped to a real channel.",,,,0,16,Standard,,,Lua applet: libraries/AP_Scripting/applets/copter-fly-figure-8-v2.lua
PTRN_CHN2,PTRN,0,False,True,,,Secondary pattern RC trigger channel,RC channel that starts the secondary pattern when held above 1800us for 1 second. Only used when PTRN_PNUM selects a vendor routine that defines a second pattern. Set to 0 to disable RC triggering and use the GCS only (PTRN_TRIGGER). Only 5-16 are accepted; any other value is treated as 0.,,,,0,16,Standard,,,Lua applet: libraries/AP_Scripting/applets/copter-fly-figure-8-v2.lua
PTRN_ENABLE,PTRN,1,False,True,,,Pattern script enable,Master enable for the LiDAR calibration pattern script.,,"0:Disabled, 1:Enabled",,,,Standard,,,Lua applet: libraries/AP_Scripting/applets/copter-fly-figure-8-v2.lua
PTRN_PNUM,PTRN,1,False,True,,,Vendor calibration pattern,"Selects the vendor calibration routine. Phoenix runs a straight line to figure-8 on CHN1 and figure-8 to straight line on CHN2, both transitioning seamlessly at speed. Inertial Labs runs a straight line with accel/cruise/decel, then a dwell, then a figure-8 on CHN1 only. YellowScan runs a straight line then a U-turn on CHN1 only.",,"1:Phoenix LiDAR, 2:Inertial Labs, 3:YellowScan",,1,3,Standard,,,Lua applet: libraries/AP_Scripting/applets/copter-fly-figure-8-v2.lua
PTRN_RADIUS,PTRN,25,False,True,,,Figure-8 lobe radius,Radius of each figure-8 lobe. Values outside the range are clamped by the script at read time.,m,,,25,150,Standard,,,Lua applet: libraries/AP_Scripting/applets/copter-fly-figure-8-v2.lua
PTRN_SHAPE,PTRN,0,False,True,,,Figure-8 shape,Figure-8 curve type. The lemniscate gives smooth continuously varying curvature. Two tangential circles give constant curvature per lobe with a curvature reversal at the centre crossing. Any other value is treated as 0.,,"0:Lemniscate of Bernoulli, 1:Two tangential circles",,,,Standard,,,Lua applet: libraries/AP_Scripting/applets/copter-fly-figure-8-v2.lua
PTRN_SLSPD,PTRN,6,False,True,,,Straight line speed,Target ground speed during the straight-line segment. Values outside the range are clamped by the script at read time.,m/s,,,2,12,Standard,,,Lua applet: libraries/AP_Scripting/applets/copter-fly-figure-8-v2.lua
PTRN_SLTIME,PTRN,6,False,True,,,Straight line cruise time,"Cruise duration of the straight-line segment, excluding the acceleration and deceleration ramps. Values outside the range are clamped by the script at read time.",s,,,3,20,Standard,,,Lua applet: libraries/AP_Scripting/applets/copter-fly-figure-8-v2.lua
PTRN_SPEED,PTRN,5,False,True,,,Figure-8 speed,Target ground speed during the figure-8 and U-turn segments. Values outside the range are clamped by the script at read time.,m/s,,,2,8,Standard,,,Lua applet: libraries/AP_Scripting/applets/copter-fly-figure-8-v2.lua
PTRN_TOAUTO,PTRN,0,False,True,,,Exit mode on completion,Flight mode entered when the pattern completes. Loiter holds position and awaits pilot input. Auto resumes the mission. Any other value is treated as 0.,,"0:Loiter, 1:Auto",,,,Standard,,,Lua applet: libraries/AP_Scripting/applets/copter-fly-figure-8-v2.lua
PTRN_TRIGGER,PTRN,0,False,True,,,GCS pattern trigger,"Starts a pattern from the GCS, and is the primary trigger mechanism. Set to 1 for the vendor's primary sequence or 2 for its secondary sequence, as selected by PTRN_PNUM. This does not read any RC channel, so it works with PTRN_CHN1 and PTRN_CHN2 set to 0. The script resets this to 0 once the pattern starts, or immediately if the sequence does not exist or the aircraft is too low. Requires Loiter mode.",,"0:Idle, 1:Start primary sequence, 2:Start secondary sequence",,,,Standard,,,Lua applet: libraries/AP_Scripting/applets/copter-fly-figure-8-v2.lua
RALLY_INCL_HOME,RALLY,1,False,True,,,Rally Include Home,Controls if Home is included as a Rally point (i.e. as a safe landing place) for RTL,,"0:DoNotIncludeHome, 1:IncludeHome",,,,Standard,,,apm.pdef.json
RALLY_LIMIT_KM,RALLY,0.3,False,True,,,Rally Limit,Maximum distance to rally point. If the closest rally point is more than this number of kilometers from the current position and the home location is closer than any of the rally points from the current position then do RTL to home rather than to the closest rally point. This prevents a leftover rally point from a different airfield being used accidentally. If this is set to 0 then the closest rally point is always used.,km,,,,,Advanced,,,apm.pdef.json
RALLY_TOTAL,RALLY,,False,True,,,Rally Total,Number of rally points currently loaded,,,,,,Advanced,,NOT SEEDED - runtime-managed; deliberately omitted from defaults.parm so a fresh board does not inherit stale state,apm.pdef.json
RC10_DZ,RC,50,False,True,,,RC dead-zone,PWM dead zone in microseconds around trim or bottom,PWM,,,0,200,Advanced,,,apm.pdef.json
RC10_MAX,RC,2000,False,True,,,RC max PWM,"RC maximum PWM pulse width in microseconds. Typically 1000 is lower limit, 1500 is neutral and 2000 is upper limit.",PWM,,,800,2200,Advanced,,,apm.pdef.json
RC10_MIN,RC,1000,False,True,,,RC min PWM,"RC minimum PWM pulse width in microseconds. Typically 1000 is lower limit, 1500 is neutral and 2000 is upper limit.",PWM,,,800,2200,Advanced,,,apm.pdef.json
RC10_OPTION,RC,213,False,True,,,RC input option,Function assigned to this RC channel,,"0:Do Nothing, 2:FLIP Mode, 3:Simple Mode, 4:RTL, 5:Save Trim, 7:Save WP, 9:Camera Trigger, 10:RangeFinder Enable, 11:Fence Enable, 13:Super Simple Mode, 14:Acro Trainer, 15:Sprayer Enable, 16:AUTO Mode, 17:AUTOTUNE Mode, 18:LAND Mode, 19:Gripper Release, 21:Parachute Enable, 22:Parachute Release, 23:Parachute 3pos, 24:Auto Mission Reset, 25:AttCon Feed Forward, 26:AttCon Accel Limits, 27:Retract Mount1, 28:Relay1 On/Off, 29:Landing Gear, 30:Lost Copter Sound, 31:Motor Emergency Stop, 32:Motor Interlock, 33:BRAKE Mode, 34:Relay2 On/Off, 35:Relay3 On/Off, 36:Relay4 On/Off, 37:THROW Mode, 38:ADSB Avoidance Enable, 39:PrecLoiter Enable, 40:Proximity Avoidance Enable, 41:ArmDisarm (4.1 and lower), 42:SMARTRTL Mode, 43:InvertedFlight Enable, 44:Winch Enable, 45:Winch Control, 46:RC Override Enable, 47:User Function 1, 48:User Function 2, 49:User Function 3, 52:ACRO Mode, 55:GUIDED Mode, 56:LOITER Mode, 57:FOLLOW Mode, 58:Clear Waypoints, 60:ZigZag Mode, 61:ZigZag SaveWP, 62:Compass Learn, 65:GPS Disable, 66:Relay5 On/Off, 67:Relay6 On/Off, 68:STABILIZE Mode, 69:POSHOLD Mode, 70:ALTHOLD Mode, 71:FLOWHOLD Mode, 72:CIRCLE Mode, 73:DRIFT Mode, 75:SurfaceTrackingUpDown, 76:STANDBY Mode, 78:RunCam Control, 79:RunCam OSD Control, 80:VisOdom Align, 81:Disarm, 83:ZigZag Auto, 84:AirMode, 85:Generator, 90:EKF Source Set, 94:VTX Power, 99:AUTO RTL, 100:KillIMU1, 101:KillIMU2, 102:Camera Mode Toggle, 105:GPS Disable Yaw, 109:use Custom Controller, 110:KillIMU3, 112:SwitchExternalAHRS, 113:Retract Mount2, 151:TURTLE Mode, 152:SIMPLE heading reset, 153:ArmDisarm (4.2 and higher), 154:ArmDisarm with AirMode  (4.2 and higher), 158:Optflow Calibration, 159:Force IS_Flying, 161:Turbine Start(heli), 162:FFT Tune, 163:Mount Lock, 164:Pause Stream Logging, 165:Arm/Emergency Motor Stop, 166:Camera Record Video, 167:Camera Zoom, 168:Camera Manual Focus, 169:Camera Auto Focus, 171:Calibrate Compasses, 172:Battery MPPT Enable, 174:Camera Image Tracking, 175:Camera Lens, 177:Mount LRF enable, 178:FlightMode Pause/Resume, 180:Test autotuned gains after tune is complete, 212:Mount1 Roll, 213:Mount1 Pitch, 214:Mount1 Yaw, 215:Mount2 Roll, 216:Mount2 Pitch, 217:Mount2 Yaw, 219:Transmitter Tuning, 300:Scripting1, 301:Scripting2, 302:Scripting3, 303:Scripting4, 304:Scripting5, 305:Scripting6, 306:Scripting7, 307:Scripting8",,,,Standard,,defaults.parm: # wheel pitch | wheel pitch,apm.pdef.json
RC10_REVERSED,RC,0,False,True,,,RC reversed,Reverse channel input. Set to 0 for normal operation. Set to 1 to reverse this input channel.,,"0:Normal, 1:Reversed",,,,Advanced,,,apm.pdef.json
RC10_TRIM,RC,1500,False,True,,,RC trim PWM,"RC trim (neutral) PWM pulse width in microseconds. Typically 1000 is lower limit, 1500 is neutral and 2000 is upper limit.",PWM,,,800,2200,Advanced,,,apm.pdef.json
RC11_DZ,RC,0,False,True,,,RC dead-zone,PWM dead zone in microseconds around trim or bottom,PWM,,,0,200,Advanced,,,apm.pdef.json
RC11_MAX,RC,2000,False,True,,,RC max PWM,"RC maximum PWM pulse width in microseconds. Typically 1000 is lower limit, 1500 is neutral and 2000 is upper limit.",PWM,,,800,2200,Advanced,,,apm.pdef.json
RC11_MIN,RC,1000,False,True,,,RC min PWM,"RC minimum PWM pulse width in microseconds. Typically 1000 is lower limit, 1500 is neutral and 2000 is upper limit.",PWM,,,800,2200,Advanced,,,apm.pdef.json
RC11_OPTION,RC,9,False,True,,,RC input option,Function assigned to this RC channel,,"0:Do Nothing, 2:FLIP Mode, 3:Simple Mode, 4:RTL, 5:Save Trim, 7:Save WP, 9:Camera Trigger, 10:RangeFinder Enable, 11:Fence Enable, 13:Super Simple Mode, 14:Acro Trainer, 15:Sprayer Enable, 16:AUTO Mode, 17:AUTOTUNE Mode, 18:LAND Mode, 19:Gripper Release, 21:Parachute Enable, 22:Parachute Release, 23:Parachute 3pos, 24:Auto Mission Reset, 25:AttCon Feed Forward, 26:AttCon Accel Limits, 27:Retract Mount1, 28:Relay1 On/Off, 29:Landing Gear, 30:Lost Copter Sound, 31:Motor Emergency Stop, 32:Motor Interlock, 33:BRAKE Mode, 34:Relay2 On/Off, 35:Relay3 On/Off, 36:Relay4 On/Off, 37:THROW Mode, 38:ADSB Avoidance Enable, 39:PrecLoiter Enable, 40:Proximity Avoidance Enable, 41:ArmDisarm (4.1 and lower), 42:SMARTRTL Mode, 43:InvertedFlight Enable, 44:Winch Enable, 45:Winch Control, 46:RC Override Enable, 47:User Function 1, 48:User Function 2, 49:User Function 3, 52:ACRO Mode, 55:GUIDED Mode, 56:LOITER Mode, 57:FOLLOW Mode, 58:Clear Waypoints, 60:ZigZag Mode, 61:ZigZag SaveWP, 62:Compass Learn, 65:GPS Disable, 66:Relay5 On/Off, 67:Relay6 On/Off, 68:STABILIZE Mode, 69:POSHOLD Mode, 70:ALTHOLD Mode, 71:FLOWHOLD Mode, 72:CIRCLE Mode, 73:DRIFT Mode, 75:SurfaceTrackingUpDown, 76:STANDBY Mode, 78:RunCam Control, 79:RunCam OSD Control, 80:VisOdom Align, 81:Disarm, 83:ZigZag Auto, 84:AirMode, 85:Generator, 90:EKF Source Set, 94:VTX Power, 99:AUTO RTL, 100:KillIMU1, 101:KillIMU2, 102:Camera Mode Toggle, 105:GPS Disable Yaw, 109:use Custom Controller, 110:KillIMU3, 112:SwitchExternalAHRS, 113:Retract Mount2, 151:TURTLE Mode, 152:SIMPLE heading reset, 153:ArmDisarm (4.2 and higher), 154:ArmDisarm with AirMode  (4.2 and higher), 158:Optflow Calibration, 159:Force IS_Flying, 161:Turbine Start(heli), 162:FFT Tune, 163:Mount Lock, 164:Pause Stream Logging, 165:Arm/Emergency Motor Stop, 166:Camera Record Video, 167:Camera Zoom, 168:Camera Manual Focus, 169:Camera Auto Focus, 171:Calibrate Compasses, 172:Battery MPPT Enable, 174:Camera Image Tracking, 175:Camera Lens, 177:Mount LRF enable, 178:FlightMode Pause/Resume, 180:Test autotuned gains after tune is complete, 212:Mount1 Roll, 213:Mount1 Pitch, 214:Mount1 Yaw, 215:Mount2 Roll, 216:Mount2 Pitch, 217:Mount2 Yaw, 219:Transmitter Tuning, 300:Scripting1, 301:Scripting2, 302:Scripting3, 303:Scripting4, 304:Scripting5, 305:Scripting6, 306:Scripting7, 307:Scripting8",,,,Standard,,defaults.parm: # camera trigger | camera trigger,apm.pdef.json
RC11_REVERSED,RC,0,False,True,,,RC reversed,Reverse channel input. Set to 0 for normal operation. Set to 1 to reverse this input channel.,,"0:Normal, 1:Reversed",,,,Advanced,,,apm.pdef.json
RC11_TRIM,RC,1500,False,True,,,RC trim PWM,"RC trim (neutral) PWM pulse width in microseconds. Typically 1000 is lower limit, 1500 is neutral and 2000 is upper limit.",PWM,,,800,2200,Advanced,,,apm.pdef.json
RC12_DZ,RC,0,False,True,,,RC dead-zone,PWM dead zone in microseconds around trim or bottom,PWM,,,0,200,Advanced,,,apm.pdef.json
RC12_MAX,RC,2000,False,True,,,RC max PWM,"RC maximum PWM pulse width in microseconds. Typically 1000 is lower limit, 1500 is neutral and 2000 is upper limit.",PWM,,,800,2200,Advanced,,,apm.pdef.json
RC12_MIN,RC,1000,False,True,,,RC min PWM,"RC minimum PWM pulse width in microseconds. Typically 1000 is lower limit, 1500 is neutral and 2000 is upper limit.",PWM,,,800,2200,Advanced,,,apm.pdef.json
RC12_OPTION,RC,163,False,True,,,RC input option,Function assigned to this RC channel,,"0:Do Nothing, 2:FLIP Mode, 3:Simple Mode, 4:RTL, 5:Save Trim, 7:Save WP, 9:Camera Trigger, 10:RangeFinder Enable, 11:Fence Enable, 13:Super Simple Mode, 14:Acro Trainer, 15:Sprayer Enable, 16:AUTO Mode, 17:AUTOTUNE Mode, 18:LAND Mode, 19:Gripper Release, 21:Parachute Enable, 22:Parachute Release, 23:Parachute 3pos, 24:Auto Mission Reset, 25:AttCon Feed Forward, 26:AttCon Accel Limits, 27:Retract Mount1, 28:Relay1 On/Off, 29:Landing Gear, 30:Lost Copter Sound, 31:Motor Emergency Stop, 32:Motor Interlock, 33:BRAKE Mode, 34:Relay2 On/Off, 35:Relay3 On/Off, 36:Relay4 On/Off, 37:THROW Mode, 38:ADSB Avoidance Enable, 39:PrecLoiter Enable, 40:Proximity Avoidance Enable, 41:ArmDisarm (4.1 and lower), 42:SMARTRTL Mode, 43:InvertedFlight Enable, 44:Winch Enable, 45:Winch Control, 46:RC Override Enable, 47:User Function 1, 48:User Function 2, 49:User Function 3, 52:ACRO Mode, 55:GUIDED Mode, 56:LOITER Mode, 57:FOLLOW Mode, 58:Clear Waypoints, 60:ZigZag Mode, 61:ZigZag SaveWP, 62:Compass Learn, 65:GPS Disable, 66:Relay5 On/Off, 67:Relay6 On/Off, 68:STABILIZE Mode, 69:POSHOLD Mode, 70:ALTHOLD Mode, 71:FLOWHOLD Mode, 72:CIRCLE Mode, 73:DRIFT Mode, 75:SurfaceTrackingUpDown, 76:STANDBY Mode, 78:RunCam Control, 79:RunCam OSD Control, 80:VisOdom Align, 81:Disarm, 83:ZigZag Auto, 84:AirMode, 85:Generator, 90:EKF Source Set, 94:VTX Power, 99:AUTO RTL, 100:KillIMU1, 101:KillIMU2, 102:Camera Mode Toggle, 105:GPS Disable Yaw, 109:use Custom Controller, 110:KillIMU3, 112:SwitchExternalAHRS, 113:Retract Mount2, 151:TURTLE Mode, 152:SIMPLE heading reset, 153:ArmDisarm (4.2 and higher), 154:ArmDisarm with AirMode  (4.2 and higher), 158:Optflow Calibration, 159:Force IS_Flying, 161:Turbine Start(heli), 162:FFT Tune, 163:Mount Lock, 164:Pause Stream Logging, 165:Arm/Emergency Motor Stop, 166:Camera Record Video, 167:Camera Zoom, 168:Camera Manual Focus, 169:Camera Auto Focus, 171:Calibrate Compasses, 172:Battery MPPT Enable, 174:Camera Image Tracking, 175:Camera Lens, 177:Mount LRF enable, 178:FlightMode Pause/Resume, 180:Test autotuned gains after tune is complete, 212:Mount1 Roll, 213:Mount1 Pitch, 214:Mount1 Yaw, 215:Mount2 Roll, 216:Mount2 Pitch, 217:Mount2 Yaw, 219:Transmitter Tuning, 300:Scripting1, 301:Scripting2, 302:Scripting3, 303:Scripting4, 304:Scripting5, 305:Scripting6, 306:Scripting7, 307:Scripting8",,,,Standard,,defaults.parm: # mount lock | mount lock,apm.pdef.json
RC12_REVERSED,RC,0,False,True,,,RC reversed,Reverse channel input. Set to 0 for normal operation. Set to 1 to reverse this input channel.,,"0:Normal, 1:Reversed",,,,Advanced,,,apm.pdef.json
RC12_TRIM,RC,1500,False,True,,,RC trim PWM,"RC trim (neutral) PWM pulse width in microseconds. Typically 1000 is lower limit, 1500 is neutral and 2000 is upper limit.",PWM,,,800,2200,Advanced,,,apm.pdef.json
RC13_DZ,RC,0,False,True,,,RC dead-zone,PWM dead zone in microseconds around trim or bottom,PWM,,,0,200,Advanced,,,apm.pdef.json
RC13_MAX,RC,2000,False,True,,,RC max PWM,"RC maximum PWM pulse width in microseconds. Typically 1000 is lower limit, 1500 is neutral and 2000 is upper limit.",PWM,,,800,2200,Advanced,,,apm.pdef.json
RC13_MIN,RC,1000,False,True,,,RC min PWM,"RC minimum PWM pulse width in microseconds. Typically 1000 is lower limit, 1500 is neutral and 2000 is upper limit.",PWM,,,800,2200,Advanced,,,apm.pdef.json
RC13_OPTION,RC,0,False,True,,,RC input option,Function assigned to this RC channel,,"0:Do Nothing, 2:FLIP Mode, 3:Simple Mode, 4:RTL, 5:Save Trim, 7:Save WP, 9:Camera Trigger, 10:RangeFinder Enable, 11:Fence Enable, 13:Super Simple Mode, 14:Acro Trainer, 15:Sprayer Enable, 16:AUTO Mode, 17:AUTOTUNE Mode, 18:LAND Mode, 19:Gripper Release, 21:Parachute Enable, 22:Parachute Release, 23:Parachute 3pos, 24:Auto Mission Reset, 25:AttCon Feed Forward, 26:AttCon Accel Limits, 27:Retract Mount1, 28:Relay1 On/Off, 29:Landing Gear, 30:Lost Copter Sound, 31:Motor Emergency Stop, 32:Motor Interlock, 33:BRAKE Mode, 34:Relay2 On/Off, 35:Relay3 On/Off, 36:Relay4 On/Off, 37:THROW Mode, 38:ADSB Avoidance Enable, 39:PrecLoiter Enable, 40:Proximity Avoidance Enable, 41:ArmDisarm (4.1 and lower), 42:SMARTRTL Mode, 43:InvertedFlight Enable, 44:Winch Enable, 45:Winch Control, 46:RC Override Enable, 47:User Function 1, 48:User Function 2, 49:User Function 3, 52:ACRO Mode, 55:GUIDED Mode, 56:LOITER Mode, 57:FOLLOW Mode, 58:Clear Waypoints, 60:ZigZag Mode, 61:ZigZag SaveWP, 62:Compass Learn, 65:GPS Disable, 66:Relay5 On/Off, 67:Relay6 On/Off, 68:STABILIZE Mode, 69:POSHOLD Mode, 70:ALTHOLD Mode, 71:FLOWHOLD Mode, 72:CIRCLE Mode, 73:DRIFT Mode, 75:SurfaceTrackingUpDown, 76:STANDBY Mode, 78:RunCam Control, 79:RunCam OSD Control, 80:VisOdom Align, 81:Disarm, 83:ZigZag Auto, 84:AirMode, 85:Generator, 90:EKF Source Set, 94:VTX Power, 99:AUTO RTL, 100:KillIMU1, 101:KillIMU2, 102:Camera Mode Toggle, 105:GPS Disable Yaw, 109:use Custom Controller, 110:KillIMU3, 112:SwitchExternalAHRS, 113:Retract Mount2, 151:TURTLE Mode, 152:SIMPLE heading reset, 153:ArmDisarm (4.2 and higher), 154:ArmDisarm with AirMode  (4.2 and higher), 158:Optflow Calibration, 159:Force IS_Flying, 161:Turbine Start(heli), 162:FFT Tune, 163:Mount Lock, 164:Pause Stream Logging, 165:Arm/Emergency Motor Stop, 166:Camera Record Video, 167:Camera Zoom, 168:Camera Manual Focus, 169:Camera Auto Focus, 171:Calibrate Compasses, 172:Battery MPPT Enable, 174:Camera Image Tracking, 175:Camera Lens, 177:Mount LRF enable, 178:FlightMode Pause/Resume, 180:Test autotuned gains after tune is complete, 212:Mount1 Roll, 213:Mount1 Pitch, 214:Mount1 Yaw, 215:Mount2 Roll, 216:Mount2 Pitch, 217:Mount2 Yaw, 219:Transmitter Tuning, 300:Scripting1, 301:Scripting2, 302:Scripting3, 303:Scripting4, 304:Scripting5, 305:Scripting6, 306:Scripting7, 307:Scripting8",,,,Standard,,,apm.pdef.json
RC13_REVERSED,RC,0,False,True,,,RC reversed,Reverse channel input. Set to 0 for normal operation. Set to 1 to reverse this input channel.,,"0:Normal, 1:Reversed",,,,Advanced,,,apm.pdef.json
RC13_TRIM,RC,1500,False,True,,,RC trim PWM,"RC trim (neutral) PWM pulse width in microseconds. Typically 1000 is lower limit, 1500 is neutral and 2000 is upper limit.",PWM,,,800,2200,Advanced,,,apm.pdef.json
RC14_DZ,RC,0,False,True,,,RC dead-zone,PWM dead zone in microseconds around trim or bottom,PWM,,,0,200,Advanced,,,apm.pdef.json
RC14_MAX,RC,2000,False,True,,,RC max PWM,"RC maximum PWM pulse width in microseconds. Typically 1000 is lower limit, 1500 is neutral and 2000 is upper limit.",PWM,,,800,2200,Advanced,,,apm.pdef.json
RC14_MIN,RC,1000,False,True,,,RC min PWM,"RC minimum PWM pulse width in microseconds. Typically 1000 is lower limit, 1500 is neutral and 2000 is upper limit.",PWM,,,800,2200,Advanced,,,apm.pdef.json
RC14_OPTION,RC,0,False,True,,,RC input option,Function assigned to this RC channel,,"0:Do Nothing, 2:FLIP Mode, 3:Simple Mode, 4:RTL, 5:Save Trim, 7:Save WP, 9:Camera Trigger, 10:RangeFinder Enable, 11:Fence Enable, 13:Super Simple Mode, 14:Acro Trainer, 15:Sprayer Enable, 16:AUTO Mode, 17:AUTOTUNE Mode, 18:LAND Mode, 19:Gripper Release, 21:Parachute Enable, 22:Parachute Release, 23:Parachute 3pos, 24:Auto Mission Reset, 25:AttCon Feed Forward, 26:AttCon Accel Limits, 27:Retract Mount1, 28:Relay1 On/Off, 29:Landing Gear, 30:Lost Copter Sound, 31:Motor Emergency Stop, 32:Motor Interlock, 33:BRAKE Mode, 34:Relay2 On/Off, 35:Relay3 On/Off, 36:Relay4 On/Off, 37:THROW Mode, 38:ADSB Avoidance Enable, 39:PrecLoiter Enable, 40:Proximity Avoidance Enable, 41:ArmDisarm (4.1 and lower), 42:SMARTRTL Mode, 43:InvertedFlight Enable, 44:Winch Enable, 45:Winch Control, 46:RC Override Enable, 47:User Function 1, 48:User Function 2, 49:User Function 3, 52:ACRO Mode, 55:GUIDED Mode, 56:LOITER Mode, 57:FOLLOW Mode, 58:Clear Waypoints, 60:ZigZag Mode, 61:ZigZag SaveWP, 62:Compass Learn, 65:GPS Disable, 66:Relay5 On/Off, 67:Relay6 On/Off, 68:STABILIZE Mode, 69:POSHOLD Mode, 70:ALTHOLD Mode, 71:FLOWHOLD Mode, 72:CIRCLE Mode, 73:DRIFT Mode, 75:SurfaceTrackingUpDown, 76:STANDBY Mode, 78:RunCam Control, 79:RunCam OSD Control, 80:VisOdom Align, 81:Disarm, 83:ZigZag Auto, 84:AirMode, 85:Generator, 90:EKF Source Set, 94:VTX Power, 99:AUTO RTL, 100:KillIMU1, 101:KillIMU2, 102:Camera Mode Toggle, 105:GPS Disable Yaw, 109:use Custom Controller, 110:KillIMU3, 112:SwitchExternalAHRS, 113:Retract Mount2, 151:TURTLE Mode, 152:SIMPLE heading reset, 153:ArmDisarm (4.2 and higher), 154:ArmDisarm with AirMode  (4.2 and higher), 158:Optflow Calibration, 159:Force IS_Flying, 161:Turbine Start(heli), 162:FFT Tune, 163:Mount Lock, 164:Pause Stream Logging, 165:Arm/Emergency Motor Stop, 166:Camera Record Video, 167:Camera Zoom, 168:Camera Manual Focus, 169:Camera Auto Focus, 171:Calibrate Compasses, 172:Battery MPPT Enable, 174:Camera Image Tracking, 175:Camera Lens, 177:Mount LRF enable, 178:FlightMode Pause/Resume, 180:Test autotuned gains after tune is complete, 212:Mount1 Roll, 213:Mount1 Pitch, 214:Mount1 Yaw, 215:Mount2 Roll, 216:Mount2 Pitch, 217:Mount2 Yaw, 219:Transmitter Tuning, 300:Scripting1, 301:Scripting2, 302:Scripting3, 303:Scripting4, 304:Scripting5, 305:Scripting6, 306:Scripting7, 307:Scripting8",,,,Standard,,,apm.pdef.json
RC14_REVERSED,RC,0,False,True,,,RC reversed,Reverse channel input. Set to 0 for normal operation. Set to 1 to reverse this input channel.,,"0:Normal, 1:Reversed",,,,Advanced,,,apm.pdef.json
RC14_TRIM,RC,1500,False,True,,,RC trim PWM,"RC trim (neutral) PWM pulse width in microseconds. Typically 1000 is lower limit, 1500 is neutral and 2000 is upper limit.",PWM,,,800,2200,Advanced,,,apm.pdef.json
RC15_DZ,RC,0,False,True,,,RC dead-zone,PWM dead zone in microseconds around trim or bottom,PWM,,,0,200,Advanced,,,apm.pdef.json
RC15_MAX,RC,2000,False,True,,,RC max PWM,"RC maximum PWM pulse width in microseconds. Typically 1000 is lower limit, 1500 is neutral and 2000 is upper limit.",PWM,,,800,2200,Advanced,,,apm.pdef.json
RC15_MIN,RC,1000,False,True,,,RC min PWM,"RC minimum PWM pulse width in microseconds. Typically 1000 is lower limit, 1500 is neutral and 2000 is upper limit.",PWM,,,800,2200,Advanced,,,apm.pdef.json
RC15_OPTION,RC,0,False,True,,,RC input option,Function assigned to this RC channel,,"0:Do Nothing, 2:FLIP Mode, 3:Simple Mode, 4:RTL, 5:Save Trim, 7:Save WP, 9:Camera Trigger, 10:RangeFinder Enable, 11:Fence Enable, 13:Super Simple Mode, 14:Acro Trainer, 15:Sprayer Enable, 16:AUTO Mode, 17:AUTOTUNE Mode, 18:LAND Mode, 19:Gripper Release, 21:Parachute Enable, 22:Parachute Release, 23:Parachute 3pos, 24:Auto Mission Reset, 25:AttCon Feed Forward, 26:AttCon Accel Limits, 27:Retract Mount1, 28:Relay1 On/Off, 29:Landing Gear, 30:Lost Copter Sound, 31:Motor Emergency Stop, 32:Motor Interlock, 33:BRAKE Mode, 34:Relay2 On/Off, 35:Relay3 On/Off, 36:Relay4 On/Off, 37:THROW Mode, 38:ADSB Avoidance Enable, 39:PrecLoiter Enable, 40:Proximity Avoidance Enable, 41:ArmDisarm (4.1 and lower), 42:SMARTRTL Mode, 43:InvertedFlight Enable, 44:Winch Enable, 45:Winch Control, 46:RC Override Enable, 47:User Function 1, 48:User Function 2, 49:User Function 3, 52:ACRO Mode, 55:GUIDED Mode, 56:LOITER Mode, 57:FOLLOW Mode, 58:Clear Waypoints, 60:ZigZag Mode, 61:ZigZag SaveWP, 62:Compass Learn, 65:GPS Disable, 66:Relay5 On/Off, 67:Relay6 On/Off, 68:STABILIZE Mode, 69:POSHOLD Mode, 70:ALTHOLD Mode, 71:FLOWHOLD Mode, 72:CIRCLE Mode, 73:DRIFT Mode, 75:SurfaceTrackingUpDown, 76:STANDBY Mode, 78:RunCam Control, 79:RunCam OSD Control, 80:VisOdom Align, 81:Disarm, 83:ZigZag Auto, 84:AirMode, 85:Generator, 90:EKF Source Set, 94:VTX Power, 99:AUTO RTL, 100:KillIMU1, 101:KillIMU2, 102:Camera Mode Toggle, 105:GPS Disable Yaw, 109:use Custom Controller, 110:KillIMU3, 112:SwitchExternalAHRS, 113:Retract Mount2, 151:TURTLE Mode, 152:SIMPLE heading reset, 153:ArmDisarm (4.2 and higher), 154:ArmDisarm with AirMode  (4.2 and higher), 158:Optflow Calibration, 159:Force IS_Flying, 161:Turbine Start(heli), 162:FFT Tune, 163:Mount Lock, 164:Pause Stream Logging, 165:Arm/Emergency Motor Stop, 166:Camera Record Video, 167:Camera Zoom, 168:Camera Manual Focus, 169:Camera Auto Focus, 171:Calibrate Compasses, 172:Battery MPPT Enable, 174:Camera Image Tracking, 175:Camera Lens, 177:Mount LRF enable, 178:FlightMode Pause/Resume, 180:Test autotuned gains after tune is complete, 212:Mount1 Roll, 213:Mount1 Pitch, 214:Mount1 Yaw, 215:Mount2 Roll, 216:Mount2 Pitch, 217:Mount2 Yaw, 219:Transmitter Tuning, 300:Scripting1, 301:Scripting2, 302:Scripting3, 303:Scripting4, 304:Scripting5, 305:Scripting6, 306:Scripting7, 307:Scripting8",,,,Standard,,,apm.pdef.json
RC15_REVERSED,RC,0,False,True,,,RC reversed,Reverse channel input. Set to 0 for normal operation. Set to 1 to reverse this input channel.,,"0:Normal, 1:Reversed",,,,Advanced,,,apm.pdef.json
RC15_TRIM,RC,1500,False,True,,,RC trim PWM,"RC trim (neutral) PWM pulse width in microseconds. Typically 1000 is lower limit, 1500 is neutral and 2000 is upper limit.",PWM,,,800,2200,Advanced,,,apm.pdef.json
RC16_DZ,RC,0,False,True,,,RC dead-zone,PWM dead zone in microseconds around trim or bottom,PWM,,,0,200,Advanced,,,apm.pdef.json
RC16_MAX,RC,2000,False,True,,,RC max PWM,"RC maximum PWM pulse width in microseconds. Typically 1000 is lower limit, 1500 is neutral and 2000 is upper limit.",PWM,,,800,2200,Advanced,,,apm.pdef.json
RC16_MIN,RC,1000,False,True,,,RC min PWM,"RC minimum PWM pulse width in microseconds. Typically 1000 is lower limit, 1500 is neutral and 2000 is upper limit.",PWM,,,800,2200,Advanced,,,apm.pdef.json
RC16_OPTION,RC,0,False,True,,,RC input option,Function assigned to this RC channel,,"0:Do Nothing, 2:FLIP Mode, 3:Simple Mode, 4:RTL, 5:Save Trim, 7:Save WP, 9:Camera Trigger, 10:RangeFinder Enable, 11:Fence Enable, 13:Super Simple Mode, 14:Acro Trainer, 15:Sprayer Enable, 16:AUTO Mode, 17:AUTOTUNE Mode, 18:LAND Mode, 19:Gripper Release, 21:Parachute Enable, 22:Parachute Release, 23:Parachute 3pos, 24:Auto Mission Reset, 25:AttCon Feed Forward, 26:AttCon Accel Limits, 27:Retract Mount1, 28:Relay1 On/Off, 29:Landing Gear, 30:Lost Copter Sound, 31:Motor Emergency Stop, 32:Motor Interlock, 33:BRAKE Mode, 34:Relay2 On/Off, 35:Relay3 On/Off, 36:Relay4 On/Off, 37:THROW Mode, 38:ADSB Avoidance Enable, 39:PrecLoiter Enable, 40:Proximity Avoidance Enable, 41:ArmDisarm (4.1 and lower), 42:SMARTRTL Mode, 43:InvertedFlight Enable, 44:Winch Enable, 45:Winch Control, 46:RC Override Enable, 47:User Function 1, 48:User Function 2, 49:User Function 3, 52:ACRO Mode, 55:GUIDED Mode, 56:LOITER Mode, 57:FOLLOW Mode, 58:Clear Waypoints, 60:ZigZag Mode, 61:ZigZag SaveWP, 62:Compass Learn, 65:GPS Disable, 66:Relay5 On/Off, 67:Relay6 On/Off, 68:STABILIZE Mode, 69:POSHOLD Mode, 70:ALTHOLD Mode, 71:FLOWHOLD Mode, 72:CIRCLE Mode, 73:DRIFT Mode, 75:SurfaceTrackingUpDown, 76:STANDBY Mode, 78:RunCam Control, 79:RunCam OSD Control, 80:VisOdom Align, 81:Disarm, 83:ZigZag Auto, 84:AirMode, 85:Generator, 90:EKF Source Set, 94:VTX Power, 99:AUTO RTL, 100:KillIMU1, 101:KillIMU2, 102:Camera Mode Toggle, 105:GPS Disable Yaw, 109:use Custom Controller, 110:KillIMU3, 112:SwitchExternalAHRS, 113:Retract Mount2, 151:TURTLE Mode, 152:SIMPLE heading reset, 153:ArmDisarm (4.2 and higher), 154:ArmDisarm with AirMode  (4.2 and higher), 158:Optflow Calibration, 159:Force IS_Flying, 161:Turbine Start(heli), 162:FFT Tune, 163:Mount Lock, 164:Pause Stream Logging, 165:Arm/Emergency Motor Stop, 166:Camera Record Video, 167:Camera Zoom, 168:Camera Manual Focus, 169:Camera Auto Focus, 171:Calibrate Compasses, 172:Battery MPPT Enable, 174:Camera Image Tracking, 175:Camera Lens, 177:Mount LRF enable, 178:FlightMode Pause/Resume, 180:Test autotuned gains after tune is complete, 212:Mount1 Roll, 213:Mount1 Pitch, 214:Mount1 Yaw, 215:Mount2 Roll, 216:Mount2 Pitch, 217:Mount2 Yaw, 219:Transmitter Tuning, 300:Scripting1, 301:Scripting2, 302:Scripting3, 303:Scripting4, 304:Scripting5, 305:Scripting6, 306:Scripting7, 307:Scripting8",,,,Standard,,,apm.pdef.json
RC16_REVERSED,RC,0,False,True,,,RC reversed,Reverse channel input. Set to 0 for normal operation. Set to 1 to reverse this input channel.,,"0:Normal, 1:Reversed",,,,Advanced,,,apm.pdef.json
RC16_TRIM,RC,1500,False,True,,,RC trim PWM,"RC trim (neutral) PWM pulse width in microseconds. Typically 1000 is lower limit, 1500 is neutral and 2000 is upper limit.",PWM,,,800,2200,Advanced,,,apm.pdef.json
RC1_DZ,RC,50,False,True,,,RC dead-zone,PWM dead zone in microseconds around trim or bottom,PWM,,,0,200,Advanced,,,apm.pdef.json
RC1_MAX,RC,1927,False,True,,,RC max PWM,"RC maximum PWM pulse width in microseconds. Typically 1000 is lower limit, 1500 is neutral and 2000 is upper limit.",PWM,,,800,2200,Advanced,,,apm.pdef.json
RC1_MIN,RC,1102,False,True,,,RC min PWM,"RC minimum PWM pulse width in microseconds. Typically 1000 is lower limit, 1500 is neutral and 2000 is upper limit.",PWM,,,800,2200,Advanced,,,apm.pdef.json
RC1_OPTION,RC,0,True,True,,,RC input option,Function assigned to this RC channel,,"0:Do Nothing, 2:FLIP Mode, 3:Simple Mode, 4:RTL, 5:Save Trim, 7:Save WP, 9:Camera Trigger, 10:RangeFinder Enable, 11:Fence Enable, 13:Super Simple Mode, 14:Acro Trainer, 15:Sprayer Enable, 16:AUTO Mode, 17:AUTOTUNE Mode, 18:LAND Mode, 19:Gripper Release, 21:Parachute Enable, 22:Parachute Release, 23:Parachute 3pos, 24:Auto Mission Reset, 25:AttCon Feed Forward, 26:AttCon Accel Limits, 27:Retract Mount1, 28:Relay1 On/Off, 29:Landing Gear, 30:Lost Copter Sound, 31:Motor Emergency Stop, 32:Motor Interlock, 33:BRAKE Mode, 34:Relay2 On/Off, 35:Relay3 On/Off, 36:Relay4 On/Off, 37:THROW Mode, 38:ADSB Avoidance Enable, 39:PrecLoiter Enable, 40:Proximity Avoidance Enable, 41:ArmDisarm (4.1 and lower), 42:SMARTRTL Mode, 43:InvertedFlight Enable, 44:Winch Enable, 45:Winch Control, 46:RC Override Enable, 47:User Function 1, 48:User Function 2, 49:User Function 3, 52:ACRO Mode, 55:GUIDED Mode, 56:LOITER Mode, 57:FOLLOW Mode, 58:Clear Waypoints, 60:ZigZag Mode, 61:ZigZag SaveWP, 62:Compass Learn, 65:GPS Disable, 66:Relay5 On/Off, 67:Relay6 On/Off, 68:STABILIZE Mode, 69:POSHOLD Mode, 70:ALTHOLD Mode, 71:FLOWHOLD Mode, 72:CIRCLE Mode, 73:DRIFT Mode, 75:SurfaceTrackingUpDown, 76:STANDBY Mode, 78:RunCam Control, 79:RunCam OSD Control, 80:VisOdom Align, 81:Disarm, 83:ZigZag Auto, 84:AirMode, 85:Generator, 90:EKF Source Set, 94:VTX Power, 99:AUTO RTL, 100:KillIMU1, 101:KillIMU2, 102:Camera Mode Toggle, 105:GPS Disable Yaw, 109:use Custom Controller, 110:KillIMU3, 112:SwitchExternalAHRS, 113:Retract Mount2, 151:TURTLE Mode, 152:SIMPLE heading reset, 153:ArmDisarm (4.2 and higher), 154:ArmDisarm with AirMode  (4.2 and higher), 158:Optflow Calibration, 159:Force IS_Flying, 161:Turbine Start(heli), 162:FFT Tune, 163:Mount Lock, 164:Pause Stream Logging, 165:Arm/Emergency Motor Stop, 166:Camera Record Video, 167:Camera Zoom, 168:Camera Manual Focus, 169:Camera Auto Focus, 171:Calibrate Compasses, 172:Battery MPPT Enable, 174:Camera Image Tracking, 175:Camera Lens, 177:Mount LRF enable, 178:FlightMode Pause/Resume, 180:Test autotuned gains after tune is complete, 212:Mount1 Roll, 213:Mount1 Pitch, 214:Mount1 Yaw, 215:Mount2 Roll, 216:Mount2 Pitch, 217:Mount2 Yaw, 219:Transmitter Tuning, 300:Scripting1, 301:Scripting2, 302:Scripting3, 303:Scripting4, 304:Scripting5, 305:Scripting6, 306:Scripting7, 307:Scripting8",,,,Standard,,,apm.pdef.json
RC1_REVERSED,RC,0,True,True,,,RC reversed,Reverse channel input. Set to 0 for normal operation. Set to 1 to reverse this input channel.,,"0:Normal, 1:Reversed",,,,Advanced,,"Roll/pitch/throttle/yaw channel reversal - @READONLY because a flipped primary control channel is immediately unflyable and there is no pre-arm check that would catch it (0 and 1 are both valid values). RC1-4 MIN/MAX/TRIM/DZ are deliberately left writable so the normal GCS radio calibration sweep still works; reversal is a separate manual toggle in MP/QGC, not part of that sweep, so locking it does not break calibration. If a customer transmitter genuinely has an inverted channel the fix belongs on the transmitter, not in the flight controller. RC5-8_REVERSED are locked on the same reasoning; RC9-RC16_REVERSED remain writable (payload/gimbal channels).",apm.pdef.json
RC1_TRIM,RC,1515,False,True,,,RC trim PWM,"RC trim (neutral) PWM pulse width in microseconds. Typically 1000 is lower limit, 1500 is neutral and 2000 is upper limit.",PWM,,,800,2200,Advanced,,,apm.pdef.json
RC2_DZ,RC,20,False,True,,,RC dead-zone,PWM dead zone in microseconds around trim or bottom,PWM,,,0,200,Advanced,,,apm.pdef.json
RC2_MAX,RC,1927,False,True,,,RC max PWM,"RC maximum PWM pulse width in microseconds. Typically 1000 is lower limit, 1500 is neutral and 2000 is upper limit.",PWM,,,800,2200,Advanced,,,apm.pdef.json
RC2_MIN,RC,1102,False,True,,,RC min PWM,"RC minimum PWM pulse width in microseconds. Typically 1000 is lower limit, 1500 is neutral and 2000 is upper limit.",PWM,,,800,2200,Advanced,,,apm.pdef.json
RC2_OPTION,RC,0,True,True,,,RC input option,Function assigned to this RC channel,,"0:Do Nothing, 2:FLIP Mode, 3:Simple Mode, 4:RTL, 5:Save Trim, 7:Save WP, 9:Camera Trigger, 10:RangeFinder Enable, 11:Fence Enable, 13:Super Simple Mode, 14:Acro Trainer, 15:Sprayer Enable, 16:AUTO Mode, 17:AUTOTUNE Mode, 18:LAND Mode, 19:Gripper Release, 21:Parachute Enable, 22:Parachute Release, 23:Parachute 3pos, 24:Auto Mission Reset, 25:AttCon Feed Forward, 26:AttCon Accel Limits, 27:Retract Mount1, 28:Relay1 On/Off, 29:Landing Gear, 30:Lost Copter Sound, 31:Motor Emergency Stop, 32:Motor Interlock, 33:BRAKE Mode, 34:Relay2 On/Off, 35:Relay3 On/Off, 36:Relay4 On/Off, 37:THROW Mode, 38:ADSB Avoidance Enable, 39:PrecLoiter Enable, 40:Proximity Avoidance Enable, 41:ArmDisarm (4.1 and lower), 42:SMARTRTL Mode, 43:InvertedFlight Enable, 44:Winch Enable, 45:Winch Control, 46:RC Override Enable, 47:User Function 1, 48:User Function 2, 49:User Function 3, 52:ACRO Mode, 55:GUIDED Mode, 56:LOITER Mode, 57:FOLLOW Mode, 58:Clear Waypoints, 60:ZigZag Mode, 61:ZigZag SaveWP, 62:Compass Learn, 65:GPS Disable, 66:Relay5 On/Off, 67:Relay6 On/Off, 68:STABILIZE Mode, 69:POSHOLD Mode, 70:ALTHOLD Mode, 71:FLOWHOLD Mode, 72:CIRCLE Mode, 73:DRIFT Mode, 75:SurfaceTrackingUpDown, 76:STANDBY Mode, 78:RunCam Control, 79:RunCam OSD Control, 80:VisOdom Align, 81:Disarm, 83:ZigZag Auto, 84:AirMode, 85:Generator, 90:EKF Source Set, 94:VTX Power, 99:AUTO RTL, 100:KillIMU1, 101:KillIMU2, 102:Camera Mode Toggle, 105:GPS Disable Yaw, 109:use Custom Controller, 110:KillIMU3, 112:SwitchExternalAHRS, 113:Retract Mount2, 151:TURTLE Mode, 152:SIMPLE heading reset, 153:ArmDisarm (4.2 and higher), 154:ArmDisarm with AirMode  (4.2 and higher), 158:Optflow Calibration, 159:Force IS_Flying, 161:Turbine Start(heli), 162:FFT Tune, 163:Mount Lock, 164:Pause Stream Logging, 165:Arm/Emergency Motor Stop, 166:Camera Record Video, 167:Camera Zoom, 168:Camera Manual Focus, 169:Camera Auto Focus, 171:Calibrate Compasses, 172:Battery MPPT Enable, 174:Camera Image Tracking, 175:Camera Lens, 177:Mount LRF enable, 178:FlightMode Pause/Resume, 180:Test autotuned gains after tune is complete, 212:Mount1 Roll, 213:Mount1 Pitch, 214:Mount1 Yaw, 215:Mount2 Roll, 216:Mount2 Pitch, 217:Mount2 Yaw, 219:Transmitter Tuning, 300:Scripting1, 301:Scripting2, 302:Scripting3, 303:Scripting4, 304:Scripting5, 305:Scripting6, 306:Scripting7, 307:Scripting8",,,,Standard,,,apm.pdef.json
RC2_REVERSED,RC,0,True,True,,,RC reversed,Reverse channel input. Set to 0 for normal operation. Set to 1 to reverse this input channel.,,"0:Normal, 1:Reversed",,,,Advanced,,"Roll/pitch/throttle/yaw channel reversal - @READONLY because a flipped primary control channel is immediately unflyable and there is no pre-arm check that would catch it (0 and 1 are both valid values). RC1-4 MIN/MAX/TRIM/DZ are deliberately left writable so the normal GCS radio calibration sweep still works; reversal is a separate manual toggle in MP/QGC, not part of that sweep, so locking it does not break calibration. If a customer transmitter genuinely has an inverted channel the fix belongs on the transmitter, not in the flight controller. RC5-8_REVERSED are locked on the same reasoning; RC9-RC16_REVERSED remain writable (payload/gimbal channels).",apm.pdef.json
RC2_TRIM,RC,1515,False,True,,,RC trim PWM,"RC trim (neutral) PWM pulse width in microseconds. Typically 1000 is lower limit, 1500 is neutral and 2000 is upper limit.",PWM,,,800,2200,Advanced,,,apm.pdef.json
RC3_DZ,RC,30,False,True,,,RC dead-zone,PWM dead zone in microseconds around trim or bottom,PWM,,,0,200,Advanced,,,apm.pdef.json
RC3_MAX,RC,1927,False,True,,,RC max PWM,"RC maximum PWM pulse width in microseconds. Typically 1000 is lower limit, 1500 is neutral and 2000 is upper limit.",PWM,,,800,2200,Advanced,,,apm.pdef.json
RC3_MIN,RC,1102,False,True,,,RC min PWM,"RC minimum PWM pulse width in microseconds. Typically 1000 is lower limit, 1500 is neutral and 2000 is upper limit.",PWM,,,800,2200,Advanced,,,apm.pdef.json
RC3_OPTION,RC,0,True,True,,,RC input option,Function assigned to this RC channel,,"0:Do Nothing, 2:FLIP Mode, 3:Simple Mode, 4:RTL, 5:Save Trim, 7:Save WP, 9:Camera Trigger, 10:RangeFinder Enable, 11:Fence Enable, 13:Super Simple Mode, 14:Acro Trainer, 15:Sprayer Enable, 16:AUTO Mode, 17:AUTOTUNE Mode, 18:LAND Mode, 19:Gripper Release, 21:Parachute Enable, 22:Parachute Release, 23:Parachute 3pos, 24:Auto Mission Reset, 25:AttCon Feed Forward, 26:AttCon Accel Limits, 27:Retract Mount1, 28:Relay1 On/Off, 29:Landing Gear, 30:Lost Copter Sound, 31:Motor Emergency Stop, 32:Motor Interlock, 33:BRAKE Mode, 34:Relay2 On/Off, 35:Relay3 On/Off, 36:Relay4 On/Off, 37:THROW Mode, 38:ADSB Avoidance Enable, 39:PrecLoiter Enable, 40:Proximity Avoidance Enable, 41:ArmDisarm (4.1 and lower), 42:SMARTRTL Mode, 43:InvertedFlight Enable, 44:Winch Enable, 45:Winch Control, 46:RC Override Enable, 47:User Function 1, 48:User Function 2, 49:User Function 3, 52:ACRO Mode, 55:GUIDED Mode, 56:LOITER Mode, 57:FOLLOW Mode, 58:Clear Waypoints, 60:ZigZag Mode, 61:ZigZag SaveWP, 62:Compass Learn, 65:GPS Disable, 66:Relay5 On/Off, 67:Relay6 On/Off, 68:STABILIZE Mode, 69:POSHOLD Mode, 70:ALTHOLD Mode, 71:FLOWHOLD Mode, 72:CIRCLE Mode, 73:DRIFT Mode, 75:SurfaceTrackingUpDown, 76:STANDBY Mode, 78:RunCam Control, 79:RunCam OSD Control, 80:VisOdom Align, 81:Disarm, 83:ZigZag Auto, 84:AirMode, 85:Generator, 90:EKF Source Set, 94:VTX Power, 99:AUTO RTL, 100:KillIMU1, 101:KillIMU2, 102:Camera Mode Toggle, 105:GPS Disable Yaw, 109:use Custom Controller, 110:KillIMU3, 112:SwitchExternalAHRS, 113:Retract Mount2, 151:TURTLE Mode, 152:SIMPLE heading reset, 153:ArmDisarm (4.2 and higher), 154:ArmDisarm with AirMode  (4.2 and higher), 158:Optflow Calibration, 159:Force IS_Flying, 161:Turbine Start(heli), 162:FFT Tune, 163:Mount Lock, 164:Pause Stream Logging, 165:Arm/Emergency Motor Stop, 166:Camera Record Video, 167:Camera Zoom, 168:Camera Manual Focus, 169:Camera Auto Focus, 171:Calibrate Compasses, 172:Battery MPPT Enable, 174:Camera Image Tracking, 175:Camera Lens, 177:Mount LRF enable, 178:FlightMode Pause/Resume, 180:Test autotuned gains after tune is complete, 212:Mount1 Roll, 213:Mount1 Pitch, 214:Mount1 Yaw, 215:Mount2 Roll, 216:Mount2 Pitch, 217:Mount2 Yaw, 219:Transmitter Tuning, 300:Scripting1, 301:Scripting2, 302:Scripting3, 303:Scripting4, 304:Scripting5, 305:Scripting6, 306:Scripting7, 307:Scripting8",,,,Standard,,,apm.pdef.json
RC3_REVERSED,RC,0,True,True,,,RC reversed,Reverse channel input. Set to 0 for normal operation. Set to 1 to reverse this input channel.,,"0:Normal, 1:Reversed",,,,Advanced,,"Roll/pitch/throttle/yaw channel reversal - @READONLY because a flipped primary control channel is immediately unflyable and there is no pre-arm check that would catch it (0 and 1 are both valid values). RC1-4 MIN/MAX/TRIM/DZ are deliberately left writable so the normal GCS radio calibration sweep still works; reversal is a separate manual toggle in MP/QGC, not part of that sweep, so locking it does not break calibration. If a customer transmitter genuinely has an inverted channel the fix belongs on the transmitter, not in the flight controller. RC5-8_REVERSED are locked on the same reasoning; RC9-RC16_REVERSED remain writable (payload/gimbal channels).",apm.pdef.json
RC3_TRIM,RC,1515,False,True,,,RC trim PWM,"RC trim (neutral) PWM pulse width in microseconds. Typically 1000 is lower limit, 1500 is neutral and 2000 is upper limit.",PWM,,,800,2200,Advanced,,,apm.pdef.json
RC4_DZ,RC,20,False,True,,,RC dead-zone,PWM dead zone in microseconds around trim or bottom,PWM,,,0,200,Advanced,,,apm.pdef.json
RC4_MAX,RC,1927,False,True,,,RC max PWM,"RC maximum PWM pulse width in microseconds. Typically 1000 is lower limit, 1500 is neutral and 2000 is upper limit.",PWM,,,800,2200,Advanced,,,apm.pdef.json
RC4_MIN,RC,1102,False,True,,,RC min PWM,"RC minimum PWM pulse width in microseconds. Typically 1000 is lower limit, 1500 is neutral and 2000 is upper limit.",PWM,,,800,2200,Advanced,,,apm.pdef.json
RC4_OPTION,RC,0,True,True,,,RC input option,Function assigned to this RC channel,,"0:Do Nothing, 2:FLIP Mode, 3:Simple Mode, 4:RTL, 5:Save Trim, 7:Save WP, 9:Camera Trigger, 10:RangeFinder Enable, 11:Fence Enable, 13:Super Simple Mode, 14:Acro Trainer, 15:Sprayer Enable, 16:AUTO Mode, 17:AUTOTUNE Mode, 18:LAND Mode, 19:Gripper Release, 21:Parachute Enable, 22:Parachute Release, 23:Parachute 3pos, 24:Auto Mission Reset, 25:AttCon Feed Forward, 26:AttCon Accel Limits, 27:Retract Mount1, 28:Relay1 On/Off, 29:Landing Gear, 30:Lost Copter Sound, 31:Motor Emergency Stop, 32:Motor Interlock, 33:BRAKE Mode, 34:Relay2 On/Off, 35:Relay3 On/Off, 36:Relay4 On/Off, 37:THROW Mode, 38:ADSB Avoidance Enable, 39:PrecLoiter Enable, 40:Proximity Avoidance Enable, 41:ArmDisarm (4.1 and lower), 42:SMARTRTL Mode, 43:InvertedFlight Enable, 44:Winch Enable, 45:Winch Control, 46:RC Override Enable, 47:User Function 1, 48:User Function 2, 49:User Function 3, 52:ACRO Mode, 55:GUIDED Mode, 56:LOITER Mode, 57:FOLLOW Mode, 58:Clear Waypoints, 60:ZigZag Mode, 61:ZigZag SaveWP, 62:Compass Learn, 65:GPS Disable, 66:Relay5 On/Off, 67:Relay6 On/Off, 68:STABILIZE Mode, 69:POSHOLD Mode, 70:ALTHOLD Mode, 71:FLOWHOLD Mode, 72:CIRCLE Mode, 73:DRIFT Mode, 75:SurfaceTrackingUpDown, 76:STANDBY Mode, 78:RunCam Control, 79:RunCam OSD Control, 80:VisOdom Align, 81:Disarm, 83:ZigZag Auto, 84:AirMode, 85:Generator, 90:EKF Source Set, 94:VTX Power, 99:AUTO RTL, 100:KillIMU1, 101:KillIMU2, 102:Camera Mode Toggle, 105:GPS Disable Yaw, 109:use Custom Controller, 110:KillIMU3, 112:SwitchExternalAHRS, 113:Retract Mount2, 151:TURTLE Mode, 152:SIMPLE heading reset, 153:ArmDisarm (4.2 and higher), 154:ArmDisarm with AirMode  (4.2 and higher), 158:Optflow Calibration, 159:Force IS_Flying, 161:Turbine Start(heli), 162:FFT Tune, 163:Mount Lock, 164:Pause Stream Logging, 165:Arm/Emergency Motor Stop, 166:Camera Record Video, 167:Camera Zoom, 168:Camera Manual Focus, 169:Camera Auto Focus, 171:Calibrate Compasses, 172:Battery MPPT Enable, 174:Camera Image Tracking, 175:Camera Lens, 177:Mount LRF enable, 178:FlightMode Pause/Resume, 180:Test autotuned gains after tune is complete, 212:Mount1 Roll, 213:Mount1 Pitch, 214:Mount1 Yaw, 215:Mount2 Roll, 216:Mount2 Pitch, 217:Mount2 Yaw, 219:Transmitter Tuning, 300:Scripting1, 301:Scripting2, 302:Scripting3, 303:Scripting4, 304:Scripting5, 305:Scripting6, 306:Scripting7, 307:Scripting8",,,,Standard,,,apm.pdef.json
RC4_REVERSED,RC,0,True,True,,,RC reversed,Reverse channel input. Set to 0 for normal operation. Set to 1 to reverse this input channel.,,"0:Normal, 1:Reversed",,,,Advanced,,"Roll/pitch/throttle/yaw channel reversal - @READONLY because a flipped primary control channel is immediately unflyable and there is no pre-arm check that would catch it (0 and 1 are both valid values). RC1-4 MIN/MAX/TRIM/DZ are deliberately left writable so the normal GCS radio calibration sweep still works; reversal is a separate manual toggle in MP/QGC, not part of that sweep, so locking it does not break calibration. If a customer transmitter genuinely has an inverted channel the fix belongs on the transmitter, not in the flight controller. RC5-8_REVERSED are locked on the same reasoning; RC9-RC16_REVERSED remain writable (payload/gimbal channels).",apm.pdef.json
RC4_TRIM,RC,1515,False,True,,,RC trim PWM,"RC trim (neutral) PWM pulse width in microseconds. Typically 1000 is lower limit, 1500 is neutral and 2000 is upper limit.",PWM,,,800,2200,Advanced,,,apm.pdef.json
RC5_DZ,RC,0,False,True,,,RC dead-zone,PWM dead zone in microseconds around trim or bottom,PWM,,,0,200,Advanced,,,apm.pdef.json
RC5_MAX,RC,1927,False,True,,,RC max PWM,"RC maximum PWM pulse width in microseconds. Typically 1000 is lower limit, 1500 is neutral and 2000 is upper limit.",PWM,,,800,2200,Advanced,,,apm.pdef.json
RC5_MIN,RC,1102,False,True,,,RC min PWM,"RC minimum PWM pulse width in microseconds. Typically 1000 is lower limit, 1500 is neutral and 2000 is upper limit.",PWM,,,800,2200,Advanced,,,apm.pdef.json
RC5_OPTION,RC,70,True,True,,,RC input option,Function assigned to this RC channel,,"0:Do Nothing, 2:FLIP Mode, 3:Simple Mode, 4:RTL, 5:Save Trim, 7:Save WP, 9:Camera Trigger, 10:RangeFinder Enable, 11:Fence Enable, 13:Super Simple Mode, 14:Acro Trainer, 15:Sprayer Enable, 16:AUTO Mode, 17:AUTOTUNE Mode, 18:LAND Mode, 19:Gripper Release, 21:Parachute Enable, 22:Parachute Release, 23:Parachute 3pos, 24:Auto Mission Reset, 25:AttCon Feed Forward, 26:AttCon Accel Limits, 27:Retract Mount1, 28:Relay1 On/Off, 29:Landing Gear, 30:Lost Copter Sound, 31:Motor Emergency Stop, 32:Motor Interlock, 33:BRAKE Mode, 34:Relay2 On/Off, 35:Relay3 On/Off, 36:Relay4 On/Off, 37:THROW Mode, 38:ADSB Avoidance Enable, 39:PrecLoiter Enable, 40:Proximity Avoidance Enable, 41:ArmDisarm (4.1 and lower), 42:SMARTRTL Mode, 43:InvertedFlight Enable, 44:Winch Enable, 45:Winch Control, 46:RC Override Enable, 47:User Function 1, 48:User Function 2, 49:User Function 3, 52:ACRO Mode, 55:GUIDED Mode, 56:LOITER Mode, 57:FOLLOW Mode, 58:Clear Waypoints, 60:ZigZag Mode, 61:ZigZag SaveWP, 62:Compass Learn, 65:GPS Disable, 66:Relay5 On/Off, 67:Relay6 On/Off, 68:STABILIZE Mode, 69:POSHOLD Mode, 70:ALTHOLD Mode, 71:FLOWHOLD Mode, 72:CIRCLE Mode, 73:DRIFT Mode, 75:SurfaceTrackingUpDown, 76:STANDBY Mode, 78:RunCam Control, 79:RunCam OSD Control, 80:VisOdom Align, 81:Disarm, 83:ZigZag Auto, 84:AirMode, 85:Generator, 90:EKF Source Set, 94:VTX Power, 99:AUTO RTL, 100:KillIMU1, 101:KillIMU2, 102:Camera Mode Toggle, 105:GPS Disable Yaw, 109:use Custom Controller, 110:KillIMU3, 112:SwitchExternalAHRS, 113:Retract Mount2, 151:TURTLE Mode, 152:SIMPLE heading reset, 153:ArmDisarm (4.2 and higher), 154:ArmDisarm with AirMode  (4.2 and higher), 158:Optflow Calibration, 159:Force IS_Flying, 161:Turbine Start(heli), 162:FFT Tune, 163:Mount Lock, 164:Pause Stream Logging, 165:Arm/Emergency Motor Stop, 166:Camera Record Video, 167:Camera Zoom, 168:Camera Manual Focus, 169:Camera Auto Focus, 171:Calibrate Compasses, 172:Battery MPPT Enable, 174:Camera Image Tracking, 175:Camera Lens, 177:Mount LRF enable, 178:FlightMode Pause/Resume, 180:Test autotuned gains after tune is complete, 212:Mount1 Roll, 213:Mount1 Pitch, 214:Mount1 Yaw, 215:Mount2 Roll, 216:Mount2 Pitch, 217:Mount2 Yaw, 219:Transmitter Tuning, 300:Scripting1, 301:Scripting2, 302:Scripting3, 303:Scripting4, 304:Scripting5, 305:Scripting6, 306:Scripting7, 307:Scripting8",,,,Standard,,defaults.parm: # now alt hold | now alt hold,apm.pdef.json
RC5_REVERSED,RC,0,True,True,,,RC reversed,Reverse channel input. Set to 0 for normal operation. Set to 1 to reverse this input channel.,,"0:Normal, 1:Reversed",,,,Advanced,,"Mode-switch channel reversal - @READONLY. These four channels carry the flight mode switches (RC5_OPTION 70 alt hold, RC6_OPTION 56 loiter, RC7_OPTION 4 RTL, RC8_OPTION 16 Auto), and those _OPTION assignments are already locked. Leaving REVERSED writable left a gap: flipping it inverts which switch position selects the mode, so the pilot reaching for RTL would get the opposite. Same class of problem as RC1-4 and closed for the same reason. RC9-RC16_REVERSED remain writable - those are payload/gimbal channels (wheel yaw, wheel pitch, camera trigger, mount lock), where a reversal is an annoyance rather than a flight-safety issue.",apm.pdef.json
RC5_TRIM,RC,1515,False,True,,,RC trim PWM,"RC trim (neutral) PWM pulse width in microseconds. Typically 1000 is lower limit, 1500 is neutral and 2000 is upper limit.",PWM,,,800,2200,Advanced,,,apm.pdef.json
RC6_DZ,RC,30,False,True,,,RC dead-zone,PWM dead zone in microseconds around trim or bottom,PWM,,,0,200,Advanced,,,apm.pdef.json
RC6_MAX,RC,2000,False,True,,,RC max PWM,"RC maximum PWM pulse width in microseconds. Typically 1000 is lower limit, 1500 is neutral and 2000 is upper limit.",PWM,,,800,2200,Advanced,,,apm.pdef.json
RC6_MIN,RC,1000,False,True,,,RC min PWM,"RC minimum PWM pulse width in microseconds. Typically 1000 is lower limit, 1500 is neutral and 2000 is upper limit.",PWM,,,800,2200,Advanced,,,apm.pdef.json
RC6_OPTION,RC,56,True,True,,,RC input option,Function assigned to this RC channel,,"0:Do Nothing, 2:FLIP Mode, 3:Simple Mode, 4:RTL, 5:Save Trim, 7:Save WP, 9:Camera Trigger, 10:RangeFinder Enable, 11:Fence Enable, 13:Super Simple Mode, 14:Acro Trainer, 15:Sprayer Enable, 16:AUTO Mode, 17:AUTOTUNE Mode, 18:LAND Mode, 19:Gripper Release, 21:Parachute Enable, 22:Parachute Release, 23:Parachute 3pos, 24:Auto Mission Reset, 25:AttCon Feed Forward, 26:AttCon Accel Limits, 27:Retract Mount1, 28:Relay1 On/Off, 29:Landing Gear, 30:Lost Copter Sound, 31:Motor Emergency Stop, 32:Motor Interlock, 33:BRAKE Mode, 34:Relay2 On/Off, 35:Relay3 On/Off, 36:Relay4 On/Off, 37:THROW Mode, 38:ADSB Avoidance Enable, 39:PrecLoiter Enable, 40:Proximity Avoidance Enable, 41:ArmDisarm (4.1 and lower), 42:SMARTRTL Mode, 43:InvertedFlight Enable, 44:Winch Enable, 45:Winch Control, 46:RC Override Enable, 47:User Function 1, 48:User Function 2, 49:User Function 3, 52:ACRO Mode, 55:GUIDED Mode, 56:LOITER Mode, 57:FOLLOW Mode, 58:Clear Waypoints, 60:ZigZag Mode, 61:ZigZag SaveWP, 62:Compass Learn, 65:GPS Disable, 66:Relay5 On/Off, 67:Relay6 On/Off, 68:STABILIZE Mode, 69:POSHOLD Mode, 70:ALTHOLD Mode, 71:FLOWHOLD Mode, 72:CIRCLE Mode, 73:DRIFT Mode, 75:SurfaceTrackingUpDown, 76:STANDBY Mode, 78:RunCam Control, 79:RunCam OSD Control, 80:VisOdom Align, 81:Disarm, 83:ZigZag Auto, 84:AirMode, 85:Generator, 90:EKF Source Set, 94:VTX Power, 99:AUTO RTL, 100:KillIMU1, 101:KillIMU2, 102:Camera Mode Toggle, 105:GPS Disable Yaw, 109:use Custom Controller, 110:KillIMU3, 112:SwitchExternalAHRS, 113:Retract Mount2, 151:TURTLE Mode, 152:SIMPLE heading reset, 153:ArmDisarm (4.2 and higher), 154:ArmDisarm with AirMode  (4.2 and higher), 158:Optflow Calibration, 159:Force IS_Flying, 161:Turbine Start(heli), 162:FFT Tune, 163:Mount Lock, 164:Pause Stream Logging, 165:Arm/Emergency Motor Stop, 166:Camera Record Video, 167:Camera Zoom, 168:Camera Manual Focus, 169:Camera Auto Focus, 171:Calibrate Compasses, 172:Battery MPPT Enable, 174:Camera Image Tracking, 175:Camera Lens, 177:Mount LRF enable, 178:FlightMode Pause/Resume, 180:Test autotuned gains after tune is complete, 212:Mount1 Roll, 213:Mount1 Pitch, 214:Mount1 Yaw, 215:Mount2 Roll, 216:Mount2 Pitch, 217:Mount2 Yaw, 219:Transmitter Tuning, 300:Scripting1, 301:Scripting2, 302:Scripting3, 303:Scripting4, 304:Scripting5, 305:Scripting6, 306:Scripting7, 307:Scripting8",,,,Standard,,defaults.parm: # now loiter | now loiter,apm.pdef.json
RC6_REVERSED,RC,0,True,True,,,RC reversed,Reverse channel input. Set to 0 for normal operation. Set to 1 to reverse this input channel.,,"0:Normal, 1:Reversed",,,,Advanced,,"Mode-switch channel reversal - @READONLY. These four channels carry the flight mode switches (RC5_OPTION 70 alt hold, RC6_OPTION 56 loiter, RC7_OPTION 4 RTL, RC8_OPTION 16 Auto), and those _OPTION assignments are already locked. Leaving REVERSED writable left a gap: flipping it inverts which switch position selects the mode, so the pilot reaching for RTL would get the opposite. Same class of problem as RC1-4 and closed for the same reason. RC9-RC16_REVERSED remain writable - those are payload/gimbal channels (wheel yaw, wheel pitch, camera trigger, mount lock), where a reversal is an annoyance rather than a flight-safety issue.",apm.pdef.json
RC6_TRIM,RC,1500,False,True,,,RC trim PWM,"RC trim (neutral) PWM pulse width in microseconds. Typically 1000 is lower limit, 1500 is neutral and 2000 is upper limit.",PWM,,,800,2200,Advanced,,,apm.pdef.json
RC7_DZ,RC,50,False,True,,,RC dead-zone,PWM dead zone in microseconds around trim or bottom,PWM,,,0,200,Advanced,,,apm.pdef.json
RC7_MAX,RC,2000,False,True,,,RC max PWM,"RC maximum PWM pulse width in microseconds. Typically 1000 is lower limit, 1500 is neutral and 2000 is upper limit.",PWM,,,800,2200,Advanced,,,apm.pdef.json
RC7_MIN,RC,1000,False,True,,,RC min PWM,"RC minimum PWM pulse width in microseconds. Typically 1000 is lower limit, 1500 is neutral and 2000 is upper limit.",PWM,,,800,2200,Advanced,,,apm.pdef.json
RC7_OPTION,RC,4,True,True,,,RC input option,Function assigned to this RC channel,,"0:Do Nothing, 2:FLIP Mode, 3:Simple Mode, 4:RTL, 5:Save Trim, 7:Save WP, 9:Camera Trigger, 10:RangeFinder Enable, 11:Fence Enable, 13:Super Simple Mode, 14:Acro Trainer, 15:Sprayer Enable, 16:AUTO Mode, 17:AUTOTUNE Mode, 18:LAND Mode, 19:Gripper Release, 21:Parachute Enable, 22:Parachute Release, 23:Parachute 3pos, 24:Auto Mission Reset, 25:AttCon Feed Forward, 26:AttCon Accel Limits, 27:Retract Mount1, 28:Relay1 On/Off, 29:Landing Gear, 30:Lost Copter Sound, 31:Motor Emergency Stop, 32:Motor Interlock, 33:BRAKE Mode, 34:Relay2 On/Off, 35:Relay3 On/Off, 36:Relay4 On/Off, 37:THROW Mode, 38:ADSB Avoidance Enable, 39:PrecLoiter Enable, 40:Proximity Avoidance Enable, 41:ArmDisarm (4.1 and lower), 42:SMARTRTL Mode, 43:InvertedFlight Enable, 44:Winch Enable, 45:Winch Control, 46:RC Override Enable, 47:User Function 1, 48:User Function 2, 49:User Function 3, 52:ACRO Mode, 55:GUIDED Mode, 56:LOITER Mode, 57:FOLLOW Mode, 58:Clear Waypoints, 60:ZigZag Mode, 61:ZigZag SaveWP, 62:Compass Learn, 65:GPS Disable, 66:Relay5 On/Off, 67:Relay6 On/Off, 68:STABILIZE Mode, 69:POSHOLD Mode, 70:ALTHOLD Mode, 71:FLOWHOLD Mode, 72:CIRCLE Mode, 73:DRIFT Mode, 75:SurfaceTrackingUpDown, 76:STANDBY Mode, 78:RunCam Control, 79:RunCam OSD Control, 80:VisOdom Align, 81:Disarm, 83:ZigZag Auto, 84:AirMode, 85:Generator, 90:EKF Source Set, 94:VTX Power, 99:AUTO RTL, 100:KillIMU1, 101:KillIMU2, 102:Camera Mode Toggle, 105:GPS Disable Yaw, 109:use Custom Controller, 110:KillIMU3, 112:SwitchExternalAHRS, 113:Retract Mount2, 151:TURTLE Mode, 152:SIMPLE heading reset, 153:ArmDisarm (4.2 and higher), 154:ArmDisarm with AirMode  (4.2 and higher), 158:Optflow Calibration, 159:Force IS_Flying, 161:Turbine Start(heli), 162:FFT Tune, 163:Mount Lock, 164:Pause Stream Logging, 165:Arm/Emergency Motor Stop, 166:Camera Record Video, 167:Camera Zoom, 168:Camera Manual Focus, 169:Camera Auto Focus, 171:Calibrate Compasses, 172:Battery MPPT Enable, 174:Camera Image Tracking, 175:Camera Lens, 177:Mount LRF enable, 178:FlightMode Pause/Resume, 180:Test autotuned gains after tune is complete, 212:Mount1 Roll, 213:Mount1 Pitch, 214:Mount1 Yaw, 215:Mount2 Roll, 216:Mount2 Pitch, 217:Mount2 Yaw, 219:Transmitter Tuning, 300:Scripting1, 301:Scripting2, 302:Scripting3, 303:Scripting4, 304:Scripting5, 305:Scripting6, 306:Scripting7, 307:Scripting8",,,,Standard,,defaults.parm: # now RTL | now RTL,apm.pdef.json
RC7_REVERSED,RC,0,True,True,,,RC reversed,Reverse channel input. Set to 0 for normal operation. Set to 1 to reverse this input channel.,,"0:Normal, 1:Reversed",,,,Advanced,,"Mode-switch channel reversal - @READONLY. These four channels carry the flight mode switches (RC5_OPTION 70 alt hold, RC6_OPTION 56 loiter, RC7_OPTION 4 RTL, RC8_OPTION 16 Auto), and those _OPTION assignments are already locked. Leaving REVERSED writable left a gap: flipping it inverts which switch position selects the mode, so the pilot reaching for RTL would get the opposite. Same class of problem as RC1-4 and closed for the same reason. RC9-RC16_REVERSED remain writable - those are payload/gimbal channels (wheel yaw, wheel pitch, camera trigger, mount lock), where a reversal is an annoyance rather than a flight-safety issue.",apm.pdef.json
RC7_TRIM,RC,1500,False,True,,,RC trim PWM,"RC trim (neutral) PWM pulse width in microseconds. Typically 1000 is lower limit, 1500 is neutral and 2000 is upper limit.",PWM,,,800,2200,Advanced,,,apm.pdef.json
RC8_DZ,RC,50,False,True,,,RC dead-zone,PWM dead zone in microseconds around trim or bottom,PWM,,,0,200,Advanced,,,apm.pdef.json
RC8_MAX,RC,2000,False,True,,,RC max PWM,"RC maximum PWM pulse width in microseconds. Typically 1000 is lower limit, 1500 is neutral and 2000 is upper limit.",PWM,,,800,2200,Advanced,,,apm.pdef.json
RC8_MIN,RC,1000,False,True,,,RC min PWM,"RC minimum PWM pulse width in microseconds. Typically 1000 is lower limit, 1500 is neutral and 2000 is upper limit.",PWM,,,800,2200,Advanced,,,apm.pdef.json
RC8_OPTION,RC,16,True,True,,,RC input option,Function assigned to this RC channel,,"0:Do Nothing, 2:FLIP Mode, 3:Simple Mode, 4:RTL, 5:Save Trim, 7:Save WP, 9:Camera Trigger, 10:RangeFinder Enable, 11:Fence Enable, 13:Super Simple Mode, 14:Acro Trainer, 15:Sprayer Enable, 16:AUTO Mode, 17:AUTOTUNE Mode, 18:LAND Mode, 19:Gripper Release, 21:Parachute Enable, 22:Parachute Release, 23:Parachute 3pos, 24:Auto Mission Reset, 25:AttCon Feed Forward, 26:AttCon Accel Limits, 27:Retract Mount1, 28:Relay1 On/Off, 29:Landing Gear, 30:Lost Copter Sound, 31:Motor Emergency Stop, 32:Motor Interlock, 33:BRAKE Mode, 34:Relay2 On/Off, 35:Relay3 On/Off, 36:Relay4 On/Off, 37:THROW Mode, 38:ADSB Avoidance Enable, 39:PrecLoiter Enable, 40:Proximity Avoidance Enable, 41:ArmDisarm (4.1 and lower), 42:SMARTRTL Mode, 43:InvertedFlight Enable, 44:Winch Enable, 45:Winch Control, 46:RC Override Enable, 47:User Function 1, 48:User Function 2, 49:User Function 3, 52:ACRO Mode, 55:GUIDED Mode, 56:LOITER Mode, 57:FOLLOW Mode, 58:Clear Waypoints, 60:ZigZag Mode, 61:ZigZag SaveWP, 62:Compass Learn, 65:GPS Disable, 66:Relay5 On/Off, 67:Relay6 On/Off, 68:STABILIZE Mode, 69:POSHOLD Mode, 70:ALTHOLD Mode, 71:FLOWHOLD Mode, 72:CIRCLE Mode, 73:DRIFT Mode, 75:SurfaceTrackingUpDown, 76:STANDBY Mode, 78:RunCam Control, 79:RunCam OSD Control, 80:VisOdom Align, 81:Disarm, 83:ZigZag Auto, 84:AirMode, 85:Generator, 90:EKF Source Set, 94:VTX Power, 99:AUTO RTL, 100:KillIMU1, 101:KillIMU2, 102:Camera Mode Toggle, 105:GPS Disable Yaw, 109:use Custom Controller, 110:KillIMU3, 112:SwitchExternalAHRS, 113:Retract Mount2, 151:TURTLE Mode, 152:SIMPLE heading reset, 153:ArmDisarm (4.2 and higher), 154:ArmDisarm with AirMode  (4.2 and higher), 158:Optflow Calibration, 159:Force IS_Flying, 161:Turbine Start(heli), 162:FFT Tune, 163:Mount Lock, 164:Pause Stream Logging, 165:Arm/Emergency Motor Stop, 166:Camera Record Video, 167:Camera Zoom, 168:Camera Manual Focus, 169:Camera Auto Focus, 171:Calibrate Compasses, 172:Battery MPPT Enable, 174:Camera Image Tracking, 175:Camera Lens, 177:Mount LRF enable, 178:FlightMode Pause/Resume, 180:Test autotuned gains after tune is complete, 212:Mount1 Roll, 213:Mount1 Pitch, 214:Mount1 Yaw, 215:Mount2 Roll, 216:Mount2 Pitch, 217:Mount2 Yaw, 219:Transmitter Tuning, 300:Scripting1, 301:Scripting2, 302:Scripting3, 303:Scripting4, 304:Scripting5, 305:Scripting6, 306:Scripting7, 307:Scripting8",,,,Standard,,defaults.parm: # now Auto | now Auto,apm.pdef.json
RC8_REVERSED,RC,0,True,True,,,RC reversed,Reverse channel input. Set to 0 for normal operation. Set to 1 to reverse this input channel.,,"0:Normal, 1:Reversed",,,,Advanced,,"Mode-switch channel reversal - @READONLY. These four channels carry the flight mode switches (RC5_OPTION 70 alt hold, RC6_OPTION 56 loiter, RC7_OPTION 4 RTL, RC8_OPTION 16 Auto), and those _OPTION assignments are already locked. Leaving REVERSED writable left a gap: flipping it inverts which switch position selects the mode, so the pilot reaching for RTL would get the opposite. Same class of problem as RC1-4 and closed for the same reason. RC9-RC16_REVERSED remain writable - those are payload/gimbal channels (wheel yaw, wheel pitch, camera trigger, mount lock), where a reversal is an annoyance rather than a flight-safety issue.",apm.pdef.json
RC8_TRIM,RC,1500,False,True,,,RC trim PWM,"RC trim (neutral) PWM pulse width in microseconds. Typically 1000 is lower limit, 1500 is neutral and 2000 is upper limit.",PWM,,,800,2200,Advanced,,,apm.pdef.json
RC9_DZ,RC,50,False,True,,,RC dead-zone,PWM dead zone in microseconds around trim or bottom,PWM,,,0,200,Advanced,,,apm.pdef.json
RC9_MAX,RC,2000,False,True,,,RC max PWM,"RC maximum PWM pulse width in microseconds. Typically 1000 is lower limit, 1500 is neutral and 2000 is upper limit.",PWM,,,800,2200,Advanced,,,apm.pdef.json
RC9_MIN,RC,1000,False,True,,,RC min PWM,"RC minimum PWM pulse width in microseconds. Typically 1000 is lower limit, 1500 is neutral and 2000 is upper limit.",PWM,,,800,2200,Advanced,,,apm.pdef.json
RC9_OPTION,RC,214,False,True,,,RC input option,Function assigned to this RC channel,,"0:Do Nothing, 2:FLIP Mode, 3:Simple Mode, 4:RTL, 5:Save Trim, 7:Save WP, 9:Camera Trigger, 10:RangeFinder Enable, 11:Fence Enable, 13:Super Simple Mode, 14:Acro Trainer, 15:Sprayer Enable, 16:AUTO Mode, 17:AUTOTUNE Mode, 18:LAND Mode, 19:Gripper Release, 21:Parachute Enable, 22:Parachute Release, 23:Parachute 3pos, 24:Auto Mission Reset, 25:AttCon Feed Forward, 26:AttCon Accel Limits, 27:Retract Mount1, 28:Relay1 On/Off, 29:Landing Gear, 30:Lost Copter Sound, 31:Motor Emergency Stop, 32:Motor Interlock, 33:BRAKE Mode, 34:Relay2 On/Off, 35:Relay3 On/Off, 36:Relay4 On/Off, 37:THROW Mode, 38:ADSB Avoidance Enable, 39:PrecLoiter Enable, 40:Proximity Avoidance Enable, 41:ArmDisarm (4.1 and lower), 42:SMARTRTL Mode, 43:InvertedFlight Enable, 44:Winch Enable, 45:Winch Control, 46:RC Override Enable, 47:User Function 1, 48:User Function 2, 49:User Function 3, 52:ACRO Mode, 55:GUIDED Mode, 56:LOITER Mode, 57:FOLLOW Mode, 58:Clear Waypoints, 60:ZigZag Mode, 61:ZigZag SaveWP, 62:Compass Learn, 65:GPS Disable, 66:Relay5 On/Off, 67:Relay6 On/Off, 68:STABILIZE Mode, 69:POSHOLD Mode, 70:ALTHOLD Mode, 71:FLOWHOLD Mode, 72:CIRCLE Mode, 73:DRIFT Mode, 75:SurfaceTrackingUpDown, 76:STANDBY Mode, 78:RunCam Control, 79:RunCam OSD Control, 80:VisOdom Align, 81:Disarm, 83:ZigZag Auto, 84:AirMode, 85:Generator, 90:EKF Source Set, 94:VTX Power, 99:AUTO RTL, 100:KillIMU1, 101:KillIMU2, 102:Camera Mode Toggle, 105:GPS Disable Yaw, 109:use Custom Controller, 110:KillIMU3, 112:SwitchExternalAHRS, 113:Retract Mount2, 151:TURTLE Mode, 152:SIMPLE heading reset, 153:ArmDisarm (4.2 and higher), 154:ArmDisarm with AirMode  (4.2 and higher), 158:Optflow Calibration, 159:Force IS_Flying, 161:Turbine Start(heli), 162:FFT Tune, 163:Mount Lock, 164:Pause Stream Logging, 165:Arm/Emergency Motor Stop, 166:Camera Record Video, 167:Camera Zoom, 168:Camera Manual Focus, 169:Camera Auto Focus, 171:Calibrate Compasses, 172:Battery MPPT Enable, 174:Camera Image Tracking, 175:Camera Lens, 177:Mount LRF enable, 178:FlightMode Pause/Resume, 180:Test autotuned gains after tune is complete, 212:Mount1 Roll, 213:Mount1 Pitch, 214:Mount1 Yaw, 215:Mount2 Roll, 216:Mount2 Pitch, 217:Mount2 Yaw, 219:Transmitter Tuning, 300:Scripting1, 301:Scripting2, 302:Scripting3, 303:Scripting4, 304:Scripting5, 305:Scripting6, 306:Scripting7, 307:Scripting8",,,,Standard,,defaults.parm: # wheel - yaw | wheel - yaw,apm.pdef.json
RC9_REVERSED,RC,0,False,True,,,RC reversed,Reverse channel input. Set to 0 for normal operation. Set to 1 to reverse this input channel.,,"0:Normal, 1:Reversed",,,,Advanced,,,apm.pdef.json
RC9_TRIM,RC,1500,False,True,,,RC trim PWM,"RC trim (neutral) PWM pulse width in microseconds. Typically 1000 is lower limit, 1500 is neutral and 2000 is upper limit.",PWM,,,800,2200,Advanced,,,apm.pdef.json
RCMAP_PITCH,RCMAP,2,True,True,,,Pitch channel,"Pitch channel number. This is useful when you have a RC transmitter that can't change the channel order easily. Pitch is normally on channel 2, but you can move it to any channel with this parameter. Reboot is required for changes to take effect.",,,,1,16,Advanced,True,,apm.pdef.json
RCMAP_ROLL,RCMAP,1,True,True,,,Roll channel,"Roll channel number. This is useful when you have a RC transmitter that can't change the channel order easily. Roll is normally on channel 1, but you can move it to any channel with this parameter. Reboot is required for changes to take effect.",,,,1,16,Advanced,True,,apm.pdef.json
RCMAP_THROTTLE,RCMAP,3,True,True,,,Throttle channel,"Throttle channel number. This is useful when you have a RC transmitter that can't change the channel order easily. Throttle is normally on channel 3, but you can move it to any channel with this parameter. Reboot is required for changes to take effect.",,,,1,16,Advanced,True,,apm.pdef.json
RCMAP_YAW,RCMAP,4,True,True,,,Yaw channel,"Yaw channel number. This is useful when you have a RC transmitter that can't change the channel order easily. Yaw (also known as rudder) is normally on channel 4, but you can move it to any channel with this parameter. Reboot is required for changes to take effect.",,,,1,16,Advanced,True,,apm.pdef.json
RC_FS_TIMEOUT,RC,1,False,True,,,RC Failsafe timeout,RC failsafe will trigger this many seconds after loss of RC,s,,,0.5,10.0,Standard,,,apm.pdef.json
RC_OPTIONS,RC,32,True,False,,,RC options,RC input options,,,"0:Ignore RC Receiver, 1:Ignore MAVLink Overrides, 2:Ignore Receiver Failsafe bit but allow other RC failsafes if setup, 3:FPort Pad, 4:Log RC input bytes, 5:Arming check throttle for 0 input, 6:Skip the arming check for neutral Roll/Pitch/Yaw sticks, 7:Allow Switch reverse, 8:Use passthrough for CRSF telemetry, 9:Suppress CRSF mode/rate message for ELRS systems, 10:Enable multiple receiver support, 11:Use Link Quality for RSSI with CRSF, 12:Annotate CRSF flight mode with * on disarm, 13:Use 420kbaud for ELRS protocol",,,Advanced,,,apm.pdef.json
RC_OVERRIDE_TIME,RC,3,True,False,,,RC override timeout,"Timeout after which RC overrides will no longer be used, and RC input will resume, 0 will disable RC overrides, -1 will never timeout, and continue using overrides until they are disabled",s,,,0.0,120.0,Advanced,,,apm.pdef.json
RC_PROTOCOLS,RC,1,True,False,,,RC protocols enabled,Bitmask of enabled RC protocols. Allows narrowing the protocol detection to only specific types of RC receivers which can avoid issues with incorrect detection. Set to 1 to enable all protocols.,,,"0:All, 1:PPM, 2:IBUS, 3:SBUS, 4:SBUS_NI, 5:DSM, 6:SUMD, 7:SRXL, 8:SRXL2, 9:CRSF, 10:ST24, 11:FPORT, 12:FPORT2, 13:FastSBUS, 14:DroneCAN, 15:Ghost, 16:MAVRadio",,,Advanced,,,apm.pdef.json
RC_SPEED,RC,490,True,False,,,ESC Update Speed,This is the speed in Hertz that your ESCs will receive updates,Hz,,,50,490,Advanced,,,apm.pdef.json
RELAY1_FUNCTION,RELAY,0,False,True,,,Relay function,The function the relay channel is mapped to.,,"0:None, 1:Relay, 3:Parachute, 4:Camera",,,,,,,apm.pdef.json
RELAY2_FUNCTION,RELAY,0,False,True,,,Relay function,The function the relay channel is mapped to.,,"0:None, 1:Relay, 3:Parachute, 4:Camera",,,,,,,apm.pdef.json
RELAY3_FUNCTION,RELAY,0,False,True,,,Relay function,The function the relay channel is mapped to.,,"0:None, 1:Relay, 3:Parachute, 4:Camera",,,,,,,apm.pdef.json
RELAY4_FUNCTION,RELAY,0,False,True,,,Relay function,The function the relay channel is mapped to.,,"0:None, 1:Relay, 3:Parachute, 4:Camera",,,,,,,apm.pdef.json
RELAY5_FUNCTION,RELAY,0,False,True,,,Relay function,The function the relay channel is mapped to.,,"0:None, 1:Relay, 3:Parachute, 4:Camera",,,,,,,apm.pdef.json
RELAY6_FUNCTION,RELAY,0,False,True,,,Relay function,The function the relay channel is mapped to.,,"0:None, 1:Relay, 3:Parachute, 4:Camera",,,,,,,apm.pdef.json
RFND_BTN_EN,RFND,1,False,True,,,Downward Rangefinder GCS Button Enable,"Soft enable for the downward rangefinder, driven by a GCS button. When this parameter changes from the GCS, the downward rangefinder enable state is updated to match (1 = enabled, 0 = disabled). On boot the value is recorded but not applied, so hardware-detected enable state from init_rangefinder() is preserved. RC AUX_FUNC RANGEFINDER (option 28) still works in parallel.",,"0:Disabled, 1:Enabled",,,,Standard,,,apm.pdef.json
RNGFND1_ADDR,RNGFND,0,True,False,,,Bus address of sensor,"This sets the bus address of the sensor, where applicable. Used for the I2C and DroneCAN sensors to allow for multiple sensors on different addresses.",,,,0,127,Standard,,,apm.pdef.json
RNGFND1_FUNCTION,RNGFND,0,True,False,,,Rangefinder function,"Control over what function is used to calculate distance. For a linear function, the distance is (voltage-offset)*scaling. For a inverted function the distance is (offset-voltage)*scaling. For a hyperbolic function the distance is scaling/(voltage-offset). The functions return the distance in meters.",,"0:Linear, 1:Inverted, 2:Hyperbolic",,,,Standard,,,apm.pdef.json
RNGFND1_GNDCLEAR,RNGFND,30,False,False,,,Distance (in cm) from the range finder to the ground,This parameter sets the expected range measurement(in cm) that the range finder should return when the vehicle is on the ground.,cm,,,5,127,Standard,,,apm.pdef.json
RNGFND1_MAX_CM,RNGFND,9500,False,False,,,Rangefinder maximum distance,Maximum distance in centimeters that rangefinder can reliably read,cm,,,,,Standard,,,apm.pdef.json
RNGFND1_MIN_CM,RNGFND,5,False,False,,,Rangefinder minimum distance,Minimum distance in centimeters that rangefinder can reliably read,cm,,,,,Standard,,,apm.pdef.json
RNGFND1_OFFSET,RNGFND,0,False,False,,,rangefinder offset,Offset in volts for zero distance for analog rangefinders. Offset added to distance in centimeters for PWM lidars,V,,,,,Standard,,,apm.pdef.json
RNGFND1_ORIENT,RNGFND,25,False,False,,,Rangefinder orientation,Orientation of rangefinder,,"0:Forward, 1:Forward-Right, 2:Right, 3:Back-Right, 4:Back, 5:Back-Left, 6:Left, 7:Forward-Left, 24:Up, 25:Down",,,,Advanced,,,apm.pdef.json
RNGFND1_PIN,RNGFND,-1,True,False,,,Rangefinder pin,"Analog or PWM input pin that rangefinder is connected to. Analog RSSI or Airspeed ports can be used for Analog inputs (some autopilots provide others also), Non-IOMCU Servo/MotorOutputs can be used for PWM input when configured as ""GPIOs"". Values for some autopilots are given as examples. Search wiki for ""Analog pins"" for analog pin or ""GPIOs"", if PWM input type, to determine pin number.",,"-1:Not Used, 11:Pixracer, 13:Pixhawk ADC4, 14:Pixhawk ADC3, 15:Pixhawk ADC6/Pixhawk2 ADC, 50:AUX1, 51:AUX2, 52:AUX3, 53:AUX4, 54:AUX5, 55:AUX6, 103:Pixhawk SBUS",,,,Standard,,,apm.pdef.json
RNGFND1_POS_X,RNGFND,0,True,False,,, X position offset,X position of the rangefinder in body frame. Positive X is forward of the origin. Use the zero range datum point if supplied.,m,,,-5,5,Advanced,,,apm.pdef.json
RNGFND1_POS_Y,RNGFND,0,True,False,,,Y position offset,Y position of the rangefinder in body frame. Positive Y is to the right of the origin. Use the zero range datum point if supplied.,m,,,-5,5,Advanced,,,apm.pdef.json
RNGFND1_POS_Z,RNGFND,0,True,False,,,Z position offset,Z position of the rangefinder in body frame. Positive Z is down from the origin. Use the zero range datum point if supplied.,m,,,-5,5,Advanced,,,apm.pdef.json
RNGFND1_PWRRNG,RNGFND,0,True,False,,,Powersave range,This parameter sets the estimated terrain distance in meters above which the sensor will be put into a power saving mode (if available). A value of zero means power saving is not enabled,m,,,0,32767,Standard,,,apm.pdef.json
RNGFND1_RMETRIC,RNGFND,1,True,False,,,Ratiometric,"This parameter sets whether an analog rangefinder is ratiometric. Most analog rangefinders are ratiometric, meaning that their output voltage is influenced by the supply voltage. Some analog rangefinders (such as the SF/02) have their own internal voltage regulators so they are not ratiometric.",,"0:No, 1:Yes",,,,Standard,,,apm.pdef.json
RNGFND1_SCALING,RNGFND,1,True,False,,,Rangefinder scaling,Scaling factor between rangefinder reading and distance. For the linear and inverted functions this is in meters per volt. For the hyperbolic function the units are meterVolts. For Maxbotix serial sonar this is unit conversion to meters.,m/V,,,,,Standard,,,apm.pdef.json
RNGFND1_STOP_PIN,RNGFND,-1,True,False,,,Rangefinder stop pin,"Digital pin that enables/disables rangefinder measurement for the pwm rangefinder. A value of -1 means no pin. If this is set, then the pin is set to 1 to enable the rangefinder and set to 0 to disable it. This is used to enable powersaving when out of range. Some common values are given, but see the Wiki's ""GPIOs"" page for how to determine the pin number for a given autopilot.",,"-1:Not Used, 50:AUX1, 51:AUX2, 52:AUX3, 53:AUX4, 54:AUX5, 55:AUX6, 111:PX4 FMU Relay1, 112:PX4 FMU Relay2, 113:PX4IO Relay1, 114:PX4IO Relay2, 115:PX4IO ACC1, 116:PX4IO ACC2",,,,Standard,,,apm.pdef.json
RNGFND1_TYPE,RNGFND,8,False,False,,,Rangefinder type,Type of connected rangefinder,,"0:None, 1:Analog, 2:MaxbotixI2C, 3:LidarLite-I2C, 5:PWM, 6:BBB-PRU, 7:LightWareI2C, 8:LightWareSerial, 9:Bebop, 10:MAVLink, 11:USD1_Serial, 12:LeddarOne, 13:MaxbotixSerial, 14:TeraRangerI2C, 15:LidarLiteV3-I2C, 16:VL53L0X or VL53L1X, 17:NMEA, 18:WASP-LRF, 19:BenewakeTF02, 20:Benewake-Serial, 21:LidarLightV3HP, 22:PWM, 23:BlueRoboticsPing, 24:DroneCAN, 25:BenewakeTFminiPlus-I2C, 26:LanbaoPSK-CM8JL65-CC5, 27:BenewakeTF03, 28:VL53L1X-ShortRange, 29:LeddarVu8-Serial, 30:HC-SR04, 31:GYUS42v2, 32:MSP, 33:USD1_CAN, 34:Benewake_CAN, 35:TeraRangerSerial, 36:Lua_Scripting, 37:NoopLoop_TOFSense, 38:NoopLoop_TOFSense_CAN, 39:NRA24_CAN, 40:NoopLoop_TOFSenseF_I2C, 41:JRE_Serial, 42:Ainstein_LR_D1, 43:RDS02UF, 44:HexsoonRadar, 100:SITL",,,,Standard,,,apm.pdef.json
RNGFND2_ADDR,RNGFND,0,True,False,,,Bus address of sensor,"This sets the bus address of the sensor, where applicable. Used for the I2C and DroneCAN sensors to allow for multiple sensors on different addresses.",,,,0,127,Standard,,,apm.pdef.json
RNGFND2_FUNCTION,RNGFND,0,True,False,,,Rangefinder function,"Control over what function is used to calculate distance. For a linear function, the distance is (voltage-offset)*scaling. For a inverted function the distance is (offset-voltage)*scaling. For a hyperbolic function the distance is scaling/(voltage-offset). The functions return the distance in meters.",,"0:Linear, 1:Inverted, 2:Hyperbolic",,,,Standard,,,apm.pdef.json
RNGFND2_GNDCLEAR,RNGFND,10,False,False,,,Distance (in cm) from the range finder to the ground,This parameter sets the expected range measurement(in cm) that the range finder should return when the vehicle is on the ground.,cm,,,5,127,Standard,,,apm.pdef.json
RNGFND2_MAX_CM,RNGFND,4500,False,False,,,Rangefinder maximum distance,Maximum distance in centimeters that rangefinder can reliably read,cm,,,,,Standard,,,apm.pdef.json
RNGFND2_MIN_CM,RNGFND,20,False,False,,,Rangefinder minimum distance,Minimum distance in centimeters that rangefinder can reliably read,cm,,,,,Standard,,,apm.pdef.json
RNGFND2_OFFSET,RNGFND,0,True,False,,,rangefinder offset,Offset in volts for zero distance for analog rangefinders. Offset added to distance in centimeters for PWM lidars,V,,,,,Standard,,,apm.pdef.json
RNGFND2_ORIENT,RNGFND,0,True,False,,,Rangefinder orientation,Orientation of rangefinder,,"0:Forward, 1:Forward-Right, 2:Right, 3:Back-Right, 4:Back, 5:Back-Left, 6:Left, 7:Forward-Left, 24:Up, 25:Down",,,,Advanced,,,apm.pdef.json
RNGFND2_PIN,RNGFND,-1,True,False,,,Rangefinder pin,"Analog or PWM input pin that rangefinder is connected to. Analog RSSI or Airspeed ports can be used for Analog inputs (some autopilots provide others also), Non-IOMCU Servo/MotorOutputs can be used for PWM input when configured as ""GPIOs"". Values for some autopilots are given as examples. Search wiki for ""Analog pins"" for analog pin or ""GPIOs"", if PWM input type, to determine pin number.",,"-1:Not Used, 11:Pixracer, 13:Pixhawk ADC4, 14:Pixhawk ADC3, 15:Pixhawk ADC6/Pixhawk2 ADC, 50:AUX1, 51:AUX2, 52:AUX3, 53:AUX4, 54:AUX5, 55:AUX6, 103:Pixhawk SBUS",,,,Standard,,,apm.pdef.json
RNGFND2_POS_X,RNGFND,0,True,False,,, X position offset,X position of the rangefinder in body frame. Positive X is forward of the origin. Use the zero range datum point if supplied.,m,,,-5,5,Advanced,,,apm.pdef.json
RNGFND2_POS_Y,RNGFND,0,True,False,,,Y position offset,Y position of the rangefinder in body frame. Positive Y is to the right of the origin. Use the zero range datum point if supplied.,m,,,-5,5,Advanced,,,apm.pdef.json
RNGFND2_POS_Z,RNGFND,0,True,False,,,Z position offset,Z position of the rangefinder in body frame. Positive Z is down from the origin. Use the zero range datum point if supplied.,m,,,-5,5,Advanced,,,apm.pdef.json
RNGFND2_PWRRNG,RNGFND,0,True,False,,,Powersave range,This parameter sets the estimated terrain distance in meters above which the sensor will be put into a power saving mode (if available). A value of zero means power saving is not enabled,m,,,0,32767,Standard,,,apm.pdef.json
RNGFND2_RMETRIC,RNGFND,1,True,False,,,Ratiometric,"This parameter sets whether an analog rangefinder is ratiometric. Most analog rangefinders are ratiometric, meaning that their output voltage is influenced by the supply voltage. Some analog rangefinders (such as the SF/02) have their own internal voltage regulators so they are not ratiometric.",,"0:No, 1:Yes",,,,Standard,,,apm.pdef.json
RNGFND2_SCALING,RNGFND,1,True,False,,,Rangefinder scaling,Scaling factor between rangefinder reading and distance. For the linear and inverted functions this is in meters per volt. For the hyperbolic function the units are meterVolts. For Maxbotix serial sonar this is unit conversion to meters.,m/V,,,,,Standard,,,apm.pdef.json
RNGFND2_STOP_PIN,RNGFND,-1,True,False,,,Rangefinder stop pin,"Digital pin that enables/disables rangefinder measurement for the pwm rangefinder. A value of -1 means no pin. If this is set, then the pin is set to 1 to enable the rangefinder and set to 0 to disable it. This is used to enable powersaving when out of range. Some common values are given, but see the Wiki's ""GPIOs"" page for how to determine the pin number for a given autopilot.",,"-1:Not Used, 50:AUX1, 51:AUX2, 52:AUX3, 53:AUX4, 54:AUX5, 55:AUX6, 111:PX4 FMU Relay1, 112:PX4 FMU Relay2, 113:PX4IO Relay1, 114:PX4IO Relay2, 115:PX4IO ACC1, 116:PX4IO ACC2",,,,Standard,,,apm.pdef.json
RNGFND2_TYPE,RNGFND,24,False,False,,,Rangefinder type,Type of connected rangefinder,,"0:None, 1:Analog, 2:MaxbotixI2C, 3:LidarLite-I2C, 5:PWM, 6:BBB-PRU, 7:LightWareI2C, 8:LightWareSerial, 9:Bebop, 10:MAVLink, 11:USD1_Serial, 12:LeddarOne, 13:MaxbotixSerial, 14:TeraRangerI2C, 15:LidarLiteV3-I2C, 16:VL53L0X or VL53L1X, 17:NMEA, 18:WASP-LRF, 19:BenewakeTF02, 20:Benewake-Serial, 21:LidarLightV3HP, 22:PWM, 23:BlueRoboticsPing, 24:DroneCAN, 25:BenewakeTFminiPlus-I2C, 26:LanbaoPSK-CM8JL65-CC5, 27:BenewakeTF03, 28:VL53L1X-ShortRange, 29:LeddarVu8-Serial, 30:HC-SR04, 31:GYUS42v2, 32:MSP, 33:USD1_CAN, 34:Benewake_CAN, 35:TeraRangerSerial, 36:Lua_Scripting, 37:NoopLoop_TOFSense, 38:NoopLoop_TOFSense_CAN, 39:NRA24_CAN, 40:NoopLoop_TOFSenseF_I2C, 41:JRE_Serial, 42:Ainstein_LR_D1, 43:RDS02UF, 44:HexsoonRadar, 100:SITL",,,,Standard,,,apm.pdef.json
RNGFND3_TYPE,RNGFND,0,False,False,,,Rangefinder type,Type of connected rangefinder,,"0:None, 1:Analog, 2:MaxbotixI2C, 3:LidarLite-I2C, 5:PWM, 6:BBB-PRU, 7:LightWareI2C, 8:LightWareSerial, 9:Bebop, 10:MAVLink, 11:USD1_Serial, 12:LeddarOne, 13:MaxbotixSerial, 14:TeraRangerI2C, 15:LidarLiteV3-I2C, 16:VL53L0X or VL53L1X, 17:NMEA, 18:WASP-LRF, 19:BenewakeTF02, 20:Benewake-Serial, 21:LidarLightV3HP, 22:PWM, 23:BlueRoboticsPing, 24:DroneCAN, 25:BenewakeTFminiPlus-I2C, 26:LanbaoPSK-CM8JL65-CC5, 27:BenewakeTF03, 28:VL53L1X-ShortRange, 29:LeddarVu8-Serial, 30:HC-SR04, 31:GYUS42v2, 32:MSP, 33:USD1_CAN, 34:Benewake_CAN, 35:TeraRangerSerial, 36:Lua_Scripting, 37:NoopLoop_TOFSense, 38:NoopLoop_TOFSense_CAN, 39:NRA24_CAN, 40:NoopLoop_TOFSenseF_I2C, 41:JRE_Serial, 42:Ainstein_LR_D1, 43:RDS02UF, 44:HexsoonRadar, 100:SITL",,,,Standard,,,apm.pdef.json
RNGFND4_TYPE,RNGFND,0,True,False,,,Rangefinder type,Type of connected rangefinder,,"0:None, 1:Analog, 2:MaxbotixI2C, 3:LidarLite-I2C, 5:PWM, 6:BBB-PRU, 7:LightWareI2C, 8:LightWareSerial, 9:Bebop, 10:MAVLink, 11:USD1_Serial, 12:LeddarOne, 13:MaxbotixSerial, 14:TeraRangerI2C, 15:LidarLiteV3-I2C, 16:VL53L0X or VL53L1X, 17:NMEA, 18:WASP-LRF, 19:BenewakeTF02, 20:Benewake-Serial, 21:LidarLightV3HP, 22:PWM, 23:BlueRoboticsPing, 24:DroneCAN, 25:BenewakeTFminiPlus-I2C, 26:LanbaoPSK-CM8JL65-CC5, 27:BenewakeTF03, 28:VL53L1X-ShortRange, 29:LeddarVu8-Serial, 30:HC-SR04, 31:GYUS42v2, 32:MSP, 33:USD1_CAN, 34:Benewake_CAN, 35:TeraRangerSerial, 36:Lua_Scripting, 37:NoopLoop_TOFSense, 38:NoopLoop_TOFSense_CAN, 39:NRA24_CAN, 40:NoopLoop_TOFSenseF_I2C, 41:JRE_Serial, 42:Ainstein_LR_D1, 43:RDS02UF, 44:HexsoonRadar, 100:SITL",,,,Standard,,,apm.pdef.json
RNGFND5_TYPE,RNGFND,0,True,False,,,Rangefinder type,Type of connected rangefinder,,"0:None, 1:Analog, 2:MaxbotixI2C, 3:LidarLite-I2C, 5:PWM, 6:BBB-PRU, 7:LightWareI2C, 8:LightWareSerial, 9:Bebop, 10:MAVLink, 11:USD1_Serial, 12:LeddarOne, 13:MaxbotixSerial, 14:TeraRangerI2C, 15:LidarLiteV3-I2C, 16:VL53L0X or VL53L1X, 17:NMEA, 18:WASP-LRF, 19:BenewakeTF02, 20:Benewake-Serial, 21:LidarLightV3HP, 22:PWM, 23:BlueRoboticsPing, 24:DroneCAN, 25:BenewakeTFminiPlus-I2C, 26:LanbaoPSK-CM8JL65-CC5, 27:BenewakeTF03, 28:VL53L1X-ShortRange, 29:LeddarVu8-Serial, 30:HC-SR04, 31:GYUS42v2, 32:MSP, 33:USD1_CAN, 34:Benewake_CAN, 35:TeraRangerSerial, 36:Lua_Scripting, 37:NoopLoop_TOFSense, 38:NoopLoop_TOFSense_CAN, 39:NRA24_CAN, 40:NoopLoop_TOFSenseF_I2C, 41:JRE_Serial, 42:Ainstein_LR_D1, 43:RDS02UF, 44:HexsoonRadar, 100:SITL",,,,Standard,,,apm.pdef.json
RNGFND6_TYPE,RNGFND,0,True,False,,,Rangefinder type,Type of connected rangefinder,,"0:None, 1:Analog, 2:MaxbotixI2C, 3:LidarLite-I2C, 5:PWM, 6:BBB-PRU, 7:LightWareI2C, 8:LightWareSerial, 9:Bebop, 10:MAVLink, 11:USD1_Serial, 12:LeddarOne, 13:MaxbotixSerial, 14:TeraRangerI2C, 15:LidarLiteV3-I2C, 16:VL53L0X or VL53L1X, 17:NMEA, 18:WASP-LRF, 19:BenewakeTF02, 20:Benewake-Serial, 21:LidarLightV3HP, 22:PWM, 23:BlueRoboticsPing, 24:DroneCAN, 25:BenewakeTFminiPlus-I2C, 26:LanbaoPSK-CM8JL65-CC5, 27:BenewakeTF03, 28:VL53L1X-ShortRange, 29:LeddarVu8-Serial, 30:HC-SR04, 31:GYUS42v2, 32:MSP, 33:USD1_CAN, 34:Benewake_CAN, 35:TeraRangerSerial, 36:Lua_Scripting, 37:NoopLoop_TOFSense, 38:NoopLoop_TOFSense_CAN, 39:NRA24_CAN, 40:NoopLoop_TOFSenseF_I2C, 41:JRE_Serial, 42:Ainstein_LR_D1, 43:RDS02UF, 44:HexsoonRadar, 100:SITL",,,,Standard,,,apm.pdef.json
RNGFND7_TYPE,RNGFND,0,True,False,,,Rangefinder type,Type of connected rangefinder,,"0:None, 1:Analog, 2:MaxbotixI2C, 3:LidarLite-I2C, 5:PWM, 6:BBB-PRU, 7:LightWareI2C, 8:LightWareSerial, 9:Bebop, 10:MAVLink, 11:USD1_Serial, 12:LeddarOne, 13:MaxbotixSerial, 14:TeraRangerI2C, 15:LidarLiteV3-I2C, 16:VL53L0X or VL53L1X, 17:NMEA, 18:WASP-LRF, 19:BenewakeTF02, 20:Benewake-Serial, 21:LidarLightV3HP, 22:PWM, 23:BlueRoboticsPing, 24:DroneCAN, 25:BenewakeTFminiPlus-I2C, 26:LanbaoPSK-CM8JL65-CC5, 27:BenewakeTF03, 28:VL53L1X-ShortRange, 29:LeddarVu8-Serial, 30:HC-SR04, 31:GYUS42v2, 32:MSP, 33:USD1_CAN, 34:Benewake_CAN, 35:TeraRangerSerial, 36:Lua_Scripting, 37:NoopLoop_TOFSense, 38:NoopLoop_TOFSense_CAN, 39:NRA24_CAN, 40:NoopLoop_TOFSenseF_I2C, 41:JRE_Serial, 42:Ainstein_LR_D1, 43:RDS02UF, 44:HexsoonRadar, 100:SITL",,,,Standard,,,apm.pdef.json
RNGFND8_TYPE,RNGFND,0,True,False,,,Rangefinder type,Type of connected rangefinder,,"0:None, 1:Analog, 2:MaxbotixI2C, 3:LidarLite-I2C, 5:PWM, 6:BBB-PRU, 7:LightWareI2C, 8:LightWareSerial, 9:Bebop, 10:MAVLink, 11:USD1_Serial, 12:LeddarOne, 13:MaxbotixSerial, 14:TeraRangerI2C, 15:LidarLiteV3-I2C, 16:VL53L0X or VL53L1X, 17:NMEA, 18:WASP-LRF, 19:BenewakeTF02, 20:Benewake-Serial, 21:LidarLightV3HP, 22:PWM, 23:BlueRoboticsPing, 24:DroneCAN, 25:BenewakeTFminiPlus-I2C, 26:LanbaoPSK-CM8JL65-CC5, 27:BenewakeTF03, 28:VL53L1X-ShortRange, 29:LeddarVu8-Serial, 30:HC-SR04, 31:GYUS42v2, 32:MSP, 33:USD1_CAN, 34:Benewake_CAN, 35:TeraRangerSerial, 36:Lua_Scripting, 37:NoopLoop_TOFSense, 38:NoopLoop_TOFSense_CAN, 39:NRA24_CAN, 40:NoopLoop_TOFSenseF_I2C, 41:JRE_Serial, 42:Ainstein_LR_D1, 43:RDS02UF, 44:HexsoonRadar, 100:SITL",,,,Standard,,,apm.pdef.json
RNGFND9_TYPE,RNGFND,0,True,False,,,Rangefinder type,Type of connected rangefinder,,"0:None, 1:Analog, 2:MaxbotixI2C, 3:LidarLite-I2C, 5:PWM, 6:BBB-PRU, 7:LightWareI2C, 8:LightWareSerial, 9:Bebop, 10:MAVLink, 11:USD1_Serial, 12:LeddarOne, 13:MaxbotixSerial, 14:TeraRangerI2C, 15:LidarLiteV3-I2C, 16:VL53L0X or VL53L1X, 17:NMEA, 18:WASP-LRF, 19:BenewakeTF02, 20:Benewake-Serial, 21:LidarLightV3HP, 22:PWM, 23:BlueRoboticsPing, 24:DroneCAN, 25:BenewakeTFminiPlus-I2C, 26:LanbaoPSK-CM8JL65-CC5, 27:BenewakeTF03, 28:VL53L1X-ShortRange, 29:LeddarVu8-Serial, 30:HC-SR04, 31:GYUS42v2, 32:MSP, 33:USD1_CAN, 34:Benewake_CAN, 35:TeraRangerSerial, 36:Lua_Scripting, 37:NoopLoop_TOFSense, 38:NoopLoop_TOFSense_CAN, 39:NRA24_CAN, 40:NoopLoop_TOFSenseF_I2C, 41:JRE_Serial, 42:Ainstein_LR_D1, 43:RDS02UF, 44:HexsoonRadar, 100:SITL",,,,Standard,,,apm.pdef.json
RNGFNDA_TYPE,RNGFNDA,0,True,False,,,Rangefinder type,Type of connected rangefinder,,"0:None, 1:Analog, 2:MaxbotixI2C, 3:LidarLite-I2C, 5:PWM, 6:BBB-PRU, 7:LightWareI2C, 8:LightWareSerial, 9:Bebop, 10:MAVLink, 11:USD1_Serial, 12:LeddarOne, 13:MaxbotixSerial, 14:TeraRangerI2C, 15:LidarLiteV3-I2C, 16:VL53L0X or VL53L1X, 17:NMEA, 18:WASP-LRF, 19:BenewakeTF02, 20:Benewake-Serial, 21:LidarLightV3HP, 22:PWM, 23:BlueRoboticsPing, 24:DroneCAN, 25:BenewakeTFminiPlus-I2C, 26:LanbaoPSK-CM8JL65-CC5, 27:BenewakeTF03, 28:VL53L1X-ShortRange, 29:LeddarVu8-Serial, 30:HC-SR04, 31:GYUS42v2, 32:MSP, 33:USD1_CAN, 34:Benewake_CAN, 35:TeraRangerSerial, 36:Lua_Scripting, 37:NoopLoop_TOFSense, 38:NoopLoop_TOFSense_CAN, 39:NRA24_CAN, 40:NoopLoop_TOFSenseF_I2C, 41:JRE_Serial, 42:Ainstein_LR_D1, 43:RDS02UF, 44:HexsoonRadar, 100:SITL",,,,Standard,,,apm.pdef.json
RNGFND_FILT,RNGFND,0.5,False,False,,,Rangefinder filter,Rangefinder filter to smooth distance. Set to zero to disable filtering,Hz,,,0,5,Standard,True,,apm.pdef.json
RPM1_TYPE,RPM,0,True,False,,,RPM type,What type of RPM sensor is connected,,"0:None, 1:Not Used, 2:GPIO, 3:EFI, 4:Harmonic Notch, 5:ESC Telemetry Motors Bitmask, 6:Generator, 7:DroneCAN",,,,Standard,,,apm.pdef.json
RPM2_TYPE,RPM,0,True,False,,,RPM type,What type of RPM sensor is connected,,"0:None, 1:Not Used, 2:GPIO, 3:EFI, 4:Harmonic Notch, 5:ESC Telemetry Motors Bitmask, 6:Generator, 7:DroneCAN",,,,Standard,,,apm.pdef.json
RSSI_TYPE,RSSI,0,True,False,,,RSSI Type,"Radio Receiver RSSI type. If your radio receiver supports RSSI of some kind, set it here, then set its associated RSSI_XXXXX parameters, if any.",,"0:Disabled, 1:AnalogPin, 2:RCChannelPwmValue, 3:ReceiverProtocol, 4:PWMInputPin, 5:TelemetryRadioRSSI",,,,Standard,,,apm.pdef.json
RTL_ALT,RTL,5000,False,True,,,RTL Altitude,The minimum alt above home the vehicle will climb to before returning. If the vehicle is flying higher than this value it will return at its current altitude.,cm,,,30,300000,Standard,,,apm.pdef.json
RTL_ALT_FINAL,RTL,0,False,True,,,RTL Final Altitude,This is the altitude the vehicle will move to as the final stage of Returning to Launch or after completing a mission. Set to zero to land.,cm,,,0,1000,Standard,,,apm.pdef.json
RTL_ALT_TYPE,RTL,0,False,True,,,RTL mode altitude type,RTL altitude type. Set to 1 for Terrain following during RTL and then set WPNAV_RFND_USE=1 to use rangefinder or WPNAV_RFND_USE=0 to use Terrain database,,"0:Relative to Home, 1:Terrain",,,,Standard,,,apm.pdef.json
RTL_CLIMB_MIN,RTL,0,False,True,,,RTL minimum climb,The vehicle will climb this many cm during the initial climb portion of the RTL,cm,,,0,3000,Standard,,,apm.pdef.json
RTL_CONE_SLOPE,RTL,0,False,True,,,RTL cone slope,Defines a cone above home which determines maximum climb,,"0:Disabled, 1:Shallow, 3:Steep",,0.5,10.0,Standard,,,apm.pdef.json
RTL_LOIT_TIME,RTL,1000,False,True,,,RTL loiter time,Time (in milliseconds) to loiter above home before beginning final descent,ms,,,0,60000,Standard,,,apm.pdef.json
RTL_OPTIONS,RTL,0,False,True,,,RTL mode options,Options that can be applied to change RTL mode behaviour,,,2:Ignore pilot yaw,,,Advanced,,,apm.pdef.json
RTL_SPEED,RTL,0,False,True,,,RTL speed,"Defines the speed in cm/s which the aircraft will attempt to maintain horizontally while flying home. If this is set to zero, WPNAV_SPEED will be used instead.",cm/s,,,0,2000,Standard,,,apm.pdef.json
SCHED_DEBUG,SCHED,0,True,False,,,Scheduler debug level,"Set to non-zero to enable scheduler debug messages. When set to show ""Slips"" the scheduler will display a message whenever a scheduled task is delayed due to too much CPU load. When set to ShowOverruns the scheduled will display a message whenever a task takes longer than the limit promised in the task table.",,"0:Disabled, 2:ShowSlips, 3:ShowOverruns",,,,Advanced,,,apm.pdef.json
SCHED_LOOP_RATE,SCHED,400,True,False,,,Scheduling main loop rate,This controls the rate of the main control loop in Hz. This should only be changed by developers. This only takes effect on restart. Values over 400 are considered highly experimental.,Hz,,,50,400,Advanced,True,,apm.pdef.json
SCHED_OPTIONS,SCHED,0,True,False,,,Scheduling options,This controls optional aspects of the scheduler.,,,0:Enable per-task perf info,,,Advanced,,,apm.pdef.json
SCR_DEBUG_OPTS,SCR,0,True,True,,,Scripting Debug Level,Debugging options,,,"0:No Scripts to run message if all scripts have stopped, 1:Runtime messages for memory usage and execution time, 2:Suppress logging scripts to dataflash, 3:log runtime memory usage and execution time, 4:Disable pre-arm check, 5:Save CRC of current scripts to loaded and running checksum parameters enabling pre-arm, 6:Disable heap expansion on allocation failure",,,Advanced,,,apm.pdef.json
SCR_DIR_DISABLE,SCR,0,True,True,,,Directory disable,This will stop scripts being loaded from the given locations,,,"0:ROMFS, 1:APM/scripts",,,Advanced,True,,apm.pdef.json
SCR_ENABLE,SCR,1,True,True,,,Enable Scripting,Controls if scripting is enabled,,"0:None, 1:Lua Scripts",,,,Advanced,True,,apm.pdef.json
SCR_HEAP_SIZE,SCR,204800,False,True,,,Scripting Heap Size,Amount of memory available for scripting,,,,1024,1048576,Advanced,True,,apm.pdef.json
SCR_LD_CHECKSUM,SCR,-1,True,True,,,Loaded script checksum,"Required XOR of CRC32 checksum of loaded scripts, vehicle will not arm with incorrect scripts loaded, -1 disables",,,,,,Advanced,,,apm.pdef.json
SCR_RUN_CHECKSUM,SCR,-1,True,True,,,Running script checksum,"Required XOR of CRC32 checksum of running scripts, vehicle will not arm with incorrect scripts running, -1 disables",,,,,,Advanced,,,apm.pdef.json
SCR_SDEV_EN,SCR,0,True,True,,,Scripting serial device enable,Enable scripting serial devices,,"0:Disabled, 1:Enabled",,,,Advanced,True,,apm.pdef.json
SCR_THD_PRIORITY,SCR,0,True,True,,,Scripting thread priority,"This sets the priority of the scripting thread. This is normally set to a low priority to prevent scripts from interfering with other parts of the system. Advanced users can change this priority if scripting needs to be prioritised for realtime applications. WARNING: changing this parameter can impact the stability of your flight controller. The scipting thread priority in this parameter is chosen based on a set of system level priorities for other subsystems. It is strongly recommended that you use the lowest priority that is sufficient for your application. Note that all scripts run at the same priority, so if you raise this priority you must carefully audit all lua scripts for behaviour that does not interfere with the operation of the system.",,"0:Normal, 1:IO Priority, 2:Storage Priority, 3:UART Priority, 4:I2C Priority, 5:SPI Priority, 6:Timer Priority, 7:Main Priority, 8:Boost Priority",,,,Advanced,True,,apm.pdef.json
SCR_USER1,SCR,0,True,True,,,Scripting User Parameter1,General purpose user variable input for scripts,,,,,,Standard,,,apm.pdef.json
SCR_USER2,SCR,0,True,True,,,Scripting User Parameter2,General purpose user variable input for scripts,,,,,,Standard,,,apm.pdef.json
SCR_USER3,SCR,0,True,True,,,Scripting User Parameter3,General purpose user variable input for scripts,,,,,,Standard,,,apm.pdef.json
SCR_USER4,SCR,0,True,True,,,Scripting User Parameter4,General purpose user variable input for scripts,,,,,,Standard,,,apm.pdef.json
SCR_USER5,SCR,0,True,True,,,Scripting User Parameter5,General purpose user variable input for scripts,,,,,,Standard,,,apm.pdef.json
SCR_USER6,SCR,0,True,True,,,Scripting User Parameter6,General purpose user variable input for scripts,,,,,,Standard,,,apm.pdef.json
SCR_VM_I_COUNT,SCR,10000,True,True,,,Scripting Virtual Machine Instruction Count,The number virtual machine instructions that can be run before considering a script to have taken an excessive amount of time,,,,1000,1000000,Advanced,,,apm.pdef.json
SERIAL0_BAUD,SERIAL,115,True,True,,,Serial0 baud rate,The baud rate used on the USB console. Most stm32-based boards can support rates of up to 1500. If you setup a rate you cannot support and then can't connect to your board you should load a firmware from a different vehicle type. That will reset all your parameters to defaults.,,"1:1200, 2:2400, 4:4800, 9:9600, 19:19200, 38:38400, 57:57600, 111:111100, 115:115200, 230:230400, 256:256000, 460:460800, 500:500000, 921:921600, 1500:1.5MBaud, 2000:2MBaud, 12500000:12.5MBaud",,,,Standard,,,apm.pdef.json
SERIAL0_PROTOCOL,SERIAL,2,True,True,,,Console protocol selection,Control what protocol to use on the console.,,"1:MAVLink1, 2:MAVLink2",,,,Standard,True,,apm.pdef.json
SERIAL1_BAUD,SERIAL,115,True,True,,,Telem1 Baud Rate,The baud rate used on the Telem1 port. Most stm32-based boards can support rates of up to 1500. If you setup a rate you cannot support and then can't connect to your board you should load a firmware from a different vehicle type. That will reset all your parameters to defaults.,,"1:1200, 2:2400, 4:4800, 9:9600, 19:19200, 38:38400, 57:57600, 111:111100, 115:115200, 230:230400, 256:256000, 460:460800, 500:500000, 921:921600, 1500:1.5MBaud, 2000:2MBaud, 12500000:12.5MBaud",,,,Standard,,,apm.pdef.json
SERIAL1_OPTIONS,SERIAL,0,True,True,,,Telem1 options,"Control over UART options. The InvertRX option controls invert of the receive pin. The InvertTX option controls invert of the transmit pin. The HalfDuplex option controls half-duplex (onewire) mode, where both transmit and receive is done on the transmit wire. The Swap option allows the RX and TX pins to be swapped on STM32F7 based boards.",,,"0:InvertRX, 1:InvertTX, 2:HalfDuplex, 3:SwapTXRX, 4:RX_PullDown, 5:RX_PullUp, 6:TX_PullDown, 7:TX_PullUp, 8:RX_NoDMA, 9:TX_NoDMA, 10:Don't forward mavlink to/from, 11:DisableFIFO, 12:Ignore Streamrate",,,Advanced,True,,apm.pdef.json
SERIAL1_PROTOCOL,SERIAL,2,True,True,,,Telem1 protocol selection,Control what protocol to use on the Telem1 port. Note that the Frsky options require external converter hardware. See the wiki for details.,,"-1:None, 1:MAVLink1, 2:MAVLink2, 3:Frsky D, 4:Frsky SPort, 5:GPS, 7:Alexmos Gimbal Serial, 8:Gimbal, 9:Rangefinder, 10:FrSky SPort Passthrough (OpenTX), 11:Lidar360, 13:Beacon, 14:Volz servo out, 15:SBus servo out, 16:ESC Telemetry, 17:Devo Telemetry, 18:OpticalFlow, 19:RobotisServo, 20:NMEA Output, 21:WindVane, 22:SLCAN, 23:RCIN, 24:EFI Serial, 25:LTM, 26:RunCam, 27:HottTelem, 28:Scripting, 29:Crossfire VTX, 30:Generator, 31:Winch, 32:MSP, 33:DJI FPV, 34:AirSpeed, 35:ADSB, 36:AHRS, 37:SmartAudio, 38:FETtecOneWire, 39:Torqeedo, 40:AIS, 41:CoDevESC, 42:DisplayPort, 43:MAVLink High Latency, 44:IRC Tramp, 45:DDS XRCE, 46:IMUDATA, 48:PPP, 49:i-BUS Telemetry",,,,Standard,True,,apm.pdef.json
SERIAL2_BAUD,SERIAL,500,False,True,,,Telemetry 2 Baud Rate,The baud rate of the Telem2 port. Most stm32-based boards can support rates of up to 1500. If you setup a rate you cannot support and then can't connect to your board you should load a firmware from a different vehicle type. That will reset all your parameters to defaults.,,"1:1200, 2:2400, 4:4800, 9:9600, 19:19200, 38:38400, 57:57600, 111:111100, 115:115200, 230:230400, 256:256000, 460:460800, 500:500000, 921:921600, 1500:1.5MBaud, 2000:2MBaud, 12500000:12.5MBaud",,,,Standard,,,apm.pdef.json
SERIAL2_OPTIONS,SERIAL,0,False,True,,,Telem2 options,"Control over UART options. The InvertRX option controls invert of the receive pin. The InvertTX option controls invert of the transmit pin. The HalfDuplex option controls half-duplex (onewire) mode, where both transmit and receive is done on the transmit wire. The Swap option allows the RX and TX pins to be swapped on STM32F7 based boards.",,,"0:InvertRX, 1:InvertTX, 2:HalfDuplex, 3:SwapTXRX, 4:RX_PullDown, 5:RX_PullUp, 6:TX_PullDown, 7:TX_PullUp, 8:RX_NoDMA, 9:TX_NoDMA, 10:Don't forward mavlink to/from, 11:DisableFIFO, 12:Ignore Streamrate",,,Advanced,True,,apm.pdef.json
SERIAL2_PROTOCOL,SERIAL,2,False,True,,,Telemetry 2 protocol selection,Control what protocol to use on the Telem2 port. Note that the Frsky options require external converter hardware. See the wiki for details.,,"-1:None, 1:MAVLink1, 2:MAVLink2, 3:Frsky D, 4:Frsky SPort, 5:GPS, 7:Alexmos Gimbal Serial, 8:Gimbal, 9:Rangefinder, 10:FrSky SPort Passthrough (OpenTX), 11:Lidar360, 13:Beacon, 14:Volz servo out, 15:SBus servo out, 16:ESC Telemetry, 17:Devo Telemetry, 18:OpticalFlow, 19:RobotisServo, 20:NMEA Output, 21:WindVane, 22:SLCAN, 23:RCIN, 24:EFI Serial, 25:LTM, 26:RunCam, 27:HottTelem, 28:Scripting, 29:Crossfire VTX, 30:Generator, 31:Winch, 32:MSP, 33:DJI FPV, 34:AirSpeed, 35:ADSB, 36:AHRS, 37:SmartAudio, 38:FETtecOneWire, 39:Torqeedo, 40:AIS, 41:CoDevESC, 42:DisplayPort, 43:MAVLink High Latency, 44:IRC Tramp, 45:DDS XRCE, 46:IMUDATA, 48:PPP, 49:i-BUS Telemetry",,,,Standard,True,,apm.pdef.json
SERIAL3_BAUD,SERIAL,115,False,True,,,Serial 3 (GPS) Baud Rate,The baud rate used for the Serial 3 (GPS). Most stm32-based boards can support rates of up to 1500. If you setup a rate you cannot support and then can't connect to your board you should load a firmware from a different vehicle type. That will reset all your parameters to defaults.,,"1:1200, 2:2400, 4:4800, 9:9600, 19:19200, 38:38400, 57:57600, 111:111100, 115:115200, 230:230400, 256:256000, 460:460800, 500:500000, 921:921600, 1500:1.5MBaud, 2000:2MBaud, 12500000:12.5MBaud",,,,Standard,,,apm.pdef.json
SERIAL3_OPTIONS,SERIAL,0,False,True,,,Serial3 options,"Control over UART options. The InvertRX option controls invert of the receive pin. The InvertTX option controls invert of the transmit pin. The HalfDuplex option controls half-duplex (onewire) mode, where both transmit and receive is done on the transmit wire. The Swap option allows the RX and TX pins to be swapped on STM32F7 based boards.",,,"0:InvertRX, 1:InvertTX, 2:HalfDuplex, 3:SwapTXRX, 4:RX_PullDown, 5:RX_PullUp, 6:TX_PullDown, 7:TX_PullUp, 8:RX_NoDMA, 9:TX_NoDMA, 10:Don't forward mavlink to/from, 11:DisableFIFO, 12:Ignore Streamrate",,,Advanced,True,,apm.pdef.json
SERIAL3_PROTOCOL,SERIAL,-1,False,True,,,Serial 3 (GPS) protocol selection,Control what protocol Serial 3 (GPS) should be used for. Note that the Frsky options require external converter hardware. See the wiki for details.,,"-1:None, 1:MAVLink1, 2:MAVLink2, 3:Frsky D, 4:Frsky SPort, 5:GPS, 7:Alexmos Gimbal Serial, 8:Gimbal, 9:Rangefinder, 10:FrSky SPort Passthrough (OpenTX), 11:Lidar360, 13:Beacon, 14:Volz servo out, 15:SBus servo out, 16:ESC Telemetry, 17:Devo Telemetry, 18:OpticalFlow, 19:RobotisServo, 20:NMEA Output, 21:WindVane, 22:SLCAN, 23:RCIN, 24:EFI Serial, 25:LTM, 26:RunCam, 27:HottTelem, 28:Scripting, 29:Crossfire VTX, 30:Generator, 31:Winch, 32:MSP, 33:DJI FPV, 34:AirSpeed, 35:ADSB, 36:AHRS, 37:SmartAudio, 38:FETtecOneWire, 39:Torqeedo, 40:AIS, 41:CoDevESC, 42:DisplayPort, 43:MAVLink High Latency, 44:IRC Tramp, 45:DDS XRCE, 46:IMUDATA, 48:PPP, 49:i-BUS Telemetry",,,,Standard,True,,apm.pdef.json
SERIAL4_BAUD,SERIAL,115,False,True,,,Serial 4 Baud Rate,The baud rate used for Serial4. Most stm32-based boards can support rates of up to 1500. If you setup a rate you cannot support and then can't connect to your board you should load a firmware from a different vehicle type. That will reset all your parameters to defaults.,,"1:1200, 2:2400, 4:4800, 9:9600, 19:19200, 38:38400, 57:57600, 111:111100, 115:115200, 230:230400, 256:256000, 460:460800, 500:500000, 921:921600, 1500:1.5MBaud, 2000:2MBaud, 12500000:12.5MBaud",,,,Standard,,,apm.pdef.json
SERIAL4_OPTIONS,SERIAL,0,False,True,,,Serial4 options,"Control over UART options. The InvertRX option controls invert of the receive pin. The InvertTX option controls invert of the transmit pin. The HalfDuplex option controls half-duplex (onewire) mode, where both transmit and receive is done on the transmit wire. The Swap option allows the RX and TX pins to be swapped on STM32F7 based boards.",,,"0:InvertRX, 1:InvertTX, 2:HalfDuplex, 3:SwapTXRX, 4:RX_PullDown, 5:RX_PullUp, 6:TX_PullDown, 7:TX_PullUp, 8:RX_NoDMA, 9:TX_NoDMA, 10:Don't forward mavlink to/from, 11:DisableFIFO, 12:Ignore Streamrate",,,Advanced,True,,apm.pdef.json
SERIAL4_PROTOCOL,SERIAL,9,False,True,,,Serial4 protocol selection,Control what protocol Serial4 port should be used for. Note that the Frsky options require external converter hardware. See the wiki for details.,,"-1:None, 1:MAVLink1, 2:MAVLink2, 3:Frsky D, 4:Frsky SPort, 5:GPS, 7:Alexmos Gimbal Serial, 8:Gimbal, 9:Rangefinder, 10:FrSky SPort Passthrough (OpenTX), 11:Lidar360, 13:Beacon, 14:Volz servo out, 15:SBus servo out, 16:ESC Telemetry, 17:Devo Telemetry, 18:OpticalFlow, 19:RobotisServo, 20:NMEA Output, 21:WindVane, 22:SLCAN, 23:RCIN, 24:EFI Serial, 25:LTM, 26:RunCam, 27:HottTelem, 28:Scripting, 29:Crossfire VTX, 30:Generator, 31:Winch, 32:MSP, 33:DJI FPV, 34:AirSpeed, 35:ADSB, 36:AHRS, 37:SmartAudio, 38:FETtecOneWire, 39:Torqeedo, 40:AIS, 41:CoDevESC, 42:DisplayPort, 43:MAVLink High Latency, 44:IRC Tramp, 45:DDS XRCE, 46:IMUDATA, 48:PPP, 49:i-BUS Telemetry",,,,Standard,True,,apm.pdef.json
SERIAL5_BAUD,SERIAL,115,False,True,,,Serial 5 Baud Rate,The baud rate used for Serial5. Most stm32-based boards can support rates of up to 1500. If you setup a rate you cannot support and then can't connect to your board you should load a firmware from a different vehicle type. That will reset all your parameters to defaults.,,"1:1200, 2:2400, 4:4800, 9:9600, 19:19200, 38:38400, 57:57600, 111:111100, 115:115200, 230:230400, 256:256000, 460:460800, 500:500000, 921:921600, 1500:1.5MBaud, 2000:2MBaud, 12500000:12.5MBaud",,,,Standard,,,apm.pdef.json
SERIAL5_OPTIONS,SERIAL,0,False,True,,,Serial5 options,"Control over UART options. The InvertRX option controls invert of the receive pin. The InvertTX option controls invert of the transmit pin. The HalfDuplex option controls half-duplex (onewire) mode, where both transmit and receive is done on the transmit wire. The Swap option allows the RX and TX pins to be swapped on STM32F7 based boards.",,,"0:InvertRX, 1:InvertTX, 2:HalfDuplex, 3:SwapTXRX, 4:RX_PullDown, 5:RX_PullUp, 6:TX_PullDown, 7:TX_PullUp, 8:RX_NoDMA, 9:TX_NoDMA, 10:Don't forward mavlink to/from, 11:DisableFIFO, 12:Ignore Streamrate",,,Advanced,True,,apm.pdef.json
SERIAL5_PROTOCOL,SERIAL,-1,False,True,,,Serial5 protocol selection,Control what protocol Serial5 port should be used for. Note that the Frsky options require external converter hardware. See the wiki for details.,,"-1:None, 1:MAVLink1, 2:MAVLink2, 3:Frsky D, 4:Frsky SPort, 5:GPS, 7:Alexmos Gimbal Serial, 8:Gimbal, 9:Rangefinder, 10:FrSky SPort Passthrough (OpenTX), 11:Lidar360, 13:Beacon, 14:Volz servo out, 15:SBus servo out, 16:ESC Telemetry, 17:Devo Telemetry, 18:OpticalFlow, 19:RobotisServo, 20:NMEA Output, 21:WindVane, 22:SLCAN, 23:RCIN, 24:EFI Serial, 25:LTM, 26:RunCam, 27:HottTelem, 28:Scripting, 29:Crossfire VTX, 30:Generator, 31:Winch, 32:MSP, 33:DJI FPV, 34:AirSpeed, 35:ADSB, 36:AHRS, 37:SmartAudio, 38:FETtecOneWire, 39:Torqeedo, 40:AIS, 41:CoDevESC, 42:DisplayPort, 43:MAVLink High Latency, 44:IRC Tramp, 45:DDS XRCE, 46:IMUDATA, 48:PPP, 49:i-BUS Telemetry",,,,Standard,True,,apm.pdef.json
SERIAL6_BAUD,SERIAL,115200,True,True,,,Serial 6 Baud Rate,The baud rate used for Serial6. Most stm32-based boards can support rates of up to 1500. If you setup a rate you cannot support and then can't connect to your board you should load a firmware from a different vehicle type. That will reset all your parameters to defaults.,,"1:1200, 2:2400, 4:4800, 9:9600, 19:19200, 38:38400, 57:57600, 111:111100, 115:115200, 230:230400, 256:256000, 460:460800, 500:500000, 921:921600, 1500:1.5MBaud, 2000:2MBaud, 12500000:12.5MBaud",,,,Standard,,,apm.pdef.json
SERIAL6_OPTIONS,SERIAL,0,True,True,,,Serial6 options,"Control over UART options. The InvertRX option controls invert of the receive pin. The InvertTX option controls invert of the transmit pin. The HalfDuplex option controls half-duplex (onewire) mode, where both transmit and receive is done on the transmit wire. The Swap option allows the RX and TX pins to be swapped on STM32F7 based boards.",,,"0:InvertRX, 1:InvertTX, 2:HalfDuplex, 3:SwapTXRX, 4:RX_PullDown, 5:RX_PullUp, 6:TX_PullDown, 7:TX_PullUp, 8:RX_NoDMA, 9:TX_NoDMA, 10:Don't forward mavlink to/from, 11:DisableFIFO, 12:Ignore Streamrate",,,Advanced,True,,apm.pdef.json
SERIAL6_PROTOCOL,SERIAL,22,True,True,,,Serial6 protocol selection,Control what protocol Serial6 port should be used for. Note that the Frsky options require external converter hardware. See the wiki for details.,,"-1:None, 1:MAVLink1, 2:MAVLink2, 3:Frsky D, 4:Frsky SPort, 5:GPS, 7:Alexmos Gimbal Serial, 8:Gimbal, 9:Rangefinder, 10:FrSky SPort Passthrough (OpenTX), 11:Lidar360, 13:Beacon, 14:Volz servo out, 15:SBus servo out, 16:ESC Telemetry, 17:Devo Telemetry, 18:OpticalFlow, 19:RobotisServo, 20:NMEA Output, 21:WindVane, 22:SLCAN, 23:RCIN, 24:EFI Serial, 25:LTM, 26:RunCam, 27:HottTelem, 28:Scripting, 29:Crossfire VTX, 30:Generator, 31:Winch, 32:MSP, 33:DJI FPV, 34:AirSpeed, 35:ADSB, 36:AHRS, 37:SmartAudio, 38:FETtecOneWire, 39:Torqeedo, 40:AIS, 41:CoDevESC, 42:DisplayPort, 43:MAVLink High Latency, 44:IRC Tramp, 45:DDS XRCE, 46:IMUDATA, 48:PPP, 49:i-BUS Telemetry",,,,Standard,True,,apm.pdef.json
SERIAL_PASS1,SERIAL,0,True,True,,,Serial passthru first port,This sets one side of pass-through between two serial ports. Once both sides are set then all data received on either port will be passed to the other port,,"-1:Disabled, 0:Serial0, 1:Serial1, 2:Serial2, 3:Serial3, 4:Serial4, 5:Serial5, 6:Serial6",,,,Advanced,,,apm.pdef.json
SERIAL_PASS2,SERIAL,-1,True,True,,,Serial passthru second port,This sets one side of pass-through between two serial ports. Once both sides are set then all data received on either port will be passed to the other port,,"-1:Disabled, 0:Serial0, 1:Serial1, 2:Serial2, 3:Serial3, 4:Serial4, 5:Serial5, 6:Serial6",,,,Advanced,,,apm.pdef.json
SERIAL_PASSTIMO,SERIAL,15,True,True,,,Serial passthru timeout,This sets a timeout for serial pass-through in seconds. When the pass-through is enabled by setting the SERIAL_PASS1 and SERIAL_PASS2 parameters then it remains in effect until no data comes from the first port for SERIAL_PASSTIMO seconds. This allows the port to revent to its normal usage (such as MAVLink connection to a GCS) when it is no longer needed. A value of 0 means no timeout.,s,,,0,120,Advanced,,,apm.pdef.json
SERVO10_FUNCTION,SERVO,0,False,True,,,Servo output function,Function assigned to this servo. Setting this to Disabled(0) will setup this output for control by auto missions or MAVLink servo set commands. any other value will enable the corresponding function,,"-1:GPIO, 0:Disabled, 1:RCPassThru, 6:Mount1Yaw, 7:Mount1Pitch, 8:Mount1Roll, 9:Mount1Retract, 10:CameraTrigger, 12:Mount2Yaw, 13:Mount2Pitch, 14:Mount2Roll, 15:Mount2Retract, 22:SprayerPump, 23:SprayerSpinner, 27:Parachute, 28:Gripper, 29:LandingGear, 30:EngineRunEnable, 31:HeliRSC, 32:HeliTailRSC, 33:Motor1, 34:Motor2, 35:Motor3, 36:Motor4, 37:Motor5, 38:Motor6, 39:Motor7, 40:Motor8, 51:RCIN1, 52:RCIN2, 53:RCIN3, 54:RCIN4, 55:RCIN5, 56:RCIN6, 57:RCIN7, 58:RCIN8, 59:RCIN9, 60:RCIN10, 61:RCIN11, 62:RCIN12, 63:RCIN13, 64:RCIN14, 65:RCIN15, 66:RCIN16, 73:ThrottleLeft, 74:ThrottleRight, 75:TiltMotorFrontLeft, 76:TiltMotorFrontRight, 81:BoostThrottle, 82:Motor9, 83:Motor10, 84:Motor11, 85:Motor12, 88:Winch, 90:CameraISO, 91:CameraAperture, 92:CameraFocus, 93:CameraShutterSpeed, 94:Script1, 95:Script2, 96:Script3, 97:Script4, 98:Script5, 99:Script6, 100:Script7, 101:Script8, 102:Script9, 103:Script10, 104:Script11, 105:Script12, 106:Script13, 107:Script14, 108:Script15, 109:Script16, 120:NeoPixel1, 121:NeoPixel2, 122:NeoPixel3, 123:NeoPixel4, 124:RateRoll, 125:RatePitch, 126:RateThrust, 127:RateYaw, 129:ProfiLED1, 130:ProfiLED2, 131:ProfiLED3, 132:ProfiLEDClock, 133:Winch Clutch, 134:SERVOn_MIN, 135:SERVOn_TRIM, 136:SERVOn_MAX, 138:Alarm, 139:Alarm Inverted, 140:RCIN1Scaled, 141:RCIN2Scaled, 142:RCIN3Scaled, 143:RCIN4Scaled, 144:RCIN5Scaled, 145:RCIN6Scaled, 146:RCIN7Scaled, 147:RCIN8Scaled, 148:RCIN9Scaled, 149:RCIN10Scaled, 150:RCIN11Scaled, 151:RCIN12Scaled, 152:RCIN13Scaled, 153:RCIN14Scaled, 154:RCIN15Scaled, 155:RCIN16Scaled",,,,Standard,True,,apm.pdef.json
SERVO10_MAX,SERVO,1900,False,True,,,Maximum PWM,"maximum PWM pulse width in microseconds. Typically 1000 is lower limit, 1500 is neutral and 2000 is upper limit.",PWM,,,800,2200,Standard,,,apm.pdef.json
SERVO10_MIN,SERVO,1100,False,True,,,Minimum PWM,"minimum PWM pulse width in microseconds. Typically 1000 is lower limit, 1500 is neutral and 2000 is upper limit.",PWM,,,800,2200,Standard,,,apm.pdef.json
SERVO10_REVERSED,SERVO,0,False,True,,,Servo reverse,Reverse servo operation. Set to 0 for normal operation. Set to 1 to reverse this output channel.,,"0:Normal, 1:Reversed",,,,Standard,,,apm.pdef.json
SERVO10_TRIM,SERVO,1500,False,True,,,Trim PWM,"Trim PWM pulse width in microseconds. Typically 1000 is lower limit, 1500 is neutral and 2000 is upper limit.",PWM,,,800,2200,Standard,,,apm.pdef.json
SERVO11_FUNCTION,SERVO,0,False,True,,,Servo output function,Function assigned to this servo. Setting this to Disabled(0) will setup this output for control by auto missions or MAVLink servo set commands. any other value will enable the corresponding function,,"-1:GPIO, 0:Disabled, 1:RCPassThru, 6:Mount1Yaw, 7:Mount1Pitch, 8:Mount1Roll, 9:Mount1Retract, 10:CameraTrigger, 12:Mount2Yaw, 13:Mount2Pitch, 14:Mount2Roll, 15:Mount2Retract, 22:SprayerPump, 23:SprayerSpinner, 27:Parachute, 28:Gripper, 29:LandingGear, 30:EngineRunEnable, 31:HeliRSC, 32:HeliTailRSC, 33:Motor1, 34:Motor2, 35:Motor3, 36:Motor4, 37:Motor5, 38:Motor6, 39:Motor7, 40:Motor8, 51:RCIN1, 52:RCIN2, 53:RCIN3, 54:RCIN4, 55:RCIN5, 56:RCIN6, 57:RCIN7, 58:RCIN8, 59:RCIN9, 60:RCIN10, 61:RCIN11, 62:RCIN12, 63:RCIN13, 64:RCIN14, 65:RCIN15, 66:RCIN16, 73:ThrottleLeft, 74:ThrottleRight, 75:TiltMotorFrontLeft, 76:TiltMotorFrontRight, 81:BoostThrottle, 82:Motor9, 83:Motor10, 84:Motor11, 85:Motor12, 88:Winch, 90:CameraISO, 91:CameraAperture, 92:CameraFocus, 93:CameraShutterSpeed, 94:Script1, 95:Script2, 96:Script3, 97:Script4, 98:Script5, 99:Script6, 100:Script7, 101:Script8, 102:Script9, 103:Script10, 104:Script11, 105:Script12, 106:Script13, 107:Script14, 108:Script15, 109:Script16, 120:NeoPixel1, 121:NeoPixel2, 122:NeoPixel3, 123:NeoPixel4, 124:RateRoll, 125:RatePitch, 126:RateThrust, 127:RateYaw, 129:ProfiLED1, 130:ProfiLED2, 131:ProfiLED3, 132:ProfiLEDClock, 133:Winch Clutch, 134:SERVOn_MIN, 135:SERVOn_TRIM, 136:SERVOn_MAX, 138:Alarm, 139:Alarm Inverted, 140:RCIN1Scaled, 141:RCIN2Scaled, 142:RCIN3Scaled, 143:RCIN4Scaled, 144:RCIN5Scaled, 145:RCIN6Scaled, 146:RCIN7Scaled, 147:RCIN8Scaled, 148:RCIN9Scaled, 149:RCIN10Scaled, 150:RCIN11Scaled, 151:RCIN12Scaled, 152:RCIN13Scaled, 153:RCIN14Scaled, 154:RCIN15Scaled, 155:RCIN16Scaled",,,,Standard,True,,apm.pdef.json
SERVO11_MAX,SERVO,1900,False,True,,,Maximum PWM,"maximum PWM pulse width in microseconds. Typically 1000 is lower limit, 1500 is neutral and 2000 is upper limit.",PWM,,,800,2200,Standard,,,apm.pdef.json
SERVO11_MIN,SERVO,1100,False,True,,,Minimum PWM,"minimum PWM pulse width in microseconds. Typically 1000 is lower limit, 1500 is neutral and 2000 is upper limit.",PWM,,,800,2200,Standard,,,apm.pdef.json
SERVO11_REVERSED,SERVO,0,False,True,,,Servo reverse,Reverse servo operation. Set to 0 for normal operation. Set to 1 to reverse this output channel.,,"0:Normal, 1:Reversed",,,,Standard,,,apm.pdef.json
SERVO11_TRIM,SERVO,1500,False,True,,,Trim PWM,"Trim PWM pulse width in microseconds. Typically 1000 is lower limit, 1500 is neutral and 2000 is upper limit.",PWM,,,800,2200,Standard,,,apm.pdef.json
SERVO12_FUNCTION,SERVO,0,True,False,,,Servo output function,Function assigned to this servo. Setting this to Disabled(0) will setup this output for control by auto missions or MAVLink servo set commands. any other value will enable the corresponding function,,"-1:GPIO, 0:Disabled, 1:RCPassThru, 6:Mount1Yaw, 7:Mount1Pitch, 8:Mount1Roll, 9:Mount1Retract, 10:CameraTrigger, 12:Mount2Yaw, 13:Mount2Pitch, 14:Mount2Roll, 15:Mount2Retract, 22:SprayerPump, 23:SprayerSpinner, 27:Parachute, 28:Gripper, 29:LandingGear, 30:EngineRunEnable, 31:HeliRSC, 32:HeliTailRSC, 33:Motor1, 34:Motor2, 35:Motor3, 36:Motor4, 37:Motor5, 38:Motor6, 39:Motor7, 40:Motor8, 51:RCIN1, 52:RCIN2, 53:RCIN3, 54:RCIN4, 55:RCIN5, 56:RCIN6, 57:RCIN7, 58:RCIN8, 59:RCIN9, 60:RCIN10, 61:RCIN11, 62:RCIN12, 63:RCIN13, 64:RCIN14, 65:RCIN15, 66:RCIN16, 73:ThrottleLeft, 74:ThrottleRight, 75:TiltMotorFrontLeft, 76:TiltMotorFrontRight, 81:BoostThrottle, 82:Motor9, 83:Motor10, 84:Motor11, 85:Motor12, 88:Winch, 90:CameraISO, 91:CameraAperture, 92:CameraFocus, 93:CameraShutterSpeed, 94:Script1, 95:Script2, 96:Script3, 97:Script4, 98:Script5, 99:Script6, 100:Script7, 101:Script8, 102:Script9, 103:Script10, 104:Script11, 105:Script12, 106:Script13, 107:Script14, 108:Script15, 109:Script16, 120:NeoPixel1, 121:NeoPixel2, 122:NeoPixel3, 123:NeoPixel4, 124:RateRoll, 125:RatePitch, 126:RateThrust, 127:RateYaw, 129:ProfiLED1, 130:ProfiLED2, 131:ProfiLED3, 132:ProfiLEDClock, 133:Winch Clutch, 134:SERVOn_MIN, 135:SERVOn_TRIM, 136:SERVOn_MAX, 138:Alarm, 139:Alarm Inverted, 140:RCIN1Scaled, 141:RCIN2Scaled, 142:RCIN3Scaled, 143:RCIN4Scaled, 144:RCIN5Scaled, 145:RCIN6Scaled, 146:RCIN7Scaled, 147:RCIN8Scaled, 148:RCIN9Scaled, 149:RCIN10Scaled, 150:RCIN11Scaled, 151:RCIN12Scaled, 152:RCIN13Scaled, 153:RCIN14Scaled, 154:RCIN15Scaled, 155:RCIN16Scaled",,,,Standard,True,,apm.pdef.json
SERVO12_MAX,SERVO,1900,True,False,,,Maximum PWM,"maximum PWM pulse width in microseconds. Typically 1000 is lower limit, 1500 is neutral and 2000 is upper limit.",PWM,,,800,2200,Standard,,,apm.pdef.json
SERVO12_MIN,SERVO,1100,True,False,,,Minimum PWM,"minimum PWM pulse width in microseconds. Typically 1000 is lower limit, 1500 is neutral and 2000 is upper limit.",PWM,,,800,2200,Standard,,,apm.pdef.json
SERVO12_REVERSED,SERVO,0,True,False,,,Servo reverse,Reverse servo operation. Set to 0 for normal operation. Set to 1 to reverse this output channel.,,"0:Normal, 1:Reversed",,,,Standard,,,apm.pdef.json
SERVO12_TRIM,SERVO,1500,True,False,,,Trim PWM,"Trim PWM pulse width in microseconds. Typically 1000 is lower limit, 1500 is neutral and 2000 is upper limit.",PWM,,,800,2200,Standard,,,apm.pdef.json
SERVO13_FUNCTION,SERVO,0,True,False,,,Servo output function,Function assigned to this servo. Setting this to Disabled(0) will setup this output for control by auto missions or MAVLink servo set commands. any other value will enable the corresponding function,,"-1:GPIO, 0:Disabled, 1:RCPassThru, 6:Mount1Yaw, 7:Mount1Pitch, 8:Mount1Roll, 9:Mount1Retract, 10:CameraTrigger, 12:Mount2Yaw, 13:Mount2Pitch, 14:Mount2Roll, 15:Mount2Retract, 22:SprayerPump, 23:SprayerSpinner, 27:Parachute, 28:Gripper, 29:LandingGear, 30:EngineRunEnable, 31:HeliRSC, 32:HeliTailRSC, 33:Motor1, 34:Motor2, 35:Motor3, 36:Motor4, 37:Motor5, 38:Motor6, 39:Motor7, 40:Motor8, 51:RCIN1, 52:RCIN2, 53:RCIN3, 54:RCIN4, 55:RCIN5, 56:RCIN6, 57:RCIN7, 58:RCIN8, 59:RCIN9, 60:RCIN10, 61:RCIN11, 62:RCIN12, 63:RCIN13, 64:RCIN14, 65:RCIN15, 66:RCIN16, 73:ThrottleLeft, 74:ThrottleRight, 75:TiltMotorFrontLeft, 76:TiltMotorFrontRight, 81:BoostThrottle, 82:Motor9, 83:Motor10, 84:Motor11, 85:Motor12, 88:Winch, 90:CameraISO, 91:CameraAperture, 92:CameraFocus, 93:CameraShutterSpeed, 94:Script1, 95:Script2, 96:Script3, 97:Script4, 98:Script5, 99:Script6, 100:Script7, 101:Script8, 102:Script9, 103:Script10, 104:Script11, 105:Script12, 106:Script13, 107:Script14, 108:Script15, 109:Script16, 120:NeoPixel1, 121:NeoPixel2, 122:NeoPixel3, 123:NeoPixel4, 124:RateRoll, 125:RatePitch, 126:RateThrust, 127:RateYaw, 129:ProfiLED1, 130:ProfiLED2, 131:ProfiLED3, 132:ProfiLEDClock, 133:Winch Clutch, 134:SERVOn_MIN, 135:SERVOn_TRIM, 136:SERVOn_MAX, 138:Alarm, 139:Alarm Inverted, 140:RCIN1Scaled, 141:RCIN2Scaled, 142:RCIN3Scaled, 143:RCIN4Scaled, 144:RCIN5Scaled, 145:RCIN6Scaled, 146:RCIN7Scaled, 147:RCIN8Scaled, 148:RCIN9Scaled, 149:RCIN10Scaled, 150:RCIN11Scaled, 151:RCIN12Scaled, 152:RCIN13Scaled, 153:RCIN14Scaled, 154:RCIN15Scaled, 155:RCIN16Scaled",,,,Standard,True,,apm.pdef.json
SERVO13_MAX,SERVO,1900,True,False,,,Maximum PWM,"maximum PWM pulse width in microseconds. Typically 1000 is lower limit, 1500 is neutral and 2000 is upper limit.",PWM,,,800,2200,Standard,,,apm.pdef.json
SERVO13_MIN,SERVO,1100,True,False,,,Minimum PWM,"minimum PWM pulse width in microseconds. Typically 1000 is lower limit, 1500 is neutral and 2000 is upper limit.",PWM,,,800,2200,Standard,,,apm.pdef.json
SERVO13_REVERSED,SERVO,0,True,False,,,Servo reverse,Reverse servo operation. Set to 0 for normal operation. Set to 1 to reverse this output channel.,,"0:Normal, 1:Reversed",,,,Standard,,,apm.pdef.json
SERVO13_TRIM,SERVO,1500,True,False,,,Trim PWM,"Trim PWM pulse width in microseconds. Typically 1000 is lower limit, 1500 is neutral and 2000 is upper limit.",PWM,,,800,2200,Standard,,,apm.pdef.json
SERVO14_FUNCTION,SERVO,0,True,False,,,Servo output function,Function assigned to this servo. Setting this to Disabled(0) will setup this output for control by auto missions or MAVLink servo set commands. any other value will enable the corresponding function,,"-1:GPIO, 0:Disabled, 1:RCPassThru, 6:Mount1Yaw, 7:Mount1Pitch, 8:Mount1Roll, 9:Mount1Retract, 10:CameraTrigger, 12:Mount2Yaw, 13:Mount2Pitch, 14:Mount2Roll, 15:Mount2Retract, 22:SprayerPump, 23:SprayerSpinner, 27:Parachute, 28:Gripper, 29:LandingGear, 30:EngineRunEnable, 31:HeliRSC, 32:HeliTailRSC, 33:Motor1, 34:Motor2, 35:Motor3, 36:Motor4, 37:Motor5, 38:Motor6, 39:Motor7, 40:Motor8, 51:RCIN1, 52:RCIN2, 53:RCIN3, 54:RCIN4, 55:RCIN5, 56:RCIN6, 57:RCIN7, 58:RCIN8, 59:RCIN9, 60:RCIN10, 61:RCIN11, 62:RCIN12, 63:RCIN13, 64:RCIN14, 65:RCIN15, 66:RCIN16, 73:ThrottleLeft, 74:ThrottleRight, 75:TiltMotorFrontLeft, 76:TiltMotorFrontRight, 81:BoostThrottle, 82:Motor9, 83:Motor10, 84:Motor11, 85:Motor12, 88:Winch, 90:CameraISO, 91:CameraAperture, 92:CameraFocus, 93:CameraShutterSpeed, 94:Script1, 95:Script2, 96:Script3, 97:Script4, 98:Script5, 99:Script6, 100:Script7, 101:Script8, 102:Script9, 103:Script10, 104:Script11, 105:Script12, 106:Script13, 107:Script14, 108:Script15, 109:Script16, 120:NeoPixel1, 121:NeoPixel2, 122:NeoPixel3, 123:NeoPixel4, 124:RateRoll, 125:RatePitch, 126:RateThrust, 127:RateYaw, 129:ProfiLED1, 130:ProfiLED2, 131:ProfiLED3, 132:ProfiLEDClock, 133:Winch Clutch, 134:SERVOn_MIN, 135:SERVOn_TRIM, 136:SERVOn_MAX, 138:Alarm, 139:Alarm Inverted, 140:RCIN1Scaled, 141:RCIN2Scaled, 142:RCIN3Scaled, 143:RCIN4Scaled, 144:RCIN5Scaled, 145:RCIN6Scaled, 146:RCIN7Scaled, 147:RCIN8Scaled, 148:RCIN9Scaled, 149:RCIN10Scaled, 150:RCIN11Scaled, 151:RCIN12Scaled, 152:RCIN13Scaled, 153:RCIN14Scaled, 154:RCIN15Scaled, 155:RCIN16Scaled",,,,Standard,True,,apm.pdef.json
SERVO14_MAX,SERVO,1900,True,False,,,Maximum PWM,"maximum PWM pulse width in microseconds. Typically 1000 is lower limit, 1500 is neutral and 2000 is upper limit.",PWM,,,800,2200,Standard,,,apm.pdef.json
SERVO14_MIN,SERVO,1100,True,False,,,Minimum PWM,"minimum PWM pulse width in microseconds. Typically 1000 is lower limit, 1500 is neutral and 2000 is upper limit.",PWM,,,800,2200,Standard,,,apm.pdef.json
SERVO14_REVERSED,SERVO,0,True,False,,,Servo reverse,Reverse servo operation. Set to 0 for normal operation. Set to 1 to reverse this output channel.,,"0:Normal, 1:Reversed",,,,Standard,,,apm.pdef.json
SERVO14_TRIM,SERVO,1500,True,False,,,Trim PWM,"Trim PWM pulse width in microseconds. Typically 1000 is lower limit, 1500 is neutral and 2000 is upper limit.",PWM,,,800,2200,Standard,,,apm.pdef.json
SERVO15_FUNCTION,SERVO,0,True,False,,,Servo output function,Function assigned to this servo. Setting this to Disabled(0) will setup this output for control by auto missions or MAVLink servo set commands. any other value will enable the corresponding function,,"-1:GPIO, 0:Disabled, 1:RCPassThru, 6:Mount1Yaw, 7:Mount1Pitch, 8:Mount1Roll, 9:Mount1Retract, 10:CameraTrigger, 12:Mount2Yaw, 13:Mount2Pitch, 14:Mount2Roll, 15:Mount2Retract, 22:SprayerPump, 23:SprayerSpinner, 27:Parachute, 28:Gripper, 29:LandingGear, 30:EngineRunEnable, 31:HeliRSC, 32:HeliTailRSC, 33:Motor1, 34:Motor2, 35:Motor3, 36:Motor4, 37:Motor5, 38:Motor6, 39:Motor7, 40:Motor8, 51:RCIN1, 52:RCIN2, 53:RCIN3, 54:RCIN4, 55:RCIN5, 56:RCIN6, 57:RCIN7, 58:RCIN8, 59:RCIN9, 60:RCIN10, 61:RCIN11, 62:RCIN12, 63:RCIN13, 64:RCIN14, 65:RCIN15, 66:RCIN16, 73:ThrottleLeft, 74:ThrottleRight, 75:TiltMotorFrontLeft, 76:TiltMotorFrontRight, 81:BoostThrottle, 82:Motor9, 83:Motor10, 84:Motor11, 85:Motor12, 88:Winch, 90:CameraISO, 91:CameraAperture, 92:CameraFocus, 93:CameraShutterSpeed, 94:Script1, 95:Script2, 96:Script3, 97:Script4, 98:Script5, 99:Script6, 100:Script7, 101:Script8, 102:Script9, 103:Script10, 104:Script11, 105:Script12, 106:Script13, 107:Script14, 108:Script15, 109:Script16, 120:NeoPixel1, 121:NeoPixel2, 122:NeoPixel3, 123:NeoPixel4, 124:RateRoll, 125:RatePitch, 126:RateThrust, 127:RateYaw, 129:ProfiLED1, 130:ProfiLED2, 131:ProfiLED3, 132:ProfiLEDClock, 133:Winch Clutch, 134:SERVOn_MIN, 135:SERVOn_TRIM, 136:SERVOn_MAX, 138:Alarm, 139:Alarm Inverted, 140:RCIN1Scaled, 141:RCIN2Scaled, 142:RCIN3Scaled, 143:RCIN4Scaled, 144:RCIN5Scaled, 145:RCIN6Scaled, 146:RCIN7Scaled, 147:RCIN8Scaled, 148:RCIN9Scaled, 149:RCIN10Scaled, 150:RCIN11Scaled, 151:RCIN12Scaled, 152:RCIN13Scaled, 153:RCIN14Scaled, 154:RCIN15Scaled, 155:RCIN16Scaled",,,,Standard,True,,apm.pdef.json
SERVO15_MAX,SERVO,1900,True,False,,,Maximum PWM,"maximum PWM pulse width in microseconds. Typically 1000 is lower limit, 1500 is neutral and 2000 is upper limit.",PWM,,,800,2200,Standard,,,apm.pdef.json
SERVO15_MIN,SERVO,1100,True,False,,,Minimum PWM,"minimum PWM pulse width in microseconds. Typically 1000 is lower limit, 1500 is neutral and 2000 is upper limit.",PWM,,,800,2200,Standard,,,apm.pdef.json
SERVO15_REVERSED,SERVO,0,True,False,,,Servo reverse,Reverse servo operation. Set to 0 for normal operation. Set to 1 to reverse this output channel.,,"0:Normal, 1:Reversed",,,,Standard,,,apm.pdef.json
SERVO15_TRIM,SERVO,1500,True,False,,,Trim PWM,"Trim PWM pulse width in microseconds. Typically 1000 is lower limit, 1500 is neutral and 2000 is upper limit.",PWM,,,800,2200,Standard,,,apm.pdef.json
SERVO16_FUNCTION,SERVO,0,True,False,,,Servo output function,Function assigned to this servo. Setting this to Disabled(0) will setup this output for control by auto missions or MAVLink servo set commands. any other value will enable the corresponding function,,"-1:GPIO, 0:Disabled, 1:RCPassThru, 6:Mount1Yaw, 7:Mount1Pitch, 8:Mount1Roll, 9:Mount1Retract, 10:CameraTrigger, 12:Mount2Yaw, 13:Mount2Pitch, 14:Mount2Roll, 15:Mount2Retract, 22:SprayerPump, 23:SprayerSpinner, 27:Parachute, 28:Gripper, 29:LandingGear, 30:EngineRunEnable, 31:HeliRSC, 32:HeliTailRSC, 33:Motor1, 34:Motor2, 35:Motor3, 36:Motor4, 37:Motor5, 38:Motor6, 39:Motor7, 40:Motor8, 51:RCIN1, 52:RCIN2, 53:RCIN3, 54:RCIN4, 55:RCIN5, 56:RCIN6, 57:RCIN7, 58:RCIN8, 59:RCIN9, 60:RCIN10, 61:RCIN11, 62:RCIN12, 63:RCIN13, 64:RCIN14, 65:RCIN15, 66:RCIN16, 73:ThrottleLeft, 74:ThrottleRight, 75:TiltMotorFrontLeft, 76:TiltMotorFrontRight, 81:BoostThrottle, 82:Motor9, 83:Motor10, 84:Motor11, 85:Motor12, 88:Winch, 90:CameraISO, 91:CameraAperture, 92:CameraFocus, 93:CameraShutterSpeed, 94:Script1, 95:Script2, 96:Script3, 97:Script4, 98:Script5, 99:Script6, 100:Script7, 101:Script8, 102:Script9, 103:Script10, 104:Script11, 105:Script12, 106:Script13, 107:Script14, 108:Script15, 109:Script16, 120:NeoPixel1, 121:NeoPixel2, 122:NeoPixel3, 123:NeoPixel4, 124:RateRoll, 125:RatePitch, 126:RateThrust, 127:RateYaw, 129:ProfiLED1, 130:ProfiLED2, 131:ProfiLED3, 132:ProfiLEDClock, 133:Winch Clutch, 134:SERVOn_MIN, 135:SERVOn_TRIM, 136:SERVOn_MAX, 138:Alarm, 139:Alarm Inverted, 140:RCIN1Scaled, 141:RCIN2Scaled, 142:RCIN3Scaled, 143:RCIN4Scaled, 144:RCIN5Scaled, 145:RCIN6Scaled, 146:RCIN7Scaled, 147:RCIN8Scaled, 148:RCIN9Scaled, 149:RCIN10Scaled, 150:RCIN11Scaled, 151:RCIN12Scaled, 152:RCIN13Scaled, 153:RCIN14Scaled, 154:RCIN15Scaled, 155:RCIN16Scaled",,,,Standard,True,,apm.pdef.json
SERVO16_MAX,SERVO,1900,True,False,,,Maximum PWM,"maximum PWM pulse width in microseconds. Typically 1000 is lower limit, 1500 is neutral and 2000 is upper limit.",PWM,,,800,2200,Standard,,,apm.pdef.json
SERVO16_MIN,SERVO,1100,True,False,,,Minimum PWM,"minimum PWM pulse width in microseconds. Typically 1000 is lower limit, 1500 is neutral and 2000 is upper limit.",PWM,,,800,2200,Standard,,,apm.pdef.json
SERVO16_REVERSED,SERVO,0,True,False,,,Servo reverse,Reverse servo operation. Set to 0 for normal operation. Set to 1 to reverse this output channel.,,"0:Normal, 1:Reversed",,,,Standard,,,apm.pdef.json
SERVO16_TRIM,SERVO,1500,True,False,,,Trim PWM,"Trim PWM pulse width in microseconds. Typically 1000 is lower limit, 1500 is neutral and 2000 is upper limit.",PWM,,,800,2200,Standard,,,apm.pdef.json
SERVO1_FUNCTION,SERVO,33,True,False,,,Servo output function,Function assigned to this servo. Setting this to Disabled(0) will setup this output for control by auto missions or MAVLink servo set commands. any other value will enable the corresponding function,,"-1:GPIO, 0:Disabled, 1:RCPassThru, 6:Mount1Yaw, 7:Mount1Pitch, 8:Mount1Roll, 9:Mount1Retract, 10:CameraTrigger, 12:Mount2Yaw, 13:Mount2Pitch, 14:Mount2Roll, 15:Mount2Retract, 22:SprayerPump, 23:SprayerSpinner, 27:Parachute, 28:Gripper, 29:LandingGear, 30:EngineRunEnable, 31:HeliRSC, 32:HeliTailRSC, 33:Motor1, 34:Motor2, 35:Motor3, 36:Motor4, 37:Motor5, 38:Motor6, 39:Motor7, 40:Motor8, 51:RCIN1, 52:RCIN2, 53:RCIN3, 54:RCIN4, 55:RCIN5, 56:RCIN6, 57:RCIN7, 58:RCIN8, 59:RCIN9, 60:RCIN10, 61:RCIN11, 62:RCIN12, 63:RCIN13, 64:RCIN14, 65:RCIN15, 66:RCIN16, 73:ThrottleLeft, 74:ThrottleRight, 75:TiltMotorFrontLeft, 76:TiltMotorFrontRight, 81:BoostThrottle, 82:Motor9, 83:Motor10, 84:Motor11, 85:Motor12, 88:Winch, 90:CameraISO, 91:CameraAperture, 92:CameraFocus, 93:CameraShutterSpeed, 94:Script1, 95:Script2, 96:Script3, 97:Script4, 98:Script5, 99:Script6, 100:Script7, 101:Script8, 102:Script9, 103:Script10, 104:Script11, 105:Script12, 106:Script13, 107:Script14, 108:Script15, 109:Script16, 120:NeoPixel1, 121:NeoPixel2, 122:NeoPixel3, 123:NeoPixel4, 124:RateRoll, 125:RatePitch, 126:RateThrust, 127:RateYaw, 129:ProfiLED1, 130:ProfiLED2, 131:ProfiLED3, 132:ProfiLEDClock, 133:Winch Clutch, 134:SERVOn_MIN, 135:SERVOn_TRIM, 136:SERVOn_MAX, 138:Alarm, 139:Alarm Inverted, 140:RCIN1Scaled, 141:RCIN2Scaled, 142:RCIN3Scaled, 143:RCIN4Scaled, 144:RCIN5Scaled, 145:RCIN6Scaled, 146:RCIN7Scaled, 147:RCIN8Scaled, 148:RCIN9Scaled, 149:RCIN10Scaled, 150:RCIN11Scaled, 151:RCIN12Scaled, 152:RCIN13Scaled, 153:RCIN14Scaled, 154:RCIN15Scaled, 155:RCIN16Scaled",,,,Standard,True,,apm.pdef.json
SERVO1_MAX,SERVO,1900,True,False,,,Maximum PWM,"maximum PWM pulse width in microseconds. Typically 1000 is lower limit, 1500 is neutral and 2000 is upper limit.",PWM,,,800,2200,Standard,,,apm.pdef.json
SERVO1_MIN,SERVO,1100,True,False,,,Minimum PWM,"minimum PWM pulse width in microseconds. Typically 1000 is lower limit, 1500 is neutral and 2000 is upper limit.",PWM,,,800,2200,Standard,,,apm.pdef.json
SERVO1_REVERSED,SERVO,0,True,False,,,Servo reverse,Reverse servo operation. Set to 0 for normal operation. Set to 1 to reverse this output channel.,,"0:Normal, 1:Reversed",,,,Standard,,,apm.pdef.json
SERVO1_TRIM,SERVO,1500,True,False,,,Trim PWM,"Trim PWM pulse width in microseconds. Typically 1000 is lower limit, 1500 is neutral and 2000 is upper limit.",PWM,,,800,2200,Standard,,,apm.pdef.json
SERVO2_FUNCTION,SERVO,34,True,False,,,Servo output function,Function assigned to this servo. Setting this to Disabled(0) will setup this output for control by auto missions or MAVLink servo set commands. any other value will enable the corresponding function,,"-1:GPIO, 0:Disabled, 1:RCPassThru, 6:Mount1Yaw, 7:Mount1Pitch, 8:Mount1Roll, 9:Mount1Retract, 10:CameraTrigger, 12:Mount2Yaw, 13:Mount2Pitch, 14:Mount2Roll, 15:Mount2Retract, 22:SprayerPump, 23:SprayerSpinner, 27:Parachute, 28:Gripper, 29:LandingGear, 30:EngineRunEnable, 31:HeliRSC, 32:HeliTailRSC, 33:Motor1, 34:Motor2, 35:Motor3, 36:Motor4, 37:Motor5, 38:Motor6, 39:Motor7, 40:Motor8, 51:RCIN1, 52:RCIN2, 53:RCIN3, 54:RCIN4, 55:RCIN5, 56:RCIN6, 57:RCIN7, 58:RCIN8, 59:RCIN9, 60:RCIN10, 61:RCIN11, 62:RCIN12, 63:RCIN13, 64:RCIN14, 65:RCIN15, 66:RCIN16, 73:ThrottleLeft, 74:ThrottleRight, 75:TiltMotorFrontLeft, 76:TiltMotorFrontRight, 81:BoostThrottle, 82:Motor9, 83:Motor10, 84:Motor11, 85:Motor12, 88:Winch, 90:CameraISO, 91:CameraAperture, 92:CameraFocus, 93:CameraShutterSpeed, 94:Script1, 95:Script2, 96:Script3, 97:Script4, 98:Script5, 99:Script6, 100:Script7, 101:Script8, 102:Script9, 103:Script10, 104:Script11, 105:Script12, 106:Script13, 107:Script14, 108:Script15, 109:Script16, 120:NeoPixel1, 121:NeoPixel2, 122:NeoPixel3, 123:NeoPixel4, 124:RateRoll, 125:RatePitch, 126:RateThrust, 127:RateYaw, 129:ProfiLED1, 130:ProfiLED2, 131:ProfiLED3, 132:ProfiLEDClock, 133:Winch Clutch, 134:SERVOn_MIN, 135:SERVOn_TRIM, 136:SERVOn_MAX, 138:Alarm, 139:Alarm Inverted, 140:RCIN1Scaled, 141:RCIN2Scaled, 142:RCIN3Scaled, 143:RCIN4Scaled, 144:RCIN5Scaled, 145:RCIN6Scaled, 146:RCIN7Scaled, 147:RCIN8Scaled, 148:RCIN9Scaled, 149:RCIN10Scaled, 150:RCIN11Scaled, 151:RCIN12Scaled, 152:RCIN13Scaled, 153:RCIN14Scaled, 154:RCIN15Scaled, 155:RCIN16Scaled",,,,Standard,True,,apm.pdef.json
SERVO2_MAX,SERVO,1900,True,False,,,Maximum PWM,"maximum PWM pulse width in microseconds. Typically 1000 is lower limit, 1500 is neutral and 2000 is upper limit.",PWM,,,800,2200,Standard,,,apm.pdef.json
SERVO2_MIN,SERVO,1100,True,False,,,Minimum PWM,"minimum PWM pulse width in microseconds. Typically 1000 is lower limit, 1500 is neutral and 2000 is upper limit.",PWM,,,800,2200,Standard,,,apm.pdef.json
SERVO2_REVERSED,SERVO,0,True,False,,,Servo reverse,Reverse servo operation. Set to 0 for normal operation. Set to 1 to reverse this output channel.,,"0:Normal, 1:Reversed",,,,Standard,,,apm.pdef.json
SERVO2_TRIM,SERVO,1500,True,False,,,Trim PWM,"Trim PWM pulse width in microseconds. Typically 1000 is lower limit, 1500 is neutral and 2000 is upper limit.",PWM,,,800,2200,Standard,,,apm.pdef.json
SERVO3_FUNCTION,SERVO,35,True,False,,,Servo output function,Function assigned to this servo. Setting this to Disabled(0) will setup this output for control by auto missions or MAVLink servo set commands. any other value will enable the corresponding function,,"-1:GPIO, 0:Disabled, 1:RCPassThru, 6:Mount1Yaw, 7:Mount1Pitch, 8:Mount1Roll, 9:Mount1Retract, 10:CameraTrigger, 12:Mount2Yaw, 13:Mount2Pitch, 14:Mount2Roll, 15:Mount2Retract, 22:SprayerPump, 23:SprayerSpinner, 27:Parachute, 28:Gripper, 29:LandingGear, 30:EngineRunEnable, 31:HeliRSC, 32:HeliTailRSC, 33:Motor1, 34:Motor2, 35:Motor3, 36:Motor4, 37:Motor5, 38:Motor6, 39:Motor7, 40:Motor8, 51:RCIN1, 52:RCIN2, 53:RCIN3, 54:RCIN4, 55:RCIN5, 56:RCIN6, 57:RCIN7, 58:RCIN8, 59:RCIN9, 60:RCIN10, 61:RCIN11, 62:RCIN12, 63:RCIN13, 64:RCIN14, 65:RCIN15, 66:RCIN16, 73:ThrottleLeft, 74:ThrottleRight, 75:TiltMotorFrontLeft, 76:TiltMotorFrontRight, 81:BoostThrottle, 82:Motor9, 83:Motor10, 84:Motor11, 85:Motor12, 88:Winch, 90:CameraISO, 91:CameraAperture, 92:CameraFocus, 93:CameraShutterSpeed, 94:Script1, 95:Script2, 96:Script3, 97:Script4, 98:Script5, 99:Script6, 100:Script7, 101:Script8, 102:Script9, 103:Script10, 104:Script11, 105:Script12, 106:Script13, 107:Script14, 108:Script15, 109:Script16, 120:NeoPixel1, 121:NeoPixel2, 122:NeoPixel3, 123:NeoPixel4, 124:RateRoll, 125:RatePitch, 126:RateThrust, 127:RateYaw, 129:ProfiLED1, 130:ProfiLED2, 131:ProfiLED3, 132:ProfiLEDClock, 133:Winch Clutch, 134:SERVOn_MIN, 135:SERVOn_TRIM, 136:SERVOn_MAX, 138:Alarm, 139:Alarm Inverted, 140:RCIN1Scaled, 141:RCIN2Scaled, 142:RCIN3Scaled, 143:RCIN4Scaled, 144:RCIN5Scaled, 145:RCIN6Scaled, 146:RCIN7Scaled, 147:RCIN8Scaled, 148:RCIN9Scaled, 149:RCIN10Scaled, 150:RCIN11Scaled, 151:RCIN12Scaled, 152:RCIN13Scaled, 153:RCIN14Scaled, 154:RCIN15Scaled, 155:RCIN16Scaled",,,,Standard,True,,apm.pdef.json
SERVO3_MAX,SERVO,1900,True,False,,,Maximum PWM,"maximum PWM pulse width in microseconds. Typically 1000 is lower limit, 1500 is neutral and 2000 is upper limit.",PWM,,,800,2200,Standard,,,apm.pdef.json
SERVO3_MIN,SERVO,1100,True,False,,,Minimum PWM,"minimum PWM pulse width in microseconds. Typically 1000 is lower limit, 1500 is neutral and 2000 is upper limit.",PWM,,,800,2200,Standard,,,apm.pdef.json
SERVO3_REVERSED,SERVO,0,True,False,,,Servo reverse,Reverse servo operation. Set to 0 for normal operation. Set to 1 to reverse this output channel.,,"0:Normal, 1:Reversed",,,,Standard,,,apm.pdef.json
SERVO3_TRIM,SERVO,1500,True,False,,,Trim PWM,"Trim PWM pulse width in microseconds. Typically 1000 is lower limit, 1500 is neutral and 2000 is upper limit.",PWM,,,800,2200,Standard,,,apm.pdef.json
SERVO4_FUNCTION,SERVO,36,True,False,,,Servo output function,Function assigned to this servo. Setting this to Disabled(0) will setup this output for control by auto missions or MAVLink servo set commands. any other value will enable the corresponding function,,"-1:GPIO, 0:Disabled, 1:RCPassThru, 6:Mount1Yaw, 7:Mount1Pitch, 8:Mount1Roll, 9:Mount1Retract, 10:CameraTrigger, 12:Mount2Yaw, 13:Mount2Pitch, 14:Mount2Roll, 15:Mount2Retract, 22:SprayerPump, 23:SprayerSpinner, 27:Parachute, 28:Gripper, 29:LandingGear, 30:EngineRunEnable, 31:HeliRSC, 32:HeliTailRSC, 33:Motor1, 34:Motor2, 35:Motor3, 36:Motor4, 37:Motor5, 38:Motor6, 39:Motor7, 40:Motor8, 51:RCIN1, 52:RCIN2, 53:RCIN3, 54:RCIN4, 55:RCIN5, 56:RCIN6, 57:RCIN7, 58:RCIN8, 59:RCIN9, 60:RCIN10, 61:RCIN11, 62:RCIN12, 63:RCIN13, 64:RCIN14, 65:RCIN15, 66:RCIN16, 73:ThrottleLeft, 74:ThrottleRight, 75:TiltMotorFrontLeft, 76:TiltMotorFrontRight, 81:BoostThrottle, 82:Motor9, 83:Motor10, 84:Motor11, 85:Motor12, 88:Winch, 90:CameraISO, 91:CameraAperture, 92:CameraFocus, 93:CameraShutterSpeed, 94:Script1, 95:Script2, 96:Script3, 97:Script4, 98:Script5, 99:Script6, 100:Script7, 101:Script8, 102:Script9, 103:Script10, 104:Script11, 105:Script12, 106:Script13, 107:Script14, 108:Script15, 109:Script16, 120:NeoPixel1, 121:NeoPixel2, 122:NeoPixel3, 123:NeoPixel4, 124:RateRoll, 125:RatePitch, 126:RateThrust, 127:RateYaw, 129:ProfiLED1, 130:ProfiLED2, 131:ProfiLED3, 132:ProfiLEDClock, 133:Winch Clutch, 134:SERVOn_MIN, 135:SERVOn_TRIM, 136:SERVOn_MAX, 138:Alarm, 139:Alarm Inverted, 140:RCIN1Scaled, 141:RCIN2Scaled, 142:RCIN3Scaled, 143:RCIN4Scaled, 144:RCIN5Scaled, 145:RCIN6Scaled, 146:RCIN7Scaled, 147:RCIN8Scaled, 148:RCIN9Scaled, 149:RCIN10Scaled, 150:RCIN11Scaled, 151:RCIN12Scaled, 152:RCIN13Scaled, 153:RCIN14Scaled, 154:RCIN15Scaled, 155:RCIN16Scaled",,,,Standard,True,,apm.pdef.json
SERVO4_MAX,SERVO,1900,True,False,,,Maximum PWM,"maximum PWM pulse width in microseconds. Typically 1000 is lower limit, 1500 is neutral and 2000 is upper limit.",PWM,,,800,2200,Standard,,,apm.pdef.json
SERVO4_MIN,SERVO,1100,True,False,,,Minimum PWM,"minimum PWM pulse width in microseconds. Typically 1000 is lower limit, 1500 is neutral and 2000 is upper limit.",PWM,,,800,2200,Standard,,,apm.pdef.json
SERVO4_REVERSED,SERVO,0,True,False,,,Servo reverse,Reverse servo operation. Set to 0 for normal operation. Set to 1 to reverse this output channel.,,"0:Normal, 1:Reversed",,,,Standard,,,apm.pdef.json
SERVO4_TRIM,SERVO,1500,True,False,,,Trim PWM,"Trim PWM pulse width in microseconds. Typically 1000 is lower limit, 1500 is neutral and 2000 is upper limit.",PWM,,,800,2200,Standard,,,apm.pdef.json
SERVO5_FUNCTION,SERVO,0,True,False,,,Servo output function,Function assigned to this servo. Setting this to Disabled(0) will setup this output for control by auto missions or MAVLink servo set commands. any other value will enable the corresponding function,,"-1:GPIO, 0:Disabled, 1:RCPassThru, 6:Mount1Yaw, 7:Mount1Pitch, 8:Mount1Roll, 9:Mount1Retract, 10:CameraTrigger, 12:Mount2Yaw, 13:Mount2Pitch, 14:Mount2Roll, 15:Mount2Retract, 22:SprayerPump, 23:SprayerSpinner, 27:Parachute, 28:Gripper, 29:LandingGear, 30:EngineRunEnable, 31:HeliRSC, 32:HeliTailRSC, 33:Motor1, 34:Motor2, 35:Motor3, 36:Motor4, 37:Motor5, 38:Motor6, 39:Motor7, 40:Motor8, 51:RCIN1, 52:RCIN2, 53:RCIN3, 54:RCIN4, 55:RCIN5, 56:RCIN6, 57:RCIN7, 58:RCIN8, 59:RCIN9, 60:RCIN10, 61:RCIN11, 62:RCIN12, 63:RCIN13, 64:RCIN14, 65:RCIN15, 66:RCIN16, 73:ThrottleLeft, 74:ThrottleRight, 75:TiltMotorFrontLeft, 76:TiltMotorFrontRight, 81:BoostThrottle, 82:Motor9, 83:Motor10, 84:Motor11, 85:Motor12, 88:Winch, 90:CameraISO, 91:CameraAperture, 92:CameraFocus, 93:CameraShutterSpeed, 94:Script1, 95:Script2, 96:Script3, 97:Script4, 98:Script5, 99:Script6, 100:Script7, 101:Script8, 102:Script9, 103:Script10, 104:Script11, 105:Script12, 106:Script13, 107:Script14, 108:Script15, 109:Script16, 120:NeoPixel1, 121:NeoPixel2, 122:NeoPixel3, 123:NeoPixel4, 124:RateRoll, 125:RatePitch, 126:RateThrust, 127:RateYaw, 129:ProfiLED1, 130:ProfiLED2, 131:ProfiLED3, 132:ProfiLEDClock, 133:Winch Clutch, 134:SERVOn_MIN, 135:SERVOn_TRIM, 136:SERVOn_MAX, 138:Alarm, 139:Alarm Inverted, 140:RCIN1Scaled, 141:RCIN2Scaled, 142:RCIN3Scaled, 143:RCIN4Scaled, 144:RCIN5Scaled, 145:RCIN6Scaled, 146:RCIN7Scaled, 147:RCIN8Scaled, 148:RCIN9Scaled, 149:RCIN10Scaled, 150:RCIN11Scaled, 151:RCIN12Scaled, 152:RCIN13Scaled, 153:RCIN14Scaled, 154:RCIN15Scaled, 155:RCIN16Scaled",,,,Standard,True,,apm.pdef.json
SERVO5_MAX,SERVO,1900,True,False,,,Maximum PWM,"maximum PWM pulse width in microseconds. Typically 1000 is lower limit, 1500 is neutral and 2000 is upper limit.",PWM,,,800,2200,Standard,,,apm.pdef.json
SERVO5_MIN,SERVO,1100,True,False,,,Minimum PWM,"minimum PWM pulse width in microseconds. Typically 1000 is lower limit, 1500 is neutral and 2000 is upper limit.",PWM,,,800,2200,Standard,,,apm.pdef.json
SERVO5_REVERSED,SERVO,0,True,False,,,Servo reverse,Reverse servo operation. Set to 0 for normal operation. Set to 1 to reverse this output channel.,,"0:Normal, 1:Reversed",,,,Standard,,,apm.pdef.json
SERVO5_TRIM,SERVO,1500,True,False,,,Trim PWM,"Trim PWM pulse width in microseconds. Typically 1000 is lower limit, 1500 is neutral and 2000 is upper limit.",PWM,,,800,2200,Standard,,,apm.pdef.json
SERVO6_FUNCTION,SERVO,0,True,False,,,Servo output function,Function assigned to this servo. Setting this to Disabled(0) will setup this output for control by auto missions or MAVLink servo set commands. any other value will enable the corresponding function,,"-1:GPIO, 0:Disabled, 1:RCPassThru, 6:Mount1Yaw, 7:Mount1Pitch, 8:Mount1Roll, 9:Mount1Retract, 10:CameraTrigger, 12:Mount2Yaw, 13:Mount2Pitch, 14:Mount2Roll, 15:Mount2Retract, 22:SprayerPump, 23:SprayerSpinner, 27:Parachute, 28:Gripper, 29:LandingGear, 30:EngineRunEnable, 31:HeliRSC, 32:HeliTailRSC, 33:Motor1, 34:Motor2, 35:Motor3, 36:Motor4, 37:Motor5, 38:Motor6, 39:Motor7, 40:Motor8, 51:RCIN1, 52:RCIN2, 53:RCIN3, 54:RCIN4, 55:RCIN5, 56:RCIN6, 57:RCIN7, 58:RCIN8, 59:RCIN9, 60:RCIN10, 61:RCIN11, 62:RCIN12, 63:RCIN13, 64:RCIN14, 65:RCIN15, 66:RCIN16, 73:ThrottleLeft, 74:ThrottleRight, 75:TiltMotorFrontLeft, 76:TiltMotorFrontRight, 81:BoostThrottle, 82:Motor9, 83:Motor10, 84:Motor11, 85:Motor12, 88:Winch, 90:CameraISO, 91:CameraAperture, 92:CameraFocus, 93:CameraShutterSpeed, 94:Script1, 95:Script2, 96:Script3, 97:Script4, 98:Script5, 99:Script6, 100:Script7, 101:Script8, 102:Script9, 103:Script10, 104:Script11, 105:Script12, 106:Script13, 107:Script14, 108:Script15, 109:Script16, 120:NeoPixel1, 121:NeoPixel2, 122:NeoPixel3, 123:NeoPixel4, 124:RateRoll, 125:RatePitch, 126:RateThrust, 127:RateYaw, 129:ProfiLED1, 130:ProfiLED2, 131:ProfiLED3, 132:ProfiLEDClock, 133:Winch Clutch, 134:SERVOn_MIN, 135:SERVOn_TRIM, 136:SERVOn_MAX, 138:Alarm, 139:Alarm Inverted, 140:RCIN1Scaled, 141:RCIN2Scaled, 142:RCIN3Scaled, 143:RCIN4Scaled, 144:RCIN5Scaled, 145:RCIN6Scaled, 146:RCIN7Scaled, 147:RCIN8Scaled, 148:RCIN9Scaled, 149:RCIN10Scaled, 150:RCIN11Scaled, 151:RCIN12Scaled, 152:RCIN13Scaled, 153:RCIN14Scaled, 154:RCIN15Scaled, 155:RCIN16Scaled",,,,Standard,True,,apm.pdef.json
SERVO6_MAX,SERVO,1900,True,False,,,Maximum PWM,"maximum PWM pulse width in microseconds. Typically 1000 is lower limit, 1500 is neutral and 2000 is upper limit.",PWM,,,800,2200,Standard,,,apm.pdef.json
SERVO6_MIN,SERVO,1100,True,False,,,Minimum PWM,"minimum PWM pulse width in microseconds. Typically 1000 is lower limit, 1500 is neutral and 2000 is upper limit.",PWM,,,800,2200,Standard,,,apm.pdef.json
SERVO6_REVERSED,SERVO,0,True,False,,,Servo reverse,Reverse servo operation. Set to 0 for normal operation. Set to 1 to reverse this output channel.,,"0:Normal, 1:Reversed",,,,Standard,,,apm.pdef.json
SERVO6_TRIM,SERVO,1500,True,False,,,Trim PWM,"Trim PWM pulse width in microseconds. Typically 1000 is lower limit, 1500 is neutral and 2000 is upper limit.",PWM,,,800,2200,Standard,,,apm.pdef.json
SERVO7_FUNCTION,SERVO,0,True,False,,,Servo output function,Function assigned to this servo. Setting this to Disabled(0) will setup this output for control by auto missions or MAVLink servo set commands. any other value will enable the corresponding function,,"-1:GPIO, 0:Disabled, 1:RCPassThru, 6:Mount1Yaw, 7:Mount1Pitch, 8:Mount1Roll, 9:Mount1Retract, 10:CameraTrigger, 12:Mount2Yaw, 13:Mount2Pitch, 14:Mount2Roll, 15:Mount2Retract, 22:SprayerPump, 23:SprayerSpinner, 27:Parachute, 28:Gripper, 29:LandingGear, 30:EngineRunEnable, 31:HeliRSC, 32:HeliTailRSC, 33:Motor1, 34:Motor2, 35:Motor3, 36:Motor4, 37:Motor5, 38:Motor6, 39:Motor7, 40:Motor8, 51:RCIN1, 52:RCIN2, 53:RCIN3, 54:RCIN4, 55:RCIN5, 56:RCIN6, 57:RCIN7, 58:RCIN8, 59:RCIN9, 60:RCIN10, 61:RCIN11, 62:RCIN12, 63:RCIN13, 64:RCIN14, 65:RCIN15, 66:RCIN16, 73:ThrottleLeft, 74:ThrottleRight, 75:TiltMotorFrontLeft, 76:TiltMotorFrontRight, 81:BoostThrottle, 82:Motor9, 83:Motor10, 84:Motor11, 85:Motor12, 88:Winch, 90:CameraISO, 91:CameraAperture, 92:CameraFocus, 93:CameraShutterSpeed, 94:Script1, 95:Script2, 96:Script3, 97:Script4, 98:Script5, 99:Script6, 100:Script7, 101:Script8, 102:Script9, 103:Script10, 104:Script11, 105:Script12, 106:Script13, 107:Script14, 108:Script15, 109:Script16, 120:NeoPixel1, 121:NeoPixel2, 122:NeoPixel3, 123:NeoPixel4, 124:RateRoll, 125:RatePitch, 126:RateThrust, 127:RateYaw, 129:ProfiLED1, 130:ProfiLED2, 131:ProfiLED3, 132:ProfiLEDClock, 133:Winch Clutch, 134:SERVOn_MIN, 135:SERVOn_TRIM, 136:SERVOn_MAX, 138:Alarm, 139:Alarm Inverted, 140:RCIN1Scaled, 141:RCIN2Scaled, 142:RCIN3Scaled, 143:RCIN4Scaled, 144:RCIN5Scaled, 145:RCIN6Scaled, 146:RCIN7Scaled, 147:RCIN8Scaled, 148:RCIN9Scaled, 149:RCIN10Scaled, 150:RCIN11Scaled, 151:RCIN12Scaled, 152:RCIN13Scaled, 153:RCIN14Scaled, 154:RCIN15Scaled, 155:RCIN16Scaled",,,,Standard,True,,apm.pdef.json
SERVO7_MAX,SERVO,1900,True,False,,,Maximum PWM,"maximum PWM pulse width in microseconds. Typically 1000 is lower limit, 1500 is neutral and 2000 is upper limit.",PWM,,,800,2200,Standard,,,apm.pdef.json
SERVO7_MIN,SERVO,1100,True,False,,,Minimum PWM,"minimum PWM pulse width in microseconds. Typically 1000 is lower limit, 1500 is neutral and 2000 is upper limit.",PWM,,,800,2200,Standard,,,apm.pdef.json
SERVO7_REVERSED,SERVO,0,True,False,,,Servo reverse,Reverse servo operation. Set to 0 for normal operation. Set to 1 to reverse this output channel.,,"0:Normal, 1:Reversed",,,,Standard,,,apm.pdef.json
SERVO7_TRIM,SERVO,1500,True,False,,,Trim PWM,"Trim PWM pulse width in microseconds. Typically 1000 is lower limit, 1500 is neutral and 2000 is upper limit.",PWM,,,800,2200,Standard,,,apm.pdef.json
SERVO8_FUNCTION,SERVO,0,True,False,,,Servo output function,Function assigned to this servo. Setting this to Disabled(0) will setup this output for control by auto missions or MAVLink servo set commands. any other value will enable the corresponding function,,"-1:GPIO, 0:Disabled, 1:RCPassThru, 6:Mount1Yaw, 7:Mount1Pitch, 8:Mount1Roll, 9:Mount1Retract, 10:CameraTrigger, 12:Mount2Yaw, 13:Mount2Pitch, 14:Mount2Roll, 15:Mount2Retract, 22:SprayerPump, 23:SprayerSpinner, 27:Parachute, 28:Gripper, 29:LandingGear, 30:EngineRunEnable, 31:HeliRSC, 32:HeliTailRSC, 33:Motor1, 34:Motor2, 35:Motor3, 36:Motor4, 37:Motor5, 38:Motor6, 39:Motor7, 40:Motor8, 51:RCIN1, 52:RCIN2, 53:RCIN3, 54:RCIN4, 55:RCIN5, 56:RCIN6, 57:RCIN7, 58:RCIN8, 59:RCIN9, 60:RCIN10, 61:RCIN11, 62:RCIN12, 63:RCIN13, 64:RCIN14, 65:RCIN15, 66:RCIN16, 73:ThrottleLeft, 74:ThrottleRight, 75:TiltMotorFrontLeft, 76:TiltMotorFrontRight, 81:BoostThrottle, 82:Motor9, 83:Motor10, 84:Motor11, 85:Motor12, 88:Winch, 90:CameraISO, 91:CameraAperture, 92:CameraFocus, 93:CameraShutterSpeed, 94:Script1, 95:Script2, 96:Script3, 97:Script4, 98:Script5, 99:Script6, 100:Script7, 101:Script8, 102:Script9, 103:Script10, 104:Script11, 105:Script12, 106:Script13, 107:Script14, 108:Script15, 109:Script16, 120:NeoPixel1, 121:NeoPixel2, 122:NeoPixel3, 123:NeoPixel4, 124:RateRoll, 125:RatePitch, 126:RateThrust, 127:RateYaw, 129:ProfiLED1, 130:ProfiLED2, 131:ProfiLED3, 132:ProfiLEDClock, 133:Winch Clutch, 134:SERVOn_MIN, 135:SERVOn_TRIM, 136:SERVOn_MAX, 138:Alarm, 139:Alarm Inverted, 140:RCIN1Scaled, 141:RCIN2Scaled, 142:RCIN3Scaled, 143:RCIN4Scaled, 144:RCIN5Scaled, 145:RCIN6Scaled, 146:RCIN7Scaled, 147:RCIN8Scaled, 148:RCIN9Scaled, 149:RCIN10Scaled, 150:RCIN11Scaled, 151:RCIN12Scaled, 152:RCIN13Scaled, 153:RCIN14Scaled, 154:RCIN15Scaled, 155:RCIN16Scaled",,,,Standard,True,,apm.pdef.json
SERVO8_MAX,SERVO,1900,True,False,,,Maximum PWM,"maximum PWM pulse width in microseconds. Typically 1000 is lower limit, 1500 is neutral and 2000 is upper limit.",PWM,,,800,2200,Standard,,,apm.pdef.json
SERVO8_MIN,SERVO,1100,True,False,,,Minimum PWM,"minimum PWM pulse width in microseconds. Typically 1000 is lower limit, 1500 is neutral and 2000 is upper limit.",PWM,,,800,2200,Standard,,,apm.pdef.json
SERVO8_REVERSED,SERVO,0,True,False,,,Servo reverse,Reverse servo operation. Set to 0 for normal operation. Set to 1 to reverse this output channel.,,"0:Normal, 1:Reversed",,,,Standard,,,apm.pdef.json
SERVO8_TRIM,SERVO,1500,True,False,,,Trim PWM,"Trim PWM pulse width in microseconds. Typically 1000 is lower limit, 1500 is neutral and 2000 is upper limit.",PWM,,,800,2200,Standard,,,apm.pdef.json
SERVO9_FUNCTION,SERVO,0,False,True,,,Servo output function,Function assigned to this servo. Setting this to Disabled(0) will setup this output for control by auto missions or MAVLink servo set commands. any other value will enable the corresponding function,,"-1:GPIO, 0:Disabled, 1:RCPassThru, 6:Mount1Yaw, 7:Mount1Pitch, 8:Mount1Roll, 9:Mount1Retract, 10:CameraTrigger, 12:Mount2Yaw, 13:Mount2Pitch, 14:Mount2Roll, 15:Mount2Retract, 22:SprayerPump, 23:SprayerSpinner, 27:Parachute, 28:Gripper, 29:LandingGear, 30:EngineRunEnable, 31:HeliRSC, 32:HeliTailRSC, 33:Motor1, 34:Motor2, 35:Motor3, 36:Motor4, 37:Motor5, 38:Motor6, 39:Motor7, 40:Motor8, 51:RCIN1, 52:RCIN2, 53:RCIN3, 54:RCIN4, 55:RCIN5, 56:RCIN6, 57:RCIN7, 58:RCIN8, 59:RCIN9, 60:RCIN10, 61:RCIN11, 62:RCIN12, 63:RCIN13, 64:RCIN14, 65:RCIN15, 66:RCIN16, 73:ThrottleLeft, 74:ThrottleRight, 75:TiltMotorFrontLeft, 76:TiltMotorFrontRight, 81:BoostThrottle, 82:Motor9, 83:Motor10, 84:Motor11, 85:Motor12, 88:Winch, 90:CameraISO, 91:CameraAperture, 92:CameraFocus, 93:CameraShutterSpeed, 94:Script1, 95:Script2, 96:Script3, 97:Script4, 98:Script5, 99:Script6, 100:Script7, 101:Script8, 102:Script9, 103:Script10, 104:Script11, 105:Script12, 106:Script13, 107:Script14, 108:Script15, 109:Script16, 120:NeoPixel1, 121:NeoPixel2, 122:NeoPixel3, 123:NeoPixel4, 124:RateRoll, 125:RatePitch, 126:RateThrust, 127:RateYaw, 129:ProfiLED1, 130:ProfiLED2, 131:ProfiLED3, 132:ProfiLEDClock, 133:Winch Clutch, 134:SERVOn_MIN, 135:SERVOn_TRIM, 136:SERVOn_MAX, 138:Alarm, 139:Alarm Inverted, 140:RCIN1Scaled, 141:RCIN2Scaled, 142:RCIN3Scaled, 143:RCIN4Scaled, 144:RCIN5Scaled, 145:RCIN6Scaled, 146:RCIN7Scaled, 147:RCIN8Scaled, 148:RCIN9Scaled, 149:RCIN10Scaled, 150:RCIN11Scaled, 151:RCIN12Scaled, 152:RCIN13Scaled, 153:RCIN14Scaled, 154:RCIN15Scaled, 155:RCIN16Scaled",,,,Standard,True,,apm.pdef.json
SERVO9_MAX,SERVO,2100,False,True,,,Maximum PWM,"maximum PWM pulse width in microseconds. Typically 1000 is lower limit, 1500 is neutral and 2000 is upper limit.",PWM,,,800,2200,Standard,,,apm.pdef.json
SERVO9_MIN,SERVO,900,False,True,,,Minimum PWM,"minimum PWM pulse width in microseconds. Typically 1000 is lower limit, 1500 is neutral and 2000 is upper limit.",PWM,,,800,2200,Standard,,,apm.pdef.json
SERVO9_REVERSED,SERVO,0,False,True,,,Servo reverse,Reverse servo operation. Set to 0 for normal operation. Set to 1 to reverse this output channel.,,"0:Normal, 1:Reversed",,,,Standard,,,apm.pdef.json
SERVO9_TRIM,SERVO,1500,False,True,,,Trim PWM,"Trim PWM pulse width in microseconds. Typically 1000 is lower limit, 1500 is neutral and 2000 is upper limit.",PWM,,,800,2200,Standard,,,apm.pdef.json
SERVO_32_ENABLE,SERVO,0,True,False,,,Enable outputs 17 to 31,"This allows for up to 32 outputs, enabling parameters for outputs above 16",,"0:Disabled, 1:Enabled",,,,Advanced,,,apm.pdef.json
SERVO_BLH_3DMASK,SERVO,0,True,False,,,BLHeli bitmask of 3D channels,"Mask of channels which are dynamically reversible. This is used to configure ESCs in '3D' mode, allowing for the motor to spin in either direction. Do not use for channels selected with SERVO_BLH_RVMASK.",,,"0:Channel1, 1:Channel2, 2:Channel3, 3:Channel4, 4:Channel5, 5:Channel6, 6:Channel7, 7:Channel8, 8:Channel9, 9:Channel10, 10:Channel11, 11:Channel12, 12:Channel13, 13:Channel14, 14:Channel15, 15:Channel16, 16:Channel 17, 17:Channel 18, 18:Channel 19, 19:Channel 20, 20:Channel 21, 21:Channel 22, 22:Channel 23, 23:Channel 24, 24:Channel 25, 25:Channel 26, 26:Channel 27, 27:Channel 28, 28:Channel 29, 29:Channel 30, 30:Channel 31, 31:Channel 32",,,Advanced,True,,apm.pdef.json
SERVO_BLH_AUTO,SERVO,0,True,False,,,BLHeli pass-thru auto-enable for multicopter motors,If set to 1 this auto-enables BLHeli pass-thru support for all multicopter motors,,"0:Disabled, 1:Enabled",,,,Standard,True,,apm.pdef.json
SERVO_BLH_DEBUG,SERVO,0,True,False,,,BLHeli debug level,When set to 1 this enabled verbose debugging output over MAVLink when the blheli protocol is active. This can be used to diagnose failures.,,"0:Disabled, 1:Enabled",,,,Standard,,,apm.pdef.json
SERVO_BLH_MASK,SERVO,0,True,False,,,BLHeli Channel Bitmask,Enable of BLHeli pass-thru servo protocol support to specific channels. This mask is in addition to motors enabled using SERVO_BLH_AUTO (if any),,,"0:Channel1, 1:Channel2, 2:Channel3, 3:Channel4, 4:Channel5, 5:Channel6, 6:Channel7, 7:Channel8, 8:Channel9, 9:Channel10, 10:Channel11, 11:Channel12, 12:Channel13, 13:Channel14, 14:Channel15, 15:Channel16, 16:Channel 17, 17:Channel 18, 18:Channel 19, 19:Channel 20, 20:Channel 21, 21:Channel 22, 22:Channel 23, 23:Channel 24, 24:Channel 25, 25:Channel 26, 26:Channel 27, 27:Channel 28, 28:Channel 29, 29:Channel 30, 30:Channel 31, 31:Channel 32",,,Advanced,True,,apm.pdef.json
SERVO_BLH_OTYPE,SERVO,0,True,False,,,BLHeli output type override,When set to a non-zero value this overrides the output type for the output channels given by SERVO_BLH_MASK. This can be used to enable DShot on outputs that are not part of the multicopter motors group.,,"0:None, 1:OneShot, 2:OneShot125, 3:Brushed, 4:DShot150, 5:DShot300, 6:DShot600, 7:DShot1200",,,,Advanced,True,,apm.pdef.json
SERVO_BLH_POLES,SERVO,14,True,False,,,BLHeli Motor Poles,This allows calculation of true RPM from ESC's eRPM. The default is 14.,,,,1,127,Advanced,True,,apm.pdef.json
SERVO_BLH_PORT,SERVO,0,True,False,,,Control port,"This sets the mavlink channel to use for blheli pass-thru. The channel number is determined by the number of serial ports configured to use mavlink. So 0 is always the console, 1 is the next serial port using mavlink, 2 the next after that and so on.",,"0:Console, 1:Mavlink Serial Channel1, 2:Mavlink Serial Channel2, 3:Mavlink Serial Channel3, 4:Mavlink Serial Channel4, 5:Mavlink Serial Channel5",,,,Advanced,,,apm.pdef.json
SERVO_BLH_RVMASK,SERVO,0,True,False,,,BLHeli bitmask of reversed channels,Mask of channels which are reversed. This is used to configure ESCs to reverse motor direction for unidirectional rotation. Do not use for channels selected with SERVO_BLH_3DMASK.,,,"0:Channel1, 1:Channel2, 2:Channel3, 3:Channel4, 4:Channel5, 5:Channel6, 6:Channel7, 7:Channel8, 8:Channel9, 9:Channel10, 10:Channel11, 11:Channel12, 12:Channel13, 13:Channel14, 14:Channel15, 15:Channel16, 16:Channel 17, 17:Channel 18, 18:Channel 19, 19:Channel 20, 20:Channel 21, 21:Channel 22, 22:Channel 23, 23:Channel 24, 24:Channel 25, 25:Channel 26, 26:Channel 27, 27:Channel 28, 28:Channel 29, 29:Channel 30, 30:Channel 31, 31:Channel 32",,,Advanced,True,,apm.pdef.json
SERVO_BLH_TEST,SERVO,0,True,False,,,BLHeli internal interface test,Setting SERVO_BLH_TEST to a motor number enables an internal test of the BLHeli ESC protocol to the corresponding ESC. The debug output is displayed on the USB console.,,"0:Disabled, 1:TestMotor1, 2:TestMotor2, 3:TestMotor3, 4:TestMotor4, 5:TestMotor5, 6:TestMotor6, 7:TestMotor7, 8:TestMotor8",,,,Advanced,,,apm.pdef.json
SERVO_BLH_TMOUT,SERVO,0,True,False,,,BLHeli protocol timeout,This sets the inactivity timeout for the BLHeli protocol in seconds. If no packets are received in this time normal MAVLink operations are resumed. A value of 0 means no timeout,s,,,0,300,Standard,,,apm.pdef.json
SERVO_BLH_TRATE,SERVO,10,True,False,,,BLHeli telemetry rate,This sets the rate in Hz for requesting telemetry from ESCs. It is the rate per ESC. Setting to zero disables telemetry requests,Hz,,,0,500,Standard,,,apm.pdef.json
SERVO_DSHOT_ESC,SERVO,0,True,False,,,Servo DShot ESC type,DShot ESC type for all outputs. The ESC type affects the range of DShot commands available and the bit widths used. None means that no dshot commands will be executed. Some ESC types support Extended DShot Telemetry (EDT) which allows telemetry other than RPM data to be returned when using bi-directional dshot. If you enable EDT you must install EDT capable firmware for correct operation.,,"0:None, 1:BLHeli32/Kiss/AM32, 2:BLHeli_S/BlueJay, 3:BLHeli32/AM32/Kiss+EDT, 4:BLHeli_S/BlueJay+EDT",,,,Advanced,,,apm.pdef.json
SERVO_DSHOT_RATE,SERVO,0,True,False,,,Servo DShot output rate,DShot output rate for all outputs as a multiple of the loop rate. 0 sets the output rate to be fixed at 1Khz for low loop rates. This value should never be set below 500Hz.,,"0:1Khz, 1:loop-rate, 2:double loop-rate, 3:triple loop-rate, 4:quadruple loop rate",,,,Advanced,,,apm.pdef.json
SERVO_FTW_MASK,SERVO,0,True,False,,,Servo channel output bitmask,Servo channel mask specifying FETtec ESC output.,,,"0:SERVO1, 1:SERVO2, 2:SERVO3, 3:SERVO4, 4:SERVO5, 5:SERVO6, 6:SERVO7, 7:SERVO8, 8:SERVO9, 9:SERVO10, 10:SERVO11, 11:SERVO12",,,Standard,True,,apm.pdef.json
SERVO_FTW_POLES,SERVO,14,True,False,,,Nr. electrical poles,Number of motor electrical poles,,,,2,50,Standard,,,apm.pdef.json
SERVO_FTW_RVMASK,SERVO,0,True,False,,,Servo channel reverse rotation bitmask,Servo channel mask to reverse rotation of FETtec ESC outputs.,,,"0:SERVO1, 1:SERVO2, 2:SERVO3, 3:SERVO4, 4:SERVO5, 5:SERVO6, 6:SERVO7, 7:SERVO8, 8:SERVO9, 9:SERVO10, 10:SERVO11, 11:SERVO12",,,Standard,,,apm.pdef.json
SERVO_GPIO_MASK,SERVO,0,True,False,,,Servo GPIO mask,Bitmask of outputs which will be available as GPIOs. Any output with either the function set to -1 or with the corresponding bit set in this mask will be available for use as a GPIO pin,,,"0:Servo 1, 1:Servo 2, 2:Servo 3, 3:Servo 4, 4:Servo 5, 5:Servo 6, 6:Servo 7, 7:Servo 8, 8:Servo 9, 9:Servo 10, 10:Servo 11, 11:Servo 12, 12:Servo 13, 13:Servo 14, 14:Servo 15, 15:Servo 16, 16:Servo 17, 17:Servo 18, 18:Servo 19, 19:Servo 20, 20:Servo 21, 21:Servo 22, 22:Servo 23, 23:Servo 24, 24:Servo 25, 25:Servo 26, 26:Servo 27, 27:Servo 28, 28:Servo 29, 29:Servo 30, 30:Servo 31, 31:Servo 32",,,Advanced,True,,apm.pdef.json
SERVO_RATE,SERVO,50,True,False,,,Servo default output rate,Default output rate in Hz for all PWM outputs.,Hz,,,25,400,Advanced,,,apm.pdef.json
SERVO_RC_FS_MSK,SERVO,0,True,False,,,Servo RC Failsafe Mask,Bitmask of scaled passthru output channels which will be set to their trim value during rc failsafe instead of holding their last position before failsafe.,,,"0:RCIN1Scaled, 1:RCIN2Scaled, 2:RCIN3Scaled, 3:RCIN4Scaled, 4:RCIN5Scaled, 5:RCIN6Scaled, 6:RCIN7Scaled, 7:RCIN8Scaled, 8:RCIN9Scaled, 9:RCIN10Scaled, 10:RCIN11Scaled, 11:SRCIN12Scaled, 12:RCIN13Scaled, 13:RCIN14Scaled, 14:RCIN15Scaled, 15:RCIN16Scaled",,,Advanced,,,apm.pdef.json
SERVO_ROB_POSMAX,SERVO,4095,True,False,,,Robotis servo position max,"Position maximum at servo max value. This should be within the position control range of the servos, normally 0 to 4095",,,,0,4095,Standard,,,apm.pdef.json
SERVO_ROB_POSMIN,SERVO,0,True,False,,,Robotis servo position min,"Position minimum at servo min value. This should be within the position control range of the servos, normally 0 to 4095",,,,0,4095,Standard,,,apm.pdef.json
SERVO_SBUS_RATE,SERVO,50,True,False,,,SBUS default output rate,This sets the SBUS output frame rate in Hz.,Hz,,,25,250,Advanced,,,apm.pdef.json
SERVO_VOLZ_MASK,SERVO,0,True,False,,,Channel Bitmask,Enable of volz servo protocol to specific channels,,,"0:Channel1, 1:Channel2, 2:Channel3, 3:Channel4, 4:Channel5, 5:Channel6, 6:Channel7, 7:Channel8, 8:Channel9, 9:Channel10, 10:Channel11, 11:Channel12, 12:Channel13, 13:Channel14, 14:Channel15, 15:Channel16, 16:Channel17, 17:Channel18, 18:Channel19, 19:Channel20, 20:Channel21, 21:Channel22, 22:Channel23, 23:Channel24, 24:Channel25, 25:Channel26, 26:Channel27, 28:Channel29, 29:Channel30, 30:Channel31, 31:Channel32",,,Standard,,,apm.pdef.json
SERVO_VOLZ_RANGE,SERVO,200,True,False,,,Range of travel,"Range to map between 1000 and 2000 PWM. Default value of 200 gives full +-100 deg range of extended position command. This results in 0.2 deg movement per US change in PWM. If the full range is not needed it can be reduced to increase resolution. 40 deg range gives 0.04 deg movement per US change in PWM, this is higher resolution than possible with the VOLZ protocol so further reduction in range will not improve resolution. Reduced range does allow PWMs outside the 1000 to 2000 range, with 40 deg range 750 PWM results in a angle of -30 deg, 2250 would be +30 deg. This is still limited by the 200 deg maximum range of the actuator.",deg,,,,,,,,apm.pdef.json
SIMPLE,SIMPLE,0,True,True,,,Simple mode bitmask,Bitmask which holds which flight modes use simple heading mode (eg bit 0 = 1 means Flight Mode 0 uses simple mode). The bitmask is for flightmode switch positions.,,,"0:SwitchPos1, 1:SwitchPos2, 2:SwitchPos3, 3:SwitchPos4, 4:SwitchPos5, 5:SwitchPos6",,,Advanced,,,apm.pdef.json
SPRAY_ENABLE,SPRAY,0,True,True,,,Sprayer enable/disable,Allows you to enable (1) or disable (0) the sprayer,,"0:Disabled, 1:Enabled",,,,Standard,,,apm.pdef.json
SR0_ADSB,SR,2,False,True,,,ADSB stream rate,MAVLink ADSB stream rate,Hz,,,0,50,Advanced,True,,apm.pdef.json
SR0_EXTRA1,SR,0,False,True,,,Extra data type 1 stream rate,"MAVLink Stream rate of ATTITUDE, SIMSTATE (SIM only), AHRS2 and PID_TUNING",,,,0,50,Advanced,True,,apm.pdef.json
SR0_EXTRA2,SR,0,False,True,,,Extra data type 2 stream rate,MAVLink Stream rate of VFR_HUD,Hz,,,0,50,Advanced,True,,apm.pdef.json
SR0_EXTRA3,SR,0,False,True,,,Extra data type 3 stream rate,"MAVLink Stream rate of AHRS, SYSTEM_TIME, WIND, RANGEFINDER, DISTANCE_SENSOR, TERRAIN_REQUEST, TERRAIN_REPORT, BATTERY_STATUS, GIMBAL_DEVICE_ATTITUDE_STATUS, OPTICAL_FLOW, MAG_CAL_REPORT, MAG_CAL_PROGRESS, EKF_STATUS_REPORT, VIBRATION, RPM, ESC TELEMETRY,GENERATOR_STATUS, and WINCH_STATUS",,,,,,,,,apm.pdef.json
SR0_EXT_STAT,SR,0,False,True,,,Extended status stream rate,"MAVLink Stream rate of SYS_STATUS, POWER_STATUS, MCU_STATUS, MEMINFO, CURRENT_WAYPOINT, GPS_RAW_INT, GPS_RTK (if available), GPS2_RAW_INT (if available), GPS2_RTK (if available), NAV_CONTROLLER_OUTPUT, FENCE_STATUS, and GLOBAL_TARGET_POS_INT",Hz,,,0,50,Advanced,True,,apm.pdef.json
SR0_PARAMS,SR,0,False,True,,,Parameter stream rate,MAVLink Stream rate of PARAM_VALUE,Hz,,,0,50,Advanced,True,,apm.pdef.json
SR0_POSITION,SR,0,False,True,,,Position stream rate,MAVLink Stream rate of GLOBAL_POSITION_INT and LOCAL_POSITION_NED,Hz,,,0,50,Advanced,True,,apm.pdef.json
SR0_RAW_CTRL,SR,0,False,True,,,Unused,Unused,Hz,,,0,50,Advanced,True,,apm.pdef.json
SR0_RAW_SENS,SR,0,False,True,,,Raw sensor stream rate,"MAVLink Stream rate of RAW_IMU, SCALED_IMU2, SCALED_IMU3, SCALED_PRESSURE, SCALED_PRESSURE2, SCALED_PRESSURE3 and AIRSPEED",Hz,,,0,50,Advanced,True,,apm.pdef.json
SR0_RC_CHAN,SR,0,False,True,,,RC Channel stream rate,MAVLink Stream rate of SERVO_OUTPUT_RAW and RC_CHANNELS,Hz,,,0,50,Advanced,True,,apm.pdef.json
SR1_ADSB,SR,0,False,True,,,ADSB stream rate,MAVLink ADSB stream rate,Hz,,,0,50,Advanced,True,,apm.pdef.json
SR1_EXTRA1,SR,4,False,True,,,Extra data type 1 stream rate,"MAVLink Stream rate of ATTITUDE, SIMSTATE (SIM only), AHRS2 and PID_TUNING",,,,0,50,Advanced,True,,apm.pdef.json
SR1_EXTRA2,SR,4,False,True,,,Extra data type 2 stream rate,MAVLink Stream rate of VFR_HUD,Hz,,,0,50,Advanced,True,,apm.pdef.json
SR1_EXTRA3,SR,2,False,True,,,Extra data type 3 stream rate,"MAVLink Stream rate of AHRS, SYSTEM_TIME, WIND, RANGEFINDER, DISTANCE_SENSOR, TERRAIN_REQUEST, TERRAIN_REPORT, BATTERY_STATUS, GIMBAL_DEVICE_ATTITUDE_STATUS, OPTICAL_FLOW, MAG_CAL_REPORT, MAG_CAL_PROGRESS, EKF_STATUS_REPORT, VIBRATION, RPM, ESC TELEMETRY,GENERATOR_STATUS, and WINCH_STATUS",,,,,,,,,apm.pdef.json
SR1_EXT_STAT,SR,2,False,True,,,Extended status stream rate,"MAVLink Stream rate of SYS_STATUS, POWER_STATUS, MCU_STATUS, MEMINFO, CURRENT_WAYPOINT, GPS_RAW_INT, GPS_RTK (if available), GPS2_RAW_INT (if available), GPS2_RTK (if available), NAV_CONTROLLER_OUTPUT, FENCE_STATUS, and GLOBAL_TARGET_POS_INT",Hz,,,0,50,Advanced,True,,apm.pdef.json
SR1_PARAMS,SR,0,False,True,,,Parameter stream rate,MAVLink Stream rate of PARAM_VALUE,Hz,,,0,50,Advanced,True,,apm.pdef.json
SR1_POSITION,SR,2,False,True,,,Position stream rate,MAVLink Stream rate of GLOBAL_POSITION_INT and LOCAL_POSITION_NED,Hz,,,0,50,Advanced,True,,apm.pdef.json
SR1_RAW_CTRL,SR,0,False,True,,,Unused,Unused,Hz,,,0,50,Advanced,True,,apm.pdef.json
SR1_RAW_SENS,SR,2,False,True,,,Raw sensor stream rate,"MAVLink Stream rate of RAW_IMU, SCALED_IMU2, SCALED_IMU3, SCALED_PRESSURE, SCALED_PRESSURE2, SCALED_PRESSURE3 and AIRSPEED",Hz,,,0,50,Advanced,True,,apm.pdef.json
SR1_RC_CHAN,SR,2,False,True,,,RC Channel stream rate,MAVLink Stream rate of SERVO_OUTPUT_RAW and RC_CHANNELS,Hz,,,0,50,Advanced,True,,apm.pdef.json
SR2_ADSB,SR,0,False,True,,,ADSB stream rate,MAVLink ADSB stream rate,Hz,,,0,50,Advanced,True,,apm.pdef.json
SR2_EXTRA1,SR,0,False,True,,,Extra data type 1 stream rate,"MAVLink Stream rate of ATTITUDE, SIMSTATE (SIM only), AHRS2 and PID_TUNING",,,,0,50,Advanced,True,,apm.pdef.json
SR2_EXTRA2,SR,0,False,True,,,Extra data type 2 stream rate,MAVLink Stream rate of VFR_HUD,Hz,,,0,50,Advanced,True,,apm.pdef.json
SR2_EXTRA3,SR,0,False,True,,,Extra data type 3 stream rate,"MAVLink Stream rate of AHRS, SYSTEM_TIME, WIND, RANGEFINDER, DISTANCE_SENSOR, TERRAIN_REQUEST, TERRAIN_REPORT, BATTERY_STATUS, GIMBAL_DEVICE_ATTITUDE_STATUS, OPTICAL_FLOW, MAG_CAL_REPORT, MAG_CAL_PROGRESS, EKF_STATUS_REPORT, VIBRATION, RPM, ESC TELEMETRY,GENERATOR_STATUS, and WINCH_STATUS",,,,,,,,,apm.pdef.json
SR2_EXT_STAT,SR,0,False,True,,,Extended status stream rate,"MAVLink Stream rate of SYS_STATUS, POWER_STATUS, MCU_STATUS, MEMINFO, CURRENT_WAYPOINT, GPS_RAW_INT, GPS_RTK (if available), GPS2_RAW_INT (if available), GPS2_RTK (if available), NAV_CONTROLLER_OUTPUT, FENCE_STATUS, and GLOBAL_TARGET_POS_INT",Hz,,,0,50,Advanced,True,,apm.pdef.json
SR2_PARAMS,SR,0,False,True,,,Parameter stream rate,MAVLink Stream rate of PARAM_VALUE,Hz,,,0,50,Advanced,True,,apm.pdef.json
SR2_POSITION,SR,0,False,True,,,Position stream rate,MAVLink Stream rate of GLOBAL_POSITION_INT and LOCAL_POSITION_NED,Hz,,,0,50,Advanced,True,,apm.pdef.json
SR2_RAW_CTRL,SR,0,False,True,,,Unused,Unused,Hz,,,0,50,Advanced,True,,apm.pdef.json
SR2_RAW_SENS,SR,0,False,True,,,Raw sensor stream rate,"MAVLink Stream rate of RAW_IMU, SCALED_IMU2, SCALED_IMU3, SCALED_PRESSURE, SCALED_PRESSURE2, SCALED_PRESSURE3 and AIRSPEED",Hz,,,0,50,Advanced,True,,apm.pdef.json
SR2_RC_CHAN,SR,0,False,True,,,RC Channel stream rate,MAVLink Stream rate of SERVO_OUTPUT_RAW and RC_CHANNELS,Hz,,,0,50,Advanced,True,,apm.pdef.json
SR3_ADSB,SR,0,False,True,,,ADSB stream rate,MAVLink ADSB stream rate,Hz,,,0,50,Advanced,True,,apm.pdef.json
SR3_EXTRA1,SR,0,False,True,,,Extra data type 1 stream rate,"MAVLink Stream rate of ATTITUDE, SIMSTATE (SIM only), AHRS2 and PID_TUNING",,,,0,50,Advanced,True,,apm.pdef.json
SR3_EXTRA2,SR,0,False,True,,,Extra data type 2 stream rate,MAVLink Stream rate of VFR_HUD,Hz,,,0,50,Advanced,True,,apm.pdef.json
SR3_EXTRA3,SR,0,False,True,,,Extra data type 3 stream rate,"MAVLink Stream rate of AHRS, SYSTEM_TIME, WIND, RANGEFINDER, DISTANCE_SENSOR, TERRAIN_REQUEST, TERRAIN_REPORT, BATTERY_STATUS, GIMBAL_DEVICE_ATTITUDE_STATUS, OPTICAL_FLOW, MAG_CAL_REPORT, MAG_CAL_PROGRESS, EKF_STATUS_REPORT, VIBRATION, RPM, ESC TELEMETRY,GENERATOR_STATUS, and WINCH_STATUS",,,,,,,,,apm.pdef.json
SR3_EXT_STAT,SR,0,False,True,,,Extended status stream rate,"MAVLink Stream rate of SYS_STATUS, POWER_STATUS, MCU_STATUS, MEMINFO, CURRENT_WAYPOINT, GPS_RAW_INT, GPS_RTK (if available), GPS2_RAW_INT (if available), GPS2_RTK (if available), NAV_CONTROLLER_OUTPUT, FENCE_STATUS, and GLOBAL_TARGET_POS_INT",Hz,,,0,50,Advanced,True,,apm.pdef.json
SR3_PARAMS,SR,0,False,True,,,Parameter stream rate,MAVLink Stream rate of PARAM_VALUE,Hz,,,0,50,Advanced,True,,apm.pdef.json
SR3_POSITION,SR,0,False,True,,,Position stream rate,MAVLink Stream rate of GLOBAL_POSITION_INT and LOCAL_POSITION_NED,Hz,,,0,50,Advanced,True,,apm.pdef.json
SR3_RAW_CTRL,SR,0,False,True,,,Unused,Unused,Hz,,,0,50,Advanced,True,,apm.pdef.json
SR3_RAW_SENS,SR,0,False,True,,,Raw sensor stream rate,"MAVLink Stream rate of RAW_IMU, SCALED_IMU2, SCALED_IMU3, SCALED_PRESSURE, SCALED_PRESSURE2, SCALED_PRESSURE3 and AIRSPEED",Hz,,,0,50,Advanced,True,,apm.pdef.json
SR3_RC_CHAN,SR,0,False,True,,,RC Channel stream rate,MAVLink Stream rate of SERVO_OUTPUT_RAW and RC_CHANNELS,Hz,,,0,50,Advanced,True,,apm.pdef.json
SR4_ADSB,SR,0,False,True,,,ADSB stream rate,MAVLink ADSB stream rate,Hz,,,0,50,Advanced,True,,apm.pdef.json
SR4_EXTRA1,SR,4,False,True,,,Extra data type 1 stream rate,"MAVLink Stream rate of ATTITUDE, SIMSTATE (SIM only), AHRS2 and PID_TUNING",,,,0,50,Advanced,True,,apm.pdef.json
SR4_EXTRA2,SR,4,False,True,,,Extra data type 2 stream rate,MAVLink Stream rate of VFR_HUD,Hz,,,0,50,Advanced,True,,apm.pdef.json
SR4_EXTRA3,SR,2,False,True,,,Extra data type 3 stream rate,"MAVLink Stream rate of AHRS, SYSTEM_TIME, WIND, RANGEFINDER, DISTANCE_SENSOR, TERRAIN_REQUEST, TERRAIN_REPORT, BATTERY_STATUS, GIMBAL_DEVICE_ATTITUDE_STATUS, OPTICAL_FLOW, MAG_CAL_REPORT, MAG_CAL_PROGRESS, EKF_STATUS_REPORT, VIBRATION, RPM, ESC TELEMETRY,GENERATOR_STATUS, and WINCH_STATUS",,,,,,,,,apm.pdef.json
SR4_EXT_STAT,SR,2,False,True,,,Extended status stream rate,"MAVLink Stream rate of SYS_STATUS, POWER_STATUS, MCU_STATUS, MEMINFO, CURRENT_WAYPOINT, GPS_RAW_INT, GPS_RTK (if available), GPS2_RAW_INT (if available), GPS2_RTK (if available), NAV_CONTROLLER_OUTPUT, FENCE_STATUS, and GLOBAL_TARGET_POS_INT",Hz,,,0,50,Advanced,True,,apm.pdef.json
SR4_PARAMS,SR,0,False,True,,,Parameter stream rate,MAVLink Stream rate of PARAM_VALUE,Hz,,,0,50,Advanced,True,,apm.pdef.json
SR4_POSITION,SR,2,False,True,,,Position stream rate,MAVLink Stream rate of GLOBAL_POSITION_INT and LOCAL_POSITION_NED,Hz,,,0,50,Advanced,True,,apm.pdef.json
SR4_RAW_CTRL,SR,0,False,True,,,Unused,Unused,Hz,,,0,50,Advanced,True,,apm.pdef.json
SR4_RAW_SENS,SR,0,False,True,,,Raw sensor stream rate,"MAVLink Stream rate of RAW_IMU, SCALED_IMU2, SCALED_IMU3, SCALED_PRESSURE, SCALED_PRESSURE2, SCALED_PRESSURE3 and AIRSPEED",Hz,,,0,50,Advanced,True,,apm.pdef.json
SR4_RC_CHAN,SR,0,False,True,,,RC Channel stream rate,MAVLink Stream rate of SERVO_OUTPUT_RAW and RC_CHANNELS,Hz,,,0,50,Advanced,True,,apm.pdef.json
SR5_ADSB,SR,0,True,True,,,ADSB stream rate,MAVLink ADSB stream rate,Hz,,,0,50,Advanced,True,,apm.pdef.json
SR5_EXTRA1,SR,0,True,True,,,Extra data type 1 stream rate,"MAVLink Stream rate of ATTITUDE, SIMSTATE (SIM only), AHRS2 and PID_TUNING",,,,0,50,Advanced,True,,apm.pdef.json
SR5_EXTRA2,SR,0,True,True,,,Extra data type 2 stream rate,MAVLink Stream rate of VFR_HUD,Hz,,,0,50,Advanced,True,,apm.pdef.json
SR5_EXTRA3,SR,0,True,True,,,Extra data type 3 stream rate,"MAVLink Stream rate of AHRS, SYSTEM_TIME, WIND, RANGEFINDER, DISTANCE_SENSOR, TERRAIN_REQUEST, TERRAIN_REPORT, BATTERY_STATUS, GIMBAL_DEVICE_ATTITUDE_STATUS, OPTICAL_FLOW, MAG_CAL_REPORT, MAG_CAL_PROGRESS, EKF_STATUS_REPORT, VIBRATION, RPM, ESC TELEMETRY,GENERATOR_STATUS, and WINCH_STATUS",,,,,,,,,apm.pdef.json
SR5_EXT_STAT,SR,0,True,True,,,Extended status stream rate,"MAVLink Stream rate of SYS_STATUS, POWER_STATUS, MCU_STATUS, MEMINFO, CURRENT_WAYPOINT, GPS_RAW_INT, GPS_RTK (if available), GPS2_RAW_INT (if available), GPS2_RTK (if available), NAV_CONTROLLER_OUTPUT, FENCE_STATUS, and GLOBAL_TARGET_POS_INT",Hz,,,0,50,Advanced,True,,apm.pdef.json
SR5_PARAMS,SR,0,True,True,,,Parameter stream rate,MAVLink Stream rate of PARAM_VALUE,Hz,,,0,50,Advanced,True,,apm.pdef.json
SR5_POSITION,SR,0,True,True,,,Position stream rate,MAVLink Stream rate of GLOBAL_POSITION_INT and LOCAL_POSITION_NED,Hz,,,0,50,Advanced,True,,apm.pdef.json
SR5_RAW_CTRL,SR,0,True,True,,,Unused,Unused,Hz,,,0,50,Advanced,True,,apm.pdef.json
SR5_RAW_SENS,SR,0,True,True,,,Raw sensor stream rate,"MAVLink Stream rate of RAW_IMU, SCALED_IMU2, SCALED_IMU3, SCALED_PRESSURE, SCALED_PRESSURE2, SCALED_PRESSURE3 and AIRSPEED",Hz,,,0,50,Advanced,True,,apm.pdef.json
SR5_RC_CHAN,SR,0,True,True,,,RC Channel stream rate,MAVLink Stream rate of SERVO_OUTPUT_RAW and RC_CHANNELS,Hz,,,0,50,Advanced,True,,apm.pdef.json
SR6_ADSB,SR,0,True,True,,,ADSB stream rate,MAVLink ADSB stream rate,Hz,,,0,50,Advanced,True,,apm.pdef.json
SR6_EXTRA1,SR,0,True,True,,,Extra data type 1 stream rate,"MAVLink Stream rate of ATTITUDE, SIMSTATE (SIM only), AHRS2 and PID_TUNING",,,,0,50,Advanced,True,,apm.pdef.json
SR6_EXTRA2,SR,0,True,True,,,Extra data type 2 stream rate,MAVLink Stream rate of VFR_HUD,Hz,,,0,50,Advanced,True,,apm.pdef.json
SR6_EXTRA3,SR,0,True,True,,,Extra data type 3 stream rate,"MAVLink Stream rate of AHRS, SYSTEM_TIME, WIND, RANGEFINDER, DISTANCE_SENSOR, TERRAIN_REQUEST, TERRAIN_REPORT, BATTERY_STATUS, GIMBAL_DEVICE_ATTITUDE_STATUS, OPTICAL_FLOW, MAG_CAL_REPORT, MAG_CAL_PROGRESS, EKF_STATUS_REPORT, VIBRATION, RPM, ESC TELEMETRY,GENERATOR_STATUS, and WINCH_STATUS",,,,,,,,,apm.pdef.json
SR6_EXT_STAT,SR,0,True,True,,,Extended status stream rate,"MAVLink Stream rate of SYS_STATUS, POWER_STATUS, MCU_STATUS, MEMINFO, CURRENT_WAYPOINT, GPS_RAW_INT, GPS_RTK (if available), GPS2_RAW_INT (if available), GPS2_RTK (if available), NAV_CONTROLLER_OUTPUT, FENCE_STATUS, and GLOBAL_TARGET_POS_INT",Hz,,,0,50,Advanced,True,,apm.pdef.json
SR6_PARAMS,SR,0,True,True,,,Parameter stream rate,MAVLink Stream rate of PARAM_VALUE,Hz,,,0,50,Advanced,True,,apm.pdef.json
SR6_POSITION,SR,0,True,True,,,Position stream rate,MAVLink Stream rate of GLOBAL_POSITION_INT and LOCAL_POSITION_NED,Hz,,,0,50,Advanced,True,,apm.pdef.json
SR6_RAW_CTRL,SR,0,True,True,,,Unused,Unused,Hz,,,0,50,Advanced,True,,apm.pdef.json
SR6_RAW_SENS,SR,0,True,True,,,Raw sensor stream rate,"MAVLink Stream rate of RAW_IMU, SCALED_IMU2, SCALED_IMU3, SCALED_PRESSURE, SCALED_PRESSURE2, SCALED_PRESSURE3 and AIRSPEED",Hz,,,0,50,Advanced,True,,apm.pdef.json
SR6_RC_CHAN,SR,0,True,True,,,RC Channel stream rate,MAVLink Stream rate of SERVO_OUTPUT_RAW and RC_CHANNELS,Hz,,,0,50,Advanced,True,,apm.pdef.json
SRTL_ACCURACY,SRTL,2,False,True,,,SmartRTL accuracy,SmartRTL accuracy. The minimum distance between points.,m,,,0,10,Advanced,,,apm.pdef.json
SRTL_OPTIONS,SRTL,0,False,True,,,SmartRTL options,Bitmask of SmartRTL options.,,,2:Ignore pilot yaw,,,Standard,,,apm.pdef.json
SRTL_POINTS,SRTL,300,False,True,,,SmartRTL maximum number of points on path,SmartRTL maximum number of points on path. Set to 0 to disable SmartRTL. 100 points consumes about 3k of memory.,,,,0,500,Advanced,True,,apm.pdef.json
STAT_BOOTCNT,STAT,,False,True,,,Boot Count,Number of times board has been booted,,,,,,Standard,,NOT SEEDED - runtime-managed; deliberately omitted from defaults.parm so a fresh board does not inherit stale state,apm.pdef.json
STAT_FLTTIME,STAT,,False,True,,,Total FlightTime,Total FlightTime (seconds),s,,,,,Standard,,NOT SEEDED - runtime-managed; deliberately omitted from defaults.parm so a fresh board does not inherit stale state,apm.pdef.json
STAT_RESET,STAT,,False,True,,,Statistics Reset Time,"Seconds since January 1st 2016 (Unix epoch+1451606400) since statistics reset (set to 0 to reset statistics, other set values will be ignored)",s,,,,,Standard,,NOT SEEDED - runtime-managed; deliberately omitted from defaults.parm so a fresh board does not inherit stale state,apm.pdef.json
STAT_RUNTIME,STAT,,False,True,,,Total RunTime,Total time autopilot has run,s,,,,,Standard,,NOT SEEDED - runtime-managed; deliberately omitted from defaults.parm so a fresh board does not inherit stale state,apm.pdef.json
SUPER_SIMPLE,SUPER,0,True,True,,,Super Simple Mode,Bitmask to enable Super Simple mode for some flight modes. Setting this to Disabled(0) will disable Super Simple Mode. The bitmask is for flight mode switch positions,,,"0:SwitchPos1, 1:SwitchPos2, 2:SwitchPos3, 3:SwitchPos4, 4:SwitchPos5, 5:SwitchPos6",,,Standard,,,apm.pdef.json
SURFTRAK_MODE,SURFTRAK,1,False,True,,,Surface Tracking Mode,set which surface to track in surface tracking,,"0:Do not track, 1:Ground, 2:Ceiling",,,,Advanced,True,,apm.pdef.json
SURFTRAK_TC,SURFTRAK,1,False,True,,,Surface Tracking Filter Time Constant,Time to achieve 63.2% of the surface altitude measurement change. If 0 filtering is disabled,s,,,0,5,Advanced,,,apm.pdef.json
SYSID_ENFORCE,SYSID,0,True,True,,,GCS sysid enforcement,This controls whether packets from other than the expected GCS system ID will be accepted,,"0:NotEnforced, 1:Enforced",,,,Advanced,,,apm.pdef.json
SYSID_MYGCS,SYSID,255,True,True,,,My ground station number,Allows restricting radio overrides to only come from my ground station,,,,1,255,Advanced,,,apm.pdef.json
SYSID_THISMAV,SYSID,1,True,True,,,MAVLink system ID of this vehicle,Allows setting an individual MAVLink system id for this vehicle to distinguish it from others on the same network,,,,1,255,Advanced,,,apm.pdef.json
TCAL_ENABLED,TCAL,0,True,True,,,Temperature calibration enable,Enable temperature calibration. Set to 0 to disable. Set to 1 to use learned values. Set to 2 to learn new values and use the values,,"0:Disabled, 1:Enabled, 2:EnableAndLearn",,,,Advanced,,,apm.pdef.json
TELEM_DELAY,TELEM,0,True,True,,,Telemetry startup delay,The amount of time (in seconds) to delay radio telemetry to prevent an Xbee bricking on power up,s,,,0,30,Advanced,,,apm.pdef.json
TERRAIN_CACHE_SZ,TERRAIN,12,False,True,,,Terrain cache size,The number of 32x28 cache blocks to keep in memory. Each block uses about 1800 bytes of memory,,,,0,128,Advanced,,,apm.pdef.json
TERRAIN_ENABLE,TERRAIN,1,False,True,,,Terrain data enable,"enable terrain data. This enables the vehicle storing a database of terrain data on the SD card. The terrain data is requested from the ground station as needed, and stored for later use on the SD card. To be useful the ground station must support TERRAIN_REQUEST messages and have access to a terrain database, such as the SRTM database.",,"0:Disable, 1:Enable",,,,Advanced,,,apm.pdef.json
TERRAIN_MARGIN,TERRAIN,0.05,False,True,,,Acceptance margin,Margin in centi-meters to accept terrain data from the GCS. This can be used to allow older terrain data generated with less accurate latitude/longitude scaling to be used,m,,,0.05,50000,Advanced,,,apm.pdef.json
TERRAIN_OFS_MAX,TERRAIN,30,False,True,,,Terrain reference offset maximum,"The maximum adjustment of terrain altitude based on the assumption that the vehicle is on the ground when it is armed. When the vehicle is armed the location of the vehicle is recorded, and when terrain data is available for that location a height adjustment for terrain data is calculated that aligns the terrain height at that location with the altitude recorded at arming. This height adjustment is applied to all terrain data. This parameter clamps the amount of adjustment. A value of zero disables the use of terrain height adjustment.",m,,,0,50,Advanced,,,apm.pdef.json
TERRAIN_OPTIONS,TERRAIN,0,False,True,,,Terrain options,Options to change behaviour of terrain system,,,0:Disable Download,,,Advanced,,,apm.pdef.json
TERRAIN_SPACING,TERRAIN,100,False,True,,,Terrain grid spacing,"Distance between terrain grid points in meters. This controls the horizontal resolution of the terrain data that is stored on te SD card and requested from the ground station. If your GCS is using the ArduPilot SRTM database like Mission Planner or MAVProxy, then a resolution of 100 meters is appropriate. Grid spacings lower than 100 meters waste SD card space if the GCS cannot provide that resolution. The grid spacing also controls how much data is kept in memory during flight. A larger grid spacing will allow for a larger amount of data in memory. A grid spacing of 100 meters results in the vehicle keeping 12 grid squares in memory with each grid square having a size of 2.7 kilometers by 3.2 kilometers. Any additional grid squares are stored on the SD once they are fetched from the GCS and will be loaded as needed.",m,,,,,Advanced,,,apm.pdef.json
THR_DZ,THR,100,True,True,,,Throttle deadzone,"The deadzone above and below mid throttle in PWM microseconds. Used in AltHold, Loiter, PosHold flight modes",PWM,,,0,300,Standard,,,apm.pdef.json
TKOFF_RPM_MAX,TKOFF,0,True,True,,,Takeoff Check RPM maximum,Takeoff is not permitted until motors report no more than this RPM. Set to zero to disable check,,,,0,10000,Standard,,,apm.pdef.json
TKOFF_RPM_MIN,TKOFF,0,True,True,,,Takeoff Check RPM minimum,Takeoff is not permitted until motors report at least this RPM. Set to zero to disable check,,,,0,10000,Standard,,,apm.pdef.json
TKOFF_SLEW_TIME,TKOFF,3,True,True,,,Slew time of throttle during take-off,Time to slew the throttle from minimum to maximum while checking for a succsessful takeoff.,s,,,0.25,5.0,Standard,,,apm.pdef.json
TKOFF_THR_MAX,TKOFF,0.9,True,True,,,Takeoff maximum throttle during take-off ramp up,Takeoff maximum throttle allowed before controllers assume the aircraft is airborne during the takeoff process.,,,,0.0,0.9,Advanced,,,apm.pdef.json
TUNE,TUNE,0,True,True,,,Channel 6 Tuning,Controls which parameters (normally PID gains) are being tuned with transmitter's channel 6 knob,,"0:None, 1:Stab Roll/Pitch kP, 3:Stab Yaw kP, 4:Rate Roll/Pitch kP, 5:Rate Roll/Pitch kI, 6:Rate Yaw kP, 7:Throttle Rate kP, 10:WP Speed, 12:Loiter Pos kP, 13:Heli Ext Gyro, 14:AltHold kP, 21:Rate Roll/Pitch kD, 22:Velocity XY kP, 25:Acro Roll/Pitch deg/s, 26:Rate Yaw kD, 28:Velocity XY kI, 34:Throttle Accel kP, 35:Throttle Accel kI, 36:Throttle Accel kD, 38:Declination, 39:Circle Rate, 40:Acro Yaw deg/s, 45:RC Feel, 46:Rate Pitch kP, 47:Rate Pitch kI, 48:Rate Pitch kD, 49:Rate Roll kP, 50:Rate Roll kI, 51:Rate Roll kD, 52:Rate Pitch FF, 53:Rate Roll FF, 54:Rate Yaw FF, 55:Motor Yaw Headroom, 56:Rate Yaw Filter, 58:SysID Magnitude, 59:PSC Angle Max",,,,Standard,,,apm.pdef.json
TUNE_MAX,TUNE,0,True,True,,,Tuning maximum,Maximum value that the parameter currently being tuned with the transmitter's channel 6 knob will be set to,,,,,,Standard,,,apm.pdef.json
TUNE_MIN,TUNE,0,True,True,,,Tuning minimum,Minimum value that the parameter currently being tuned with the transmitter's channel 6 knob will be set to,,,,,,Standard,,,apm.pdef.json
VISO_TYPE,VISO,0,True,True,,,Visual odometry camera connection type,Visual odometry camera connection type,,"0:None, 1:MAVLink, 2:IntelT265, 3:VOXL(ModalAI)",,,,Advanced,True,,apm.pdef.json
VTX_ENABLE,VTX,0,True,True,,,Is the Video Transmitter enabled or not,Toggles the Video Transmitter on and off,,"0:Disable, 1:Enable",,,,,,,apm.pdef.json
WINCH_TYPE,WINCH,0,True,True,,,Winch Type,Winch Type,,"0:None, 1:PWM, 2:Daiwa",,,,Standard,,,apm.pdef.json
WPNAV_ACCEL,WPNAV,250,False,True,100,350,Waypoint Acceleration ,Defines the horizontal acceleration in cm/s/s used during missions,cm/s/s,,,50,500,Standard,,,apm.pdef.json
WPNAV_ACCEL_C,WPNAV,220,False,True,100,300,Waypoint Cornering Acceleration,Defines the maximum cornering acceleration in cm/s/s used during missions. If zero uses 2x accel value.,cm/s/s,,,0,500,Standard,,,apm.pdef.json
WPNAV_ACCEL_Z,WPNAV,100,False,True,50,200,Waypoint Vertical Acceleration,Defines the vertical acceleration in cm/s/s used during missions,cm/s/s,,,50,500,Standard,,,apm.pdef.json
WPNAV_JERK,WPNAV,1,False,True,,,Waypoint Jerk,Defines the horizontal jerk in m/s/s used during missions,m/s/s/s,,,1,20,Standard,,,apm.pdef.json
WPNAV_RADIUS,WPNAV,400,False,True,5,1000,Waypoint Radius,"Defines the distance from a waypoint, that when crossed indicates the wp has been hit.",cm,,,5,1000,Standard,,,apm.pdef.json
WPNAV_RFND_USE,WPNAV,0,False,True,,,Waypoint missions use rangefinder for terrain following,This controls if waypoint missions use rangefinder for terrain following,,"0:Disable, 1:Enable",,,,Advanced,,,apm.pdef.json
WPNAV_SPEED,WPNAV,800,False,True,30,1800,Waypoint Horizontal Speed Target,Defines the speed in cm/s which the aircraft will attempt to maintain horizontally during a WP mission,cm/s,,,10,2000,Standard,,,apm.pdef.json
WPNAV_SPEED_DN,WPNAV,150,False,True,30,300,Waypoint Descent Speed Target,Defines the speed in cm/s which the aircraft will attempt to maintain while descending during a WP mission,cm/s,,,10,500,Standard,,,apm.pdef.json
WPNAV_SPEED_UP,WPNAV,200,False,True,30,300,Waypoint Climb Speed Target,Defines the speed in cm/s which the aircraft will attempt to maintain while climbing during a WP mission,cm/s,,,10,1000,Standard,,,apm.pdef.json
WPNAV_TER_MARGIN,WPNAV,10,False,True,,,Waypoint Terrain following altitude margin,Waypoint Terrain following altitude margin. Vehicle will stop if distance from target altitude is larger than this margin (in meters),m,,,0.1,100,Advanced,,,apm.pdef.json
WP_NAVALT_MIN,WP,0,False,True,,,Minimum navigation altitude,This is the altitude in meters above which for navigation can begin. This applies in auto takeoff and auto landing.,,,,0,5,Standard,,,apm.pdef.json
WP_YAW_BEHAVIOR,WP,1,False,True,,,Yaw behaviour during missions,Determines how the autopilot controls the yaw during missions and RTL,,"0:Never change yaw, 1:Face next waypoint, 2:Face next waypoint except RTL, 3:Face along GPS course",,,,Standard,,,apm.pdef.json
WVANE_ENABLE,WVANE,0,True,True,,,Enable,"Enable weather vaning. When active, the aircraft will automatically yaw into wind when in a VTOL position controlled mode. Pilot yaw commands override the weathervaning action.",,"-1:Only use during takeoffs or landing see weathervane takeoff and land override parameters, 0:Disabled, 1:Nose into wind, 2:Nose or tail into wind, 3:Side into wind, 4:tail into wind",,,,Standard,,,apm.pdef.json
