:020000040800F2
:1000000000060020290400082B0400082B04000827
:100010002B0400082B0400082B0400082B04000804
:100020002B0400082B0400082B0400084D9F000837
:100030002B0400082B0400082B0400082B040008E4
:100040002B0400082B0400082B0400082B040008D4
:100050002B0400082B04000835AE000861AE000830
:100060008DAE0008B9AE0008E5AE0008456E000888
:100070006D6E0008996E0008C56E0008F16E0008EC
:10008000196F0008456F00082B0400082B040008B6
:100090002B0400082B0400082B04000811AF0008F3
:1000A0002B0400082B0400082B0400082B04000874
:1000B0002B0400082B0400082B0400082B04000864
:1000C0002B0400082B0400082B0400082B04000854
:1000D0002B0400082B040008FDAF000811B0000835
:1000E00075AF00082B0400082B0400082B0400083F
:1000F0002B0400082B0400082B040008716F000873
:100100002B040008E9AF000839B000082B040008F0
:100110002B0400082B0400082B0400082B04000803
:100120009D6F0008C56F0008F16F00081D70000882
:10013000497000082B0400082B0400082B04000859
:100140002B0400082B0400082B0400082B040008D3
:10015000717000089D700008C97000082B04000829
:100160002B0400082B0400082B0400082B040008B3
:100170002B04000825AB00082B0400082B04000802
:100180002B0400082B04000825B000082B040008ED
:100190002B0400082B0400082B0400082B04000883
:1001A0002B0400082B0400082B0400082B04000873
:1001B0002B0400082B0400082B0400082B04000863
:1001C0002B0400082B0400082B0400082B04000853
:1001D0002B04000811AB00082B0400082B040008B6
:1001E0002B0400082B0400082B0400082B04000833
:1001F0002B0400082B0400082B0400082B04000823
:100200002B0400082B0400082B0400082B04000812
:100210002B0400082B0400082B0400082B04000802
:100220002B0400082B0400082B0400082B040008F2
:100230002B0400082B0400082B0400082B040008E2
:100240002B0400082B0400082B0400082B040008D2
:100250002B0400082B0400082B0400082B040008C2
:100260002B0400082B0400082B0400082B040008B2
:100270002B0400082B0400082B0400082B040008A2
:100280002B0400082B0400082B0400082B04000892
:100290002B0400082B0400082B0400082B04000882
:1002A0002B0400082B0400082B0400082B04000872
:1002B0002B0400082B0400082B0400082B04000862
:1002C0002B0400082B0400082B0400082B04000852
:1002D0002B0400082B0400082B0400082B04000842
:1002E0004ECF4EA5A6B6F7295896DBA5B8CECFFCC3
:1002F0008C0772719EFAB24D4227090759712B641F
:10030000034AA19F695D84F25FC8DD56AC4821496C
:1003100082B8C4A2F08853678D159175B481B45C1E
:10032000CF332D752821A822B27347917F7A17D039
:100330003EFC84A9A4766B7358E33E8DE330D37EF4
:100340008363D3A0A8564A0029A868C1AF83F848A0
:100350005C3CE26D609372E69B4FB459F88FA1E765
:10036000E876A2BED5D673B1000000000000000000
:10037000000000000000000000000000000000007D
:10038000000000000000000000000000000000006D
:10039000000000000000000000000000000000005D
:1003A000000000000000000000000000000000004D
:1003B000000000000000000000000000000000003D
:1003C000000000000000000000000000000000002D
:1003D000000000000000000000000000000000001D
:1003E000000000000000000000000000000000000D
:1003F00000000000000000000000000000000000FD
:1004000000000000000000000000000000000000EC
:1004100000000000000000000000000000000000DC
:10042000000000000000000002E000F000F8FEE71D
:1004300072B6374880F30888364880F30988364812
:100440003649086040F20000CCF200004EF63471EC
:10045000CEF200010860BFF34F8FBFF36F8F40F201
:100460000000C0F2F0004EF68851CEF200010860A4
:10047000BFF34F8FBFF36F8F4FF00000E1EE100A14
:100480004EF63C71CEF200010860062080F314881D
:10049000BFF36F8F09F0BCFD08F0FEFE4FF0553042
:1004A0001F491B4A91423CBF41F8040BFAE71D4922
:1004B000184A91423CBF41F8040BFAE71A491B4A1B
:1004C0001B4B9A423EBF51F8040B42F8040BF8E76D
:1004D00000201849184A91423CBF41F8040BFAE742
:1004E00009F0D4FD08F05EFF144C154DAC4203DA60
:1004F00054F8041B8847F9E700F0C4F9114C124D79
:10050000AC4203DA54F8041B8847F9E709F0BCBD94
:1005100000060020002200200000000808ED00E096
:100520000000002000060020D0CA000800220020A1
:10053000742200207822002034670020E0020008A6
:10054000E0020008E0020008E00200082DE9F04F98
:100550002DED108AC1F80CD0D0F80CD0BDEC108A6B
:10056000BDE8F08F002383F311882846A0470020C0
:1005700008F074FCFEE708F0CDFB00DFFEE70000AA
:1005800053B94AB9002908BF00281CBF4FF0FF31FA
:100590004FF0FF3000F074B9ADF1080C6DE904CEF6
:1005A00000F006F8DDF804E0DDE9022304B070474E
:1005B0002DE9F047089D04468E46002B4DD18A4216
:1005C000944669D9B2FA82F252B101FA02F3C2F149
:1005D000200120FA01F10CFA02FC41EA030E9440DA
:1005E0004FEA1C48210CBEFBF8F61FFA8CF708FBFB
:1005F00016E341EA034306FB07F199420AD91CEBD3
:10060000030306F1FF3080F01F81994240F21C8104
:10061000023E63445B1AA4B2B3FBF8F008FB10334C
:1006200044EA034400FB07F7A7420AD91CEB040481
:1006300000F1FF3380F00A81A74240F20781644451
:10064000023840EA0640E41B00261DB1D4400023D6
:10065000C5E900433146BDE8F0878B4209D9002D3A
:1006600000F0EF800026C5E9000130463146BDE8C4
:10067000F087B3FA83F6002E4AD18B4202D382422E
:1006800000F2F980841A61EB030301209E46002DDD
:10069000E0D0C5E9004EDDE702B9FFDEB2FA82F232
:1006A000002A40F09280A1EB0C014FEA1C471FFA90
:1006B0008CFE0126200CB1FBF7F307FB131140EA77
:1006C00001410EFB03F0884208D91CEB010103F144
:1006D000FF3802D2884200F2CB804346091AA4B206
:1006E000B1FBF7F007FB101144EA01440EFB00FEDA
:1006F000A64508D91CEB040400F1FF3102D2A6453F
:1007000000F2BB800846A4EB0E0440EA03409CE7DD
:10071000C6F12007B34022FA07FC4CEA030C20FA8A
:1007200007F401FA06F31C43F9404FEA1C4900FAAA
:1007300006F3B1FBF9F8200C1FFA8CFE09FB181127
:1007400040EA014108FB0EF0884202FA06F20BD99A
:100750001CEB010108F1FF3A80F08880884240F2EA
:100760008580A8F102086144091AA4B2B1FBF9F02E
:1007700009FB101144EA014100FB0EFE8E4508D929
:100780001CEB010100F1FF346CD28E456AD90238AE
:10079000614440EA0840A0FB0294A1EB0E01A14293
:1007A000C846A64656D353D05DB1B3EB080261EB01
:1007B0000E0101FA07F722FA06F3F1401F43C5E9DB
:1007C000007100263146BDE8F087C2F12003D84011
:1007D0000CFA02FC21FA03F3914001434FEA1C4753
:1007E0001FFA8CFEB3FBF7F007FB10360B0C43EA45
:1007F000064300FB0EF69E4204FA02F408D91CEBF5
:10080000030300F1FF382FD29E422DD902386344F2
:100810009B1B89B2B3FBF7F607FB163341EA034192
:1008200006FB0EF38B4208D91CEB010106F1FF38E1
:1008300016D28B4214D9023E6144C91A46EA0046D8
:1008400038E72E46284605E70646E3E61846F8E66A
:100850004B45A9D2B9EB020864EB0C0E0138A3E7B3
:100860004646EAE7204694E74046D1E7D0467BE794
:10087000023B614432E7304609E76444023842E70C
:10088000704700BF38B501F007FA01F0B7FB09F077
:1008900023FA054609F050FB044610BB134B9D425A
:1008A00021D001339D4241F2883504BF0124002547
:1008B00001F07EFC20B10025032000F069F82C46F1
:1008C000002009F013FA0CB100F078F801F036FBC3
:1008D00000F026FD08B100F071F8284600F01CF980
:1008E000F9E70025E4E70546E2E700BF010007B0AD
:1008F00008B501F09DF9A0F120035842584108BD08
:1009000007B541F21203022101A8ADF8043001F04D
:10091000ADF903B05DF804FB38B5302383F31188DB
:10092000174803680BB108F07DFB0023154A4FF40C
:100930007A71134808F06CFB002383F31188124C82
:10094000236813B12368013B2360636813B16368B4
:10095000013B63600D4D2B7833B963687BB902208E
:1009600001F056FA322363602B78032B07D16368BA
:100970002BB9022001F04CFA4FF47A73636038BD52
:1009800078220020190900089823002090220020D6
:10099000084B187003280CD8DFE800F0080502089F
:1009A000022001F02BBA022001F01EBA024B0022F5
:1009B0005A6070479022002098230020F8B501F07B
:1009C000F7FB30B14B4B03221A7000224A4B5A609E
:1009D000F8BD4A4B4A4A1C4619680131F8D0043325
:1009E0009342F9D16268474B9A42F1D9464B9B68D2
:1009F00003F1006303F500339A42E9D2002001F0CD
:100A000065F90220FFF7C4FF404B00219A6C9964FE
:100A10001A6F19671A6FDA6CD9645A6F59675A6F6F
:100A20001A6D19659A6F99679B6F394BD3F88020BF
:100A300042F00062C3F88020D3F8802022F00062E8
:100A4000C3F88020D3F88020D3F8802042F00072D1
:100A5000C3F88020D3F8802022F00072C3F88020F1
:100A6000D3F8803072B64FF0E023C3F8084DD4E9D4
:100A70000004BFF34F8FBFF36F8F264AC2F8841074
:100A8000BFF34F8F536923F480335361BFF34F8F0C
:100A9000D2F8803043F6E076C3F3C905C3F34E3392
:100AA0005B0103EA060C29464CEA81770139C2F85A
:100AB0007472F9D2203B13F1200FF2D1BFF34F8FA4
:100AC000BFF36F8FBFF34F8FBFF36F8F536923F463
:100AD000003353610023C2F85032BFF34F8FBFF38E
:100AE0006F8F302383F31188854680F30888204771
:100AF0006EE700BF9022002098230020000002082B
:100B000020000208FFFF01080022002000450258D3
:100B10000044025800ED00E02DE9F04F93B0B44BD3
:100B20002022FF2100900AA89D6801F0B1F9B14A86
:100B30001378A3B90121B04811700360302383F307
:100B4000118803680BB108F06DFA0023AB4A4FF42B
:100B50007A71A94808F05CFA002383F31188009B9E
:100B600013B1A74B009A1A60A64A1378032B03D03F
:100B700000231370A24A53604FF0000A009CD34632
:100B80005646D146012001F039F924B19C4B1B682F
:100B9000002B00F02682002001F04AF80390039B0E
:100BA000002BF2DB012001F01FF9039B213B1F2BDF
:100BB000E8D801A252F823F0390C0008610C0008B3
:100BC000F50C0008850B0008850B0008850B000854
:100BD000870D0008570F0008710E0008D30E00089B
:100BE000FB0E0008210F0008850B0008330F0008DA
:100BF000850B0008A50F0008D90C0008850B00081C
:100C0000E90F0008450C0008D90C0008850B000806
:100C1000D30E0008850B0008850B0008850B000823
:100C2000850B0008850B0008850B0008850B000864
:100C3000850B0008F50C00080220FFF759FE00287C
:100C400040F0F981009B022105A8BAF1000F08BF0E
:100C50001C4641F21233ADF8143001F007F891E769
:100C60004FF47A7000F0E4FF071EEBDB0220FFF781
:100C70003FFE0028E6D0013F052F00F2DE81DFE8CD
:100C800007F0030A0D1013360523042105A8059368
:100C900000F0ECFF17E004215548F9E704215A4819
:100CA000F6E704215948F3E74FF01C08404608F1E5
:100CB000040801F00DF80421059005A800F0D6FF06
:100CC000B8F12C0FF2D101204FF0000900FA07F71C
:100CD00047EA0B0B5FFA8BFB01F026F926B10BF00C
:100CE0000B030B2B08BF0024FFF70AFE4AE7042181
:100CF0004748CDE7002EA5D00BF00B030B2BA1D15D
:100D00000220FFF7F5FD074600289BD001200026B2
:100D100000F0DCFF0220FFF73BFE1FFA86F840469A
:100D200000F0E4FF0446B0B1039940460136A1F15A
:100D300040025142514100F0E9FF0028EDD1BA468E
:100D4000044641F21213022105A83E46ADF81430C4
:100D500000F08CFF16E725460120FFF719FE244B13
:100D60009B68AB4207D9284600F0B2FF013040F043
:100D700067810435F3E70025224BBA463E461D70D5
:100D80001F4B5D60A8E7002E3FF45CAF0BF00B0338
:100D90000B2B7FF457AF0220FFF7FAFD322000F053
:100DA00047FFB0F10008FFF64DAF18F003077FF4DE
:100DB00049AF0F4A08EB0503926893423FF642AFF2
:100DC000B8F5807F3FF73EAF124BB845019323DD66
:100DD0004FF47A7000F02CFF0390039A002AFFF67C
:100DE00031AF039A0137019B03F8012BEDE700BFF8
:100DF00000220020942300207822002019090008F6
:100E000098230020902200200422002008220020A5
:100E10000C22002094220020C820FFF769FD07461D
:100E200000283FF40FAF1F2D11D8C5F120020AABE7
:100E300025F0030084494245184428BF42460192E8
:100E400001F000F8019AFF217F4801F021F84FEAF4
:100E5000A803C8F387027C492846019301F020F8D3
:100E6000064600283FF46DAF019B05EB830533E791
:100E70000220FFF73DFD00283FF4E4AE00F064FFE0
:100E800000283FF4DFAE0027B846704B9B68BB429A
:100E900018D91F2F11D80A9B01330ED027F0030356
:100EA00012AA134453F8203C05934046042205A996
:100EB000043701F003F98046E7E7384600F008FF01
:100EC0000590F2E7CDF81480042105A800F0CEFECD
:100ED00002E70023642104A8049300F0BDFE00286B
:100EE0007FF4B0AE0220FFF703FD00283FF4AAAE66
:100EF000049800F01FFF0590E6E70023642104A892
:100F0000049300F0A9FE00287FF49CAE0220FFF7B6
:100F1000EFFC00283FF496AE049800F00DFFEAE7DE
:100F20000220FFF7E5FC00283FF48CAE00F01CFF28
:100F3000E1E70220FFF7DCFC00283FF483AE05A9BF
:100F4000142000F017FF07460421049004A800F0C5
:100F50008DFE3946B9E7322000F06AFE071EFFF623
:100F600071AEBB077FF46EAE384A07EB0903926897
:100F700093423FF667AE0220FFF7BAFC00283FF429
:100F800061AE27F003074F44B9453FF4A5AE48468C
:100F900009F1040900F09CFE0421059005A800F069
:100FA00065FEF1E74FF47A70FFF7A2FC00283FF4EA
:100FB00049AE00F0C9FE002844D00A9B01330BD093
:100FC00008220AA9002000F06BFF00283AD0202256
:100FD000FF210AA800F05CFFFFF792FC1C4807F015
:100FE00043FF13B0BDE8F08F002E3FF42BAE0BF0A3
:100FF0000B030B2B7FF426AE0023642105A8059379
:1010000000F02AFE074600287FF41CAE0220FFF7FE
:101010006FFC804600283FF415AEFFF771FC41F2EB
:10102000883007F021FF059800F0C6FF46463C4691
:1010300000F07AFFA6E506464EE64FF0000901E60D
:10104000BA467EE637467CE6942200200022002045
:10105000A086010070470000704700007047000044
:101060002DE9F04100F58037044616463B7C5BB91C
:10107000C0681030204400F0E5FEE5683544B5F561
:10108000004FE56002D816B1BDE8F081DEB905F089
:101090007F0605F110000021C6F180062044F6B25B
:1010A00032462E4400F0F4FEA06804F110083246E7
:1010B00000F10060414600F5003008F0ADFB30B9AA
:1010C00001233B74E0E74FF400463546ECE7A268A5
:1010D00005F11001404632442144A260E268521BEF
:1010E000E26000F0AFFE0220BDE8F04100F090BEEB
:1010F000183000F0E9BC000010B5044603F06CFBAA
:10110000204610BD10B5044603F066FB204610BD16
:10111000C0B2A0F14103052B02D83738C0B27047E6
:10112000A0F16103052B94BF57383038F6E7000073
:1011300070B504461546084603220C4900F08CFEA3
:10114000014688B908346E1C15F91100FFF7E0FF5D
:10115000024616F911000131FFF7DAFF102940EAC3
:10116000021004F8010BEFD170BD00BFC4BA000833
:101170002DE9F04FADF53F7D0746416801222AA8D1
:1011800005F00CFA002840F087800646824681462A
:101190001125DFF80C81DFF80CB101AB4FF4805260
:1011A00041462AA805F05AFB002875D1019AB2F5EC
:1011B000805F71D8002A65D00446019A9442ECD22F
:1011C000282D0FD008DC132D2DD01E2D39D0112D38
:1011D00013D00134A4B2F0E7322D2DD0372D2FD00B
:1011E0002D2DF6D13B68121B08EB040138461B6914
:1011F0002D259847BDF80440EBE7121B022A09D9B8
:10120000594608EB040000F027FE18B902342825DF
:10121000A4B2DEE718F804303A2B3DD00A2B1CBFED
:10122000A1461325D5E718F804300A2B34D03A2B01
:1012300004BFA2463225CCE718F80430202BC8D0D2
:10124000264618F804300A2B1AD1AAEB090208EB3B
:10125000090102A811254F2A28BF4F220AF01EFCBF
:10126000A21B08EB060116A84F2A28BF4F220AF03E
:1012700015FC3B6816AA02A9DB6838469847A8E720
:101280001E25A6E73B68384604491B69984701209C
:101290000DF53F7DBDE8F08F0020F9E7A9BB000800
:1012A000A0230020C8BA000800F1180110B50446B8
:1012B00086B00846019100F0F1FB2046FFF758FF89
:1012C00060B1019902A800F049FC102204F1080164
:1012D00002A80AF081FBB0FA80F0400906B010BD08
:1012E00070B504460025EEB2304600F0FFFC58B160
:1012F00000213046013500F009FD08B9002070BD1D
:10130000022000F085FDEEE72046FFF731FF0028C0
:10131000F4D004F58034207C80F00100EFE7000079
:10132000F0B5C9B008F0F0FC03F072FA18B9002566
:10133000284649B0F0BD69462A4805F051FB00280F
:101340004BD1294C204605F07BFB284805F078FB63
:10135000274805F075FB2146224805F0EDFB0028E3
:10136000E5D1702003F032FA064610B1214B4460FB
:101370000360336830469B689847054600282ED0A6
:101380001A4F1948394605F0D7FB05460028CED13B
:10139000194803F01BFA044638B1184B4760036044
:1013A00000F58033C0E902551D74236820469B6810
:1013B0009847054628B10E490C4805F0BDFB0028AA
:1013C000B5D1336830465B6898471CB12368204626
:1013D0005B68984703F004FAAAE70025FAE7044699
:1013E000EFE700BFCCBA0008DCBA0008F3BA000887
:1013F00009BB00082CBB00081400010048BB000812
:101400002DE9F04FD44A8DB00B68D0F804A00193B9
:101410001A440368D14E1A44D1F81C90DFF8B4C3C3
:10142000DFF8B4B3D0E90234634003EA0A0363404F
:1014300013444A6802920AEB7363029CC84A22442E
:10144000C468224484688AEA04051D406540154446
:101450008A68039203EB3555039CC24A2244846890
:1014600022448AEA03042C4084EA0A041444CA6829
:1014700005EBF4340492164483EA050222405644F4
:101480005A4032440E69059604EBB222059FB64ECF
:101490003E441E4485EA040313406B4033444E69C6
:1014A000069602EB7363069FB04E3E442E4484EAD8
:1014B00002051D40654035448E69079603EB35559E
:1014C000079FAB4E3E44264482EA03042C4054401E
:1014D0003444A84E4E4405EBF434164483EA050226
:1014E00022405A4032440E6A089604EBB222089F0A
:1014F000A14E3E441E4485EA040313406B4033442E
:101500004E6A099602EB7363099F9C4ED1F830E056
:101510003E44D1F83880F3442E4484EA02051D404D
:10152000654035448E6AA6F5244703EB35550A9687
:101530004F3F274482EA03042C4054403C44CF6A86
:101540000B9705EBF4340B9E8D4F3744029E1744E6
:1015500083EA050222405A403A448A4F774404EB1A
:10156000B2221F4485EA040313406B403B444F6B97
:10157000BC4402EB7363654484EA020C0CEA030C7E
:101580008CEA040C6544DFF854C2C44403EB3555BF
:10159000A44482EA03042C4054406444D1F83CC083
:1015A000794905EBF4346144114483EA0502224091
:1015B0005A400A44754904EBB2223144079E19444B
:1015C00084EA02032B4063400B44714902EBF3634E
:1015D00031440B9E0D4482EA0301214051402944CD
:1015E0006C4D03EBF1513544019E254483EA01041F
:1015F00014405C402C44684D01EBB4443544069ED5
:10160000154481EA04021A404A402A44634D04EB1F
:10161000323235440A9E1D4484EA02030B40634083
:101620002B445F4D02EBF3633544059E0D4482EA83
:1016300003012140514029445A4D03EBF1516544C7
:10164000254483EA010414405C402C44564D01EBD0
:10165000B4443544099E154481EA04021A404A40C4
:101660002A44524D04EB32323544049E1D4484EA30
:1016700002030B4063402B444D4D02EBF3634544A2
:101680000D4482EA0301214051402944494D03EBB6
:10169000F1513544089E2C4483EA010515405D4014
:1016A0002C44454D01EBB4443544039E2A4481EA61
:1016B00004051D404D402A44404D04EB32323D4468
:1016C0002B4484EA020593440D4065402B443C4D75
:1016D00002EBF3633544069E294482EA0305254064
:1016E00055402944374D03EBF1514D442C4483EAD6
:1016F000010515405D40254401EBB54581EA05042F
:1017000004EA03024A405A44A6F5B82B089E05EBAA
:101710003232ABF2BE6B54405B4423442A4C344417
:1017200002EB33730B9E0C4485EA020159402144BD
:10173000264C344403EB7151029E254482EA030493
:101740004C402544224C444401EB3545144483EA83
:1017500001026A40224443E078A46AD7EECEBDC1BC
:1017600056B7C7E8DB702024AF0F7CF52AC6874741
:10177000134630A8019546FDD8988069AFF7448B91
:10178000BED75C892211906B2108B44962251EF6F0
:1017900040B340C0515A5E26AAC7B6E95D102FD6A5
:1017A0005314440281E6A1D8C8FBD3E7E6CDE1217A
:1017B000D60737C3870DD5F4ED145A4505E9E3A9DB
:1017C000F8A3EFFCD9026F6781F6718722619D6DE6
:1017D0000C38E5FD937198FD8A4C2A8D8E4379A6CD
:1017E000934C344405EB7222059E1C4481EA0503A8
:1017F000534023448F4C344402EB33730A9E0C4411
:1018000085EA0201594021448B4C4C4403EB715151
:10181000254482EA03044C402C44884D354401EBB6
:101820003444019E154483EA010262402A44844DF7
:101830003D4404EB72221D4481EA040353402B44CF
:10184000804D354402EB3373049E294484EA02053B
:101850005D4029447C4D354403EB7151079E25447E
:1018600082EA03044C402C44784D354401EB344467
:10187000099E2A4483EA010565401544744A3244AE
:1018800004EB7525039E134481EA04026A401A445E
:10189000704B734405EB32720B4484EA05015140EE
:1018A00019446D4B634402EB71511C4485EA0203F9
:1018B0004B401C44694B334401EB3444019E1D44AE
:1018C00082EA010363402B44654D04EB73233544E6
:1018D000069E154463EA010262402A44614D03EB0F
:1018E000B2624D4462EA040929445F4D89EA030962
:1018F000454449442C445D4D02EBB1513544049EAE
:1019000061EA03081D4488EA0208444401EB744478
:1019100064EA02034B402B44554D04EBF32375441A
:1019200063EA010E15448EEA040E0EEB0502514DDA
:1019300003EBB262354462EA040E29440A9D8EEA42
:10194000030EA5F580164C4D7144A6F6833602EBC6
:10195000B151264461EA030454403444029E01EB31
:101960007444354464EA02061D444E407319089ECF
:10197000424D04EBF323354463EA01061544664007
:1019800072193F4D03EBB262654462EA04062944D2
:101990003C4D5E403144079E02EBB151354461EA53
:1019A00003062C44384D56403D443444059E1D44A6
:1019B00001EB744464EA02034B402B44334D04EBC7
:1019C000F32335440B9E154463EA010262402A4426
:1019D0002F4D03EBB2623544039E0D4462EA0401CD
:1019E000594029442B4D02EBB15135442A4E254430
:1019F00061EA030454402C44099D01EB74442E44D5
:101A000064EA02051E4485EA01039D1903681A442D
:101A10000AEB040303EBF5230260436083681C4474
:101A2000C36819448460C1600DB0BDE8F08F00BF89
:101A300044EABEA4A9CFDE4B604BBBF670BCBFBE70
:101A4000C67E9B28FA27A1EA8530EFD4051D8804BD
:101A500039D0D4D9E599DBE6F87CA21F6556ACC431
:101A6000442229F497FF2A43A72394AB39A093FC7F
:101A7000C3595B6592CC0C8FD15D84854F7EA86F76
:101A8000E0E62CFE144301A3A111084E827E53F719
:101A900035F23ABDBBD2D72A91D386EB094B03600E
:101AA00003F18833436003F12943A3F59613A3F6AA
:101AB0008B638360A3F18833C3600023C0E90433E0
:101AC000704700BF012345672DE9F84314460269BA
:101AD00005460E46E300C2F3C50800F118079B183F
:101AE000036122BF43690133436112F4FC7F436900
:101AF00003EB5473436114D0C8F1400907EB0800AD
:101B00004C4504D22246BDE8F84309F097BF403C5B
:101B10004A464E4409F092FF444439462846FFF7AE
:101B20006FFCA04606EB0409B8F13F0FA9EB0801D2
:101B30000AD94022384609F081FF39462846A8F1E3
:101B40004008FFF75DFCEFE7A1096FF03F02384660
:101B500002FB014206EB8111D5E7000070B50B696D
:101B600001F1180506460C46C3F3C503EA18501CDC
:101B70008022EA54C3F13F02072A1FD8002100F057
:101B800087F929462046FFF73BFC382200212846EA
:101B900000F07EF923692946204623656369636561
:101BA000FFF72EFC21461022304609F047FF204661
:101BB00058220021BDE8704000F06AB9C3F1370235
:101BC0000021E5E72DE9F84F4FF47A7306460D46FC
:101BD000002402FB03F7DFF85080DFF8509098F9FB
:101BE00000305FFA84FA5A1C01D0A34210D159F890
:101BF00024002A4631460368D3F820B03B46D84734
:101C0000854205D1074B012083F800A0BDE8F88F7D
:101C10000134042CE3D14FF4FA7007F025F90020C9
:101C2000F4E700BFE433002010220020142200203B
:101C3000002307B5024601210DF107008DF807309A
:101C4000FFF7C0FF20B19DF8070003B05DF804FB6B
:101C50004FF0FF30F9E700000A46042108B5FFF70E
:101C6000B1FF80F00100C0B2404208BD074B0A46F8
:101C700030B41978064B53F82140014623682046BA
:101C8000DD69044BAC4630BC604700BFE433002044
:101C900014220020A086010070B50A4E00240A4DCF
:101CA00007F05EFD308028683388834208D907F04A
:101CB00053FD2B6804440133B4F5003F2B60F2D38D
:101CC00070BD00BFE6330020A033002007F022BE25
:101CD00000F1006000F500300068704700F100601E
:101CE000920000F5003007F097BD0000054B1A6820
:101CF000054B1B889B1A834202D9104407F02CBD68
:101D000000207047A0330020E633002038B5044699
:101D1000074D29B128682044BDE8384007F034BD9C
:101D20002868204407F01EFD0028F3D038BD00BF0E
:101D3000A03300200020704700F1FF5000F58F1005
:101D4000D0F8000870470000064991F8243033B1FC
:101D500000230822086A81F82430FFF7BFBF012062
:101D6000704700BFA4330020014B1868704700BFC4
:101D70000010005C194B01380322084470B51D683F
:101D8000174BC5F30B042D0C1E88A6420BD15C68C3
:101D90000A46013C824213460FD214F9016F4EB13C
:101DA00002F8016BF6E7013A03F10803ECD1814236
:101DB0000B4602D22C2203F8012B0424094A168870
:101DC000AE4204D1984284BF967803F8016B013C7F
:101DD00002F10402F3D1581A70BD00BF0010005C7C
:101DE0002422002088BB0008022803D1024B4FF0B8
:101DF00080529A61704700BF00100258022803D138
:101E0000024B4FF480529A61704700BF0010025895
:101E1000022804D1024A536983F480535361704706
:101E20000010025870B504464FF47A764CB1412C3C
:101E3000254628BF412506FB05F0641B07F014F872
:101E4000F4E770BD002310B5934203D0CC5CC454BA
:101E50000133F9E710BD0000013810B510F9013F5A
:101E60003BB191F900409C4203D11AB10131013AD2
:101E7000F4E71AB191F90020981A10BD1046FCE75A
:101E800003460246D01A12F9011B0029FAD1704705
:101E900002440346934202D003F8011BFAE770475D
:101EA0002DE9F8431F4D14460746884695F824202F
:101EB00052BBDFF870909CB395F824302BB92022E8
:101EC000FF2148462F62FFF7E3FF95F824004146C3
:101ED000C0F1080205EB8000A24228BF2246D6B21C
:101EE0009200FFF7AFFF95F82430A41B17441E445F
:101EF0009044E4B2F6B2082E85F82460DBD1FFF7F7
:101F000023FF0028D7D108E02B6A03EB820383422A
:101F1000CFD0FFF719FF0028CBD10020BDE8F88310
:101F20000120FBE7A4330020024B1A78024B1A7001
:101F3000704700BFE433002010220020F8B5194C90
:101F4000194806F099FA2146174806F0C1FA2468A4
:101F50004FF47A70154ED4F89020154DD2F804380D
:101F6000114F43F00203C2F80438FFF75BFF20462D
:101F7000104906F0BBFBD4F890200424D2F80438B2
:101F800023F00203C2F804384FF4E133336055F80C
:101F9000040BB84202D0314606F0CCF9013CF6D130
:101FA000F8BD00BF40C9000818490020CC3300200C
:101FB0001422002048C900080C4B70B50C4D044693
:101FC0001E780C4B55F826209A420DD00A4B002162
:101FD00018221846FFF75CFF0460014655F82600FA
:101FE000BDE8704006F0A6B970BD00BFE433002024
:101FF0001422002018490020CC330020F8B571B617
:10200000002301201A46194605F0FCF804468020FA
:1020100007F020FD002849D00025254A80274FF4ED
:10202000D06C3D26136913F0C06F26D1D2F8103161
:1020300013F0C06F21D1236805F100619960236816
:10204000D86023685F602368C3F800C021680B680C
:1020500043F001030B6021680B6823F01E030B6043
:1020600021680B68DB07FCD4237B8035616806FAA6
:1020700003F3B5F5001F0B60D4D1204605F0F8F846
:10208000B5F5001F11D000240A4E0B4D012007F0BA
:1020900041FC3388A34205D928682044013407F065
:1020A00073FBF6E7002007F035FC61B6F8BD00BF12
:1020B00000200052E6330020A033002030B50A444F
:1020C000084D91420DD011F8013B5840082340F3D0
:1020D0000004013B2C4013F0FF0384EA5000F6D1CA
:1020E000EFE730BD2083B8ED30B5002489B00B4D4B
:1020F0001C22214601A80094FFF7CAFE202269464F
:10210000281909F069FC30B92034B4F5A07FF5D165
:10211000012009B030BD0020FBE700BFE802000845
:102120002DE9F047D8B004460D4616461F46FFF786
:10213000DBFF90BBA369482B31D1082204F11C01BD
:10214000184809F049FC50BB8246DFF85C80DFF894
:102150005C904FF4B07200216846FFF799FE08EBDF
:102160000A0204F12401684602F0F4F92A464946BD
:10217000684602F0F5F968463A46314602F0F0F951
:10218000684602F0EFF928B10AF1200ABAF5A07FFB
:10219000DFD1122058B0BDE8F0870020FAE7112007
:1021A000F8E700BFACBB0008E80200080000020826
:1021B000404A2DE9F34110686B4651686A4603C3F3
:1021C00008233D493D4809F017FC0446002836D154
:1021D0000A24FFF789FF002867D0394A6B46106848
:1021E00051686A4603C308233649344809F004FCA1
:1021F0000546002859D00369B3F5F01F55D8418B27
:1022000042F2B372914250D12F4A024402F11001BE
:102210008B424AD3103B294900209E1AFFF74EFFFC
:1022200005F11801074632460020FFF747FFAB686B
:102230009F423AD1EB68984208BF002435E0036919
:10224000B3F5F01F01D90B24C3E7B0F8661042F2D2
:10225000B372914201D00C24BBE71B4E064406F139
:102260005C02934201D21024B3E75C3B00F16407A7
:10227000324612499D1B0020FFF720FF3946804659
:102280002A460020FFF71AFFA368984501D00D24C5
:102290009FE7E3689842FAD120462B463A463146FA
:1022A000FFF73EFF0446002893D1204602B0BDE868
:1022B000F08100BF98BB000890FF1D0000000208DD
:1022C000A1BB0008DCFF1D000800FEF78378427800
:1022D0001B04007843EA02231843704700687047E4
:1022E00008B50246FFF7FAFF0346101DFFF7F6FF99
:1022F0000146184608BD00000B0A017043700B0C24
:10230000090E8370C170704708B501EB8202031F8C
:1023100008460431FFF7E2FF43F8040F9142F7D17A
:1023200008BD000010B500EB82020C1F54F8041F1A
:10233000FFF7E2FF04309042F8D110BD2DE9F041E3
:1023400088460546FFF7CCFF06460C464046FFF799
:10235000C7FF464005F108004C40FFF7C1FF0746A4
:102360000D4608F10800FFF7BBFF78406940304395
:102370002143BDE8F0810000F8B506460F46FFF79F
:10238000DDFF05460C4606F1100007F11001FFF7CE
:10239000D5FF28432143F8BD2DE9F04F0368B7B0BE
:1023A000384CC1F1000A1A93436837491B9383687C
:1023B000364D1C93C368364F1D930369DFF8F8B0A0
:1023C0001E9343698AEA0B0B324E1F938369DFF831
:1023D000ECE02093C369DFF8E8C02193036A2293FD
:1023E000436A2393D0E9102362402B4C05922B4A79
:1023F00053400693836A2493C36A2593D0E912233A
:1024000062400D92264A5340264A0E93036B009277
:102410002693436B279381EAEA7320991793836B82
:1024200018912893C36B289A299300F150031192B5
:10243000299A21991292269A19910792279A1E9900
:102440000892249A159103921F99259A1691049245
:10245000DDE922421C990F911D9910911A99099159
:102460001B990A911049CDE9015101F14F7101F514
:10247000D341583113910D4914910D49CDE90B7198
:102480000C4F1FE0D182E6ADABD9831F79217E13BB
:102490002BF894FE85AE67BB1F6C3E2B7F520E510E
:1024A0008C68059B4CC0000819CDE05B3AF54FA540
:1024B00072F36E3C3BA7CA846BBD41FB08C9BCF3F9
:1024C00067E6096A0099097803EBC10553F83110F2
:1024D0006D68611842EB0508099D49190A9D45EB95
:1024E0000808059D81EA0509069D88EA050A1AEB98
:1024F0000E0E4CEB090C8EEA04048CEA0202250E47
:1025000045EA0225120E42EA0422009C64780992F0
:1025100003EBC40253F834405268091948EB02082F
:102520004A190592099A48EB02020692059A82EA34
:102530000A0A069A4FEA1A4182EA090941EA09425F
:1025400009994FEA1949349249EA0A423592349A74
:102550001EEB02022A92359A4CEB02022B922A9A27
:1025600055402B9A51400A46490041EAD5716D0009
:10257000339145EAD2723292009A927803EBC2010B
:1025800053F832204968039C0D9DA218049C44EB2B
:10259000010E0F9912EB010A1099009A41EB0E0EF1
:1025A0000E9985EA0A058EEA0108039918EB0707D8
:1025B00046EB050687EA010C74404FEA1C6141EACC
:1025C0000421240E44EA0C2492F803C003EBCC0946
:1025D00053F83CC0D9F804901AEB0C024EEB090EEC
:1025E00052180D924EEB04020E920D9A82EA0808E0
:1025F0000E9A55404FEA184242EA05422D0C30929D
:1026000045EA08423192309ABA182C92319A46EB38
:1026100002022D922C9A51402D9A5440620042EAB7
:10262000D1724900099241EAD4720492009A127957
:1026300003EBC20153F832204D6807998A180899B4
:1026400041EB050515995218169941EB05051799A7
:1026500082EA0B04039285EA010A0B99009A1AEBAD
:1026600001060C9992F805E041EB040B079953F829
:102670003E8086EA010C0899039A8BEA01074FEA2B
:102680001C6112EB080241EA07214FEA176747EA8B
:102690000C2703EBCE0CDCF8049045EB090552182F
:1026A000159245EB07021692159A82EA0A0A169AC3
:1026B0004FEA1A49544049EA0442240C2E9244EA53
:1026C0000A42119C2F922E9AB6182F9A4BEB020BAE
:1026D00071408BEA07077A0042EAD17249000892FA
:1026E00041EAD7720792009A917903EBC10253F83D
:1026F000311052686118129C44EB0208189A89182C
:10270000199A42EB0808019A029C4A40129F88EAF3
:10271000040E139C1EEB0405149C44EB0209119C4F
:102720006C4089EA070C270E47EA0C274FEA1C6C1D
:102730004CEA042C009CE47903EBC40A53F83440BF
:10274000DAF804A00919059C48EB0A08C919179181
:1027500048EB0C011891179981EA0E0E18994FEA6F
:102760001E4A4A404AEA024A120C15EB0A0542EA9E
:102770000E4E87EA050749EB0E0989EA0C0C4FEA71
:102780004C0848EAD7727F00129247EADC72119235
:10279000009A117A03EBC10253F8311052686118A4
:1027A000069C44EB0208049A8918099A48EB02082F
:1027B00081EA0A0A049A88EA0E0E1EEB06064BEB23
:1027C0000A0B86EA0204099A270E8BEA020247EAFC
:1027D00002274FEA126C009A527A4CEA042C03EB5F
:1027E000C20453F832206468891848EB0408CA19F7
:1027F000099248EB0C020A92099A8EEA020E0A9A92
:102800008AEA020A4FEA1E4242EA0A424FEA1A4A9A
:1028100001924AEA0E420292019A92190B92029A8E
:1028200042EB0B020C920B9A57400C9A8CEA020C6A
:102830004FEA4C0444EAD772359C7F00049247EA81
:10284000DC720392009A927A03EBC20153F83220B1
:102850004E680D998A180E9941EB0606079912EBFE
:1028600001080899009A46EB0106349986EA040AA1
:1028700088EA0101079C1AEB050549EB010985EA85
:10288000040C089C89EA04074FEA1C6444EA072404
:102890003F0E47EA0C2792F80BC003EBCC0E53F81F
:1028A0003CC0DEF804E018EB0C0246EB0E061219F1
:1028B0000F9246EB070210920F9A8AEA020A109AC8
:1028C00051404FEA1A4242EA0142090C059241EA9C
:1028D0000A420692059A52191392069A42EB09028D
:1028E0001492139A5440149A57407A0042EAD472D0
:1028F0006400089244EAD7720792009A127B03EBB5
:10290000C20153F832204D6815998A18169941EB87
:102910000505119912EB010A1299009A45EB010580
:1029200030998AEA0106319985EA01072A9911EB63
:10293000070E2B9941EB060C11998EEA01041299AE
:102940008CEA0108210E41EA08214FEA186848EA9A
:10295000042492F80D8003EBC80953F83880D9F8A5
:1029600004901AEB080245EB09055218159245EB45
:1029700004021692159A5740169A56403A0C42EAAB
:102980000642360C0D9246EA07420E920D9A12EB61
:102990000E0E0E9A42EB0C0C81EA0E0184EA0C0436
:1029A0004FEA440A4AEAD1724900129241EAD472CB
:1029B000179C1192009A917B03EBC10253F83110DE
:1029C00052686118189C44EB0208329A009C8918DE
:1029D000339AE47B48EB02082E9A81EA02092F9A87
:1029E00088EA020A2C9A12EB0A072D9A42EB090692
:1029F000329A87EA020B339A4FEA1B65724045EA26
:102A00000225120E42EA0B2203EBC40B53F83440AA
:102A1000DBF804B0091948EB0B084919189148EB89
:102A20000201199118998AEA010A199989EA01099A
:102A30004FEA1A4141EA094B4FEA19491BEB0707D4
:102A400049EA0A4185EA070541EB0606179182EA41
:102A500006014A0042EAD5726D0045EAD174009938
:102A600010310091009D3949A9427FF42BAD099B9B
:102A70000C9D83EA0E010A9B83EA0C081A9B5940BD
:102A80001B9B88EA0303C0E900130F9B13997B404B
:102A90001F46109B73401E461C9B5F401D9B5E4063
:102AA000159BC0E902760B9E5E40169B5D401E9B07
:102AB0005E401F9B5D40189BC0E904655940199D0D
:102AC000149B83EA0508209B5940219B88EA030355
:102AD000C0E90613059B83EA0409069B83EA020A00
:102AE000229B89EA0304239B8AEA0302C0E9084285
:102AF000039B0D9A049C83EA020C0E9B259A5C4072
:102B0000249B12998CEA03035440179AC0E90A34B3
:102B1000079B83EA0B04089B83EA020A269B5C401E
:102B2000279B8AEA0302119BC0E90C42019A5A4092
:102B3000029B83EA010A289B5A40299B8AEA0303E5
:102B4000C0E90E2337B0BDE8F08F00BF0CC100080C
:102B500070B505460E46144622B9802221465030F3
:102B6000FFF796F924F00700E40004F03804284445
:102B7000A4F12003C4F1200206FA04F406FA03F3D8
:102B800026FA02F21343D0E9146234431343C0E936
:102B9000144370BD28220021FFF77AB901232422B3
:102BA000002140F8043BFFF773B90000002351F8FF
:102BB000232040F8232001330A2BF8D1704700006E
:102BC000002351F82320524240F8232001330A2BDE
:102BD000F7D17047002330B551F8234052F8235005
:102BE0002C4440F8234001330A2BF5D130BD0000BE
:102BF000002330B551F8234052F82350641B40F8AD
:102C0000234001330A2BF5D130BD000030B55242CC
:102C1000041F0439243054F8045F51F8043F8442FF
:102C200083EA050303EA020383EA05032360F2D182
:102C300030BD00002DE9F04F8BB00446084600255A
:102C4000FFF74CFB0190081DFFF740FB8301C81DF7
:102C50000093FFF73BFB4FEA401A01F10A00FFF730
:102C600035FB4FEAC00B01F10D00FFF72FFB86008B
:102C700001F11000FFF732FB814601F11400FFF76C
:102C800025FB4FEAC01801F11700FFF71FFB4701B2
:102C900001F11A00FFF71AFB030101F11D00049373
:102CA000FFF714FB019A6C4B03EA800312F10070EA
:102CB00005934FEA906045F1000340EA83109B16AC
:102CC00081064FEA901C521A06926CEB4C02079256
:102CD000009A101843F1000216F1007C45F1000142
:102CE0004FEA9C6C4CEA811C89164FEA8C634FEAD0
:102CF0009C15F31A65EB450619EB0C0941F100012F
:102D000010F1807C42F100054FEA5C6C4CEAC51C76
:102D10006D161AEB0C0AA0EB4C6245F1000519F197
:102D2000807008924FEA506041F1000240EAC21000
:102D30005216A9EB4061099118EB0001009142F194
:102D400000021AF1007145F10005890E41EA851172
:102D5000AD161BEB01004FF0130B019045F1000580
:102D6000009810F1007042F10002800E40EA8210DB
:102D700092163F18029742F10002019F17F1807EE0
:102D800045F100054FEA5E6E4EEAC51E029D13EB4B
:102D90000E0346F1000615F18077049D42F1000212
:102DA0007F0E039347EAC2175216ED1942F1000253
:102DB00013F1007C049546F100064FEA9C6C069BDB
:102DC0004CEA861C15F10076059D42F10002B60E14
:102DD00046EA8216921615EB060942F1000219F135
:102DE000807542F100026D0E45EAC215A5FB0B2B62
:102DF000A9EB4565D218079B4BEB030B12F100784A
:102E0000089B4BF1000B4FEA986848EA8B18A2EB3D
:102E10008862226013EB08026260AAEB8162A26002
:102E2000019B6562A3EB4E61039BA3EB8C63E160A6
:102E30002361099B13EB0C036361009BA3EB80638D
:102E4000A361029BA3EB4760049BA3EB8666E06152
:102E500026620BB0BDE8F08FFCFFFF012DE9F04FBB
:102E60000D688BB00C694FF0130B82FB055C82FB85
:102E7000044615F100774CF1000ABF0E47EA8A17A5
:102E80004FEAAA680AF07C4ABB064AEA971AEB1A8C
:102E90004D6806936CEB0A0314F1007CC2FB0578C5
:102EA000079346F1000E4FEA9C6C4D694CEA8E1C6C
:102EB0004FEAAE6A0EF07C4E4FEA8C634EEA9C1EDF
:102EC000C2FB05CAE41A66EB0E0E17F1807548F1D5
:102ED00000086D0E45EAC8154FEA6863A7EB456622
:102EE0008F6808961CF18076C2FB07534AF1000AEE
:102EF000760E15F1007946EACA1643F100034FEA4F
:102F00009969ACEB466749EA831909974FEA6A6AFF
:102F10008F699B16A5EB8965C2FB076ACF6801968E
:102F20004E46C2FB07630296019ECF6916F1007CF4
:102F30004AF1000A4FEA9C6C4CEA8A1C4FEAAA6AE2
:102F40006646C2FB076A0396029E16F1807843F13B
:102F500000034FEA586848EAC31814EB08044EEB24
:102F60006366039B13F180770B6A496A4AF1000A92
:102F70007F0E856047EACA174FEA6A6ABE46C2FBFF
:102F800003EACDF810E014F1007E46F100034FEAA9
:102F90009E6E4EEA831E049B13F10076A4EB8E64B2
:102FA0004AF10003B60E46EA83169B16B246C2FBF0
:102FB00001A31AF18071CDF814A043F10003490E6A
:102FC00041EAC3115B16A1FB0B2A0BFB03AA069B6C
:102FD000D218079B4AEB030A12F100734AF1000A68
:102FE0009B0E43EA8A13A2EB83620260089AD3180D
:102FF0004360029BA3EB4863C3600461099B13EB2E
:103000000E034361019BA3EB8C638361039BA3EBE2
:103010004767049BA3EB8666059BC761A3EB4161F1
:10302000066241620BB0BDE8F08F00002DE9F04F61
:10303000A5B04FF0130E8146D1E90053D2E90084C8
:1030400008938B680EFB04F00193CB680993D1E9D8
:1030500004C30A93D1E906730B93D1E908630C9377
:1030600093680293D36804931369069353690D938D
:1030700093690F93D3691693136A1893536A19933C
:10308000089B5B001093099B5B0011930A9B5B00FC
:1030900012930B9B5B0013930C9B5B001493029B9E
:1030A0000EFB03F31A93049B0EFB03FB069B0EFB24
:1030B00003F317930D9B0EFB03F315930F9B0EFB6E
:1030C00003F30E93169B0EFB03F30793189B0EFB63
:1030D00003F30593199B0EFB03F30393039A109BD1
:1030E00083FB021A019B1A46059BC5FB081AC2FB0B
:1030F000031A119B1A46079BC2FB031A0E9BCCFBBB
:10310000031A129B1A46159BC2FB031A179B039ABC
:10311000C7FB031A139BC3FB0B1A1A9BC6FB031AAC
:10312000149BC3FB001A089B1B9188FB0330019979
:10313000C5FB0430C2FB013005990A460999C2FB60
:1031400001300799C1FB0C300E990A460A99C2FB5F
:1031500001301599C1FB073017990A460B99C2FB3C
:1031600001301A99CBFB063002460C98C1FB0032A5
:103170001A93109B029983FB04301C92C5FB01300B
:103180000199039AC8FB01301199C2FB01300599DE
:10319000C1FB0C3007990A461299C2FB01300E9907
:1031A000C1FB073015990A461399C2FB01301799E4
:1031B000C1FB06301499CBFB01300299CDE91D30DB
:1031C000089B83FB01B0049B0A99C5FB03B0019BDC
:1031D000C3FB04B0099BC8FB03B0039BC3FB0CB04B
:1031E000059BC3FB01B0079B0B99C3FB07B00E9B6C
:1031F000C3FB01B017990C9BC2FB06B0C1FB03B027
:10320000109B0499209083FB01310698CDF87CB087
:10321000C5FB0031019802460298C2FB00311198AB
:10322000039AC0FB04311298C8FB0C31C2FB003179
:103230000598C0FB0731079802461398C2FB00317E
:103240000E98C0FB0631159802461498C2FB003157
:1032500006981593089B0D9A83FB00031791C5FBF5
:103260000203019A9346049ACBFB0203099A934600
:10327000029ACBFB02030A9ACCFB0403C8FB0203AD
:10328000039AC2FB0703059A93460B9ACBFB0203F2
:10329000079AC2FB06030E9A93460C9ACBFB0203D5
:1032A0000D9A2193109B0E9083FB02030F9AC5FB8E
:1032B0000203019A9346069ACBFB0203119A9346A6
:1032C000049ACBFB0203029ACCFB0203129AC2FBC4
:1032D0000403139A0399C8FB0703C1FB0203059A71
:1032E000C2FB0603079A9346149ACBFB02030F9A7C
:1032F0002293089B079083FB0203169AC5FB0203E7
:10330000019A93460D9ACBFB0203099A9346069ABB
:10331000CBFB0203049ACCFB02030A9A9346029A5F
:10332000CBFB02030B9AC7FB0403C8FB0203059AFD
:10333000C1FB060393460C9ACBFB0203169A239318
:10334000109B059083FB0203189AC5FB0203019AA8
:1033500093460F9ACBFB0203119A93460D9ACBFB2F
:103360000203069ACCFB0203129A9346049ACBFB03
:103370000203029AC7FB0203139AC2FB0403149AC6
:10338000C8FB0603C1FB0203189A1193089B109017
:1033900083FB023219981799C5FB00320198154634
:1033A000169AC0FB0235099A0F98C2FB00350D9A98
:1033B0000698CCFB02350A9AC2FB0035049A0298A3
:1033C000C7FB02350B9A159FC2FB00350C98C6FB54
:1033D00004352A461B9CC8FB003206931B9B0892AF
:1033E00013F100764AF10000B60E46EA801600F0AE
:1033F0007C43B20643EA9613A21A6AEB03030992CE
:103400000A931A9B9E191C9B43EBA060159B13F11A
:103410000075179B4FEA956543F1000345EA831554
:1034200003F07C44AA0644EA9514BA1A61EB04013D
:103430000E9C6519219C44EBA36316F1807440F146
:103440000000640E44EAC014A6EB44660B961D9E71
:10345000341901941E9C44EB606015F1807443F1B3
:103460000003640E44EAC314A5EB44650C95079D64
:103470002C190294229C44EB6363019C14F10074A8
:1034800040F100004FEA94681F9C48EA801814EB52
:10349000080B209C44EBA060029C14F10076059C74
:1034A00043F10003B60E46EA831614EB060A239C8A
:1034B00044EBA3631BF1807C40F100004FEA5C6C9D
:1034C0004CEAC01C12EB0C0241EB60611AF18075F2
:1034D000109843F100036D0E039245EAC31540199D
:1034E000AAEB45650490119840EB636312F10077F5
:1034F00041F10001BF0E47EA8117049911F10074F0
:10350000069943F10003A40E44EA831409190591B6
:10351000089941EBA363059911F1807043F1000311
:10352000400E40EAC3105B16A0FB0E120EFB0323F5
:10353000099A89180A9A43EB020311F1007E43F1BC
:1035400000034FEA9E6E4EEA831E0B9B13EB0E03A5
:10355000A1EB8E61C9F80430019BC9F80010A3EB00
:103560008863C9F80830ABEB4C63C9F80C30039B97
:10357000A3EB8762C9F810200C9BC9F81C50DF1917
:10358000029BA3EB8666049BC9F81470A3EB8464CA
:10359000059BC9F81860A3EB4060C9F82040C9F842
:1035A000240025B0BDE8F08F2DE9F04F95B082469C
:1035B0004FF02608D1E90262D1E9003008924FEAC3
:1035C000400B4FEA430ED1E904720392D1E906524F
:1035D00004920A6A05924A6A1321099272000692BD
:1035E000089A52000192039A52000292049A5200E1
:1035F0000A9201FB05F20B92049A08FB02F2079271
:10360000059A01FB02F9099A039908FB02F208FBEB
:1036100001F88BFB021CC3FB031C7300C3FB091CDA
:10362000019B1C46079BC4FB031C0B9C7B00C3FB3C
:10363000041C039BC3FB081C82FB06380C910199F8
:10364000CEFB0038C9FB01380799C1FB0738029946
:103650000C460B99C1FB04380D938BFB003101988C
:10366000CEFB0631C2FB00317800C9FB0031079860
:1036700004460298C4FB00310B98C0FB0531089842
:103680000E910B938BFB0631CEFB00310298C2FBEF
:103690000731C9FB0031C4FB0531CDE90F31019B76
:1036A000680002998BFB0334CEFB0734C6FB06345B
:1036B000C2FB01340799C9FB00340498C1FB0034F4
:1036C0008BFB07160793039B0898C3FB0E16069BFC
:1036D000C3FB00160A98C2FB05160B463146C9FB10
:1036E0000031CDE91131029B8BFB0310069BCEFB11
:1036F0000510C3FB0710019B1E46089BC6FB031069
:103700000A9BC2FB0310059B0E46C9FB03608BFBA3
:1037100005130896049ECEFB0613069EB146039E33
:10372000C9FB0613019EC6FB0713059E8946069931
:10373000C2FB069313930A9BCDF80C908BFB03936B
:10374000CEFB0693C1FB0593DDE90116C1FB069391
:103750000999C7FB0793C2FB01930A93059B0E4689
:103760008BFB0312069BCEFB0612049EC3FB0612C4
:10377000019BC3FB0512029D0E461346C7FB056362
:1037800006930C9B0C9D13F1007E05964CF10001F5
:103790004FEA9E6E4EEA811E01F07C434FEA8E6234
:1037A00043EA9E13AD1A6CEB03030995079D0C9336
:1037B0000D9B13EB0E0E079B48EBA16813F1007CE9
:1037C00044F100034FEA9C6C4CEA831C03F07C41FB
:1037D0004FEA8C6241EA9C11AA1A64EB0104119928
:1037E00011EB0C0C129941EBA3631EF1807648F1AA
:1037F0000001760E46EAC116AEEB466507950B9DB5
:10380000AD1901950E9D45EB61611CF1807E43F180
:1038100000064FEA5E6343EAC613ACEB43650B95C3
:10382000089DEB18029340EB6663019810F1007657
:103830000F9841F100014FEA966848EA811810EBB1
:10384000080B109840EBA161029810F1007643F14B
:103850000000B60E039B46EA80169B190393139B48
:1038600043EBA0631BF1807C41F100004FEA5C6CEC
:103870004CEAC01C12EB0C0244EB6061039804920A
:1038800010F180750A9843F100036D0E45EAC315E7
:1038900019EB050940EB636312F100774FF0130257
:1038A00041F1000119F100744FEA976743F10003F9
:1038B000A40E47EA8117059944EA83140919A9EB74
:1038C00084640591069941EBA363059911F1807019
:1038D00043F10003400E40EAC3105B16A0FB021E3A
:1038E00002FB03E3099A89180C9A43EB020311F1D6
:1038F000007E43F100034FEA9E6E4EEA831E079B53
:1039000013EB0E03A1EB8E61CAF80430019BCAF8D9
:103910000010A3EB8863CAF80830ABEB4C63CAF81D
:103920000C30049BA3EB87620B9BDF19CAF81020B5
:10393000CAF81470029BCAF82040A3EB8666039B6A
:10394000A3EB4565059BCAF81860A3EB4060CAF875
:103950001C50CAF8240015B0BDE8F08F0029A1BFA3
:10396000CB1001F00701C05C40FA01F1ACBF01F0DF
:10397000010000207047000070B500F11C02041F18
:10398000084E0120002556F8041B54F8043FC94393
:103990005B1845EB05011B1841F10000A242F2D172
:1039A00070BD00BFB4BB0008F8B500240646084649
:1039B0000D46FFF7E1FFDFF834C00246C117C0F142
:1039C000000E20465CF8043B55F824702EEA0303F1
:1039D000DB1940EB00079B1846F8243004F1010482
:1039E00041EB07020021082CECD1F8BDB4BB000864
:1039F00010B50446FFF7CEF804F12800FFF7CEF823
:103A000004F15000FFF7CAF804F17800BDE8104057
:103A1000FFF7C0B838B50A4605460C462831FFF70F
:103A2000D9F82830FFF7E4F804F1500105F150000F
:103A3000FFF7BCF804F1780105F17800024ABDE80F
:103A40003840FFF7F3BA00BFFCBB00082DE9F04394
:103A500095B0044616460D460A466846283104F1DC
:103A60002808FFF7B7F80AA8FFF7C2F832466946F8
:103A70006846FFF7DBFA0AA906F1280204F15007AD
:103A8000084604F17809FFF7D1FA0AAA69464046C8
:103A9000FFF7A0F82046FFF7ABF805F150023846D3
:103AA0001146FFF797F806F150023946FFF7BEFAC4
:103AB00006F1780205F178014846FFF7B7FA4A4661
:103AC00039466846FFF786F80AA8FFF791F842469C
:103AD00021464846FFF7AAFA0AAA21462046FFF7E0
:103AE000A5FA6A4641464046FFF7A0FA0AAA694687
:103AF0003846FFF79BFA15B0BDE8F0832DE9F84F83
:103B00000A9E1C460546904618460F460A4628312E
:103B1000FFF760F8304605F1280AFFF769F84246DA
:103B20002146204605F15009FFF780FA08F12802E6
:103B300031463046FFF77AFA324621465046FFF7C3
:103B400049F82846FFF754F807F1500205F1780BC1
:103B500048461146FFF73EF808F1500207F1780198
:103B60005846FFF763FA5A4649462046FFF732F8AF
:103B70003046FFF73DF8524629465846FFF756FAB9
:103B8000324629462846FFF751FA2246514650460A
:103B9000FFF74CFA324621464846BDE8F84FFFF79A
:103BA00045BA00002DE9F0471446894607461046FD
:103BB00004F1280809F1280A04F15005FFF7F4FC84
:103BC00051464046FFF7F0FC09F15001284604F148
:103BD0007806FFF7E9FC294628460222FFF73EF95E
:103BE000494607F1780952463046FEF7F3FF314661
:103BF0004846FFF7D9FC224641463046FEF7EAFF29
:103C00004046FEF7F5FF324649462046FEF7F0FFF4
:103C1000424629462846FEF7EBFF2A46214638460B
:103C2000FFF704FA4246314607F12800FFF7FEF994
:103C30002A46414607F15000FFF7F8F9324621467F
:103C40004846BDE8F047FFF7F1B9000038B5FC225F
:103C500004460D4611462846FFF780FE08B9013A92
:103C6000F8D14FF6FF7301322380E270A37038BDA4
:103C70002DE9F84F9846C37805460E4693420CD17D
:103C800011464046571EFFF769FE04464046394636
:103C9000FFF764FE844209D1EF70B5F9003093421A
:103CA0000CBF95F902000020BDE8F88F511C4FF0C1
:103CB00000098E42A8BF0E4606F1FF3A971B04FA90
:103CC0000AF4BB466442CA450BF1010B09DD5946B3
:103CD0004046FFF743FE00FA09F009F101090444E8
:103CE000F1E739464046FFF739FE0444634223407A
:103CF00013F0AA0F14BF0120002013F0CC0118BF4D
:103D0000022113F0F00340EA010018BF0423511C04
:103D100003438E1B1E4444FA03F32E80AB70BBE7B3
:103D2000D0E9103210B5D0F8D04000211B1952F163
:103D3000000228BF0121C0E9103231B1D0E91232AE
:103D4000013342F10002C0E9123210BD70B50D46D8
:103D5000A0F1080600F1780428460835FEF7C0FAFD
:103D6000E6E90201A642F7D170BD0000F8B50446AD
:103D70000D468E180027B54218D0D4F8D030802BCD
:103D800007D12046FFF7CCFF0021FEF705FBC4F862
:103D9000D070D4F8D020204615F8011BFEF7D8FECD
:103DA000D4F8D0300133C4F8D030E4E7F8BD0000D7
:103DB00008B5FEF7E1FA0843B0FA80F0400901388F
:103DC00008BD000000231A468B4202D0C2540133C2
:103DD000FAE7704770B59EB005460C460426684663
:103DE000FFF7E2FB69460AA8FFF7DEFB0AA90846CF
:103DF000FFF7DAFB0AAA21461046FFF717F90AAACD
:103E000069466846FFF712F969466846FFF7CCFB3A
:103E10006A460AA96846FFF709F969460AA8FFF742
:103E2000C3FB0AA90846FFF7BFFB013EF9D16A466A
:103E30000AA968460926FFF7F9F869460AA8FFF7B4
:103E4000B3FB0AA90846FFF7AFFB013EF9D10AA967
:103E50006A4613260846FFF7E9F80AA914A8FFF7EF
:103E6000A3FB14A90846FFF79FFB013EF9D10AAA5C
:103E700014A909261046FFF7D9F80AA90846FFF742
:103E800093FB0AA90846FFF78FFB013EF9D16A466A
:103E90000AA968463126FFF7C9F869460AA8FFF75C
:103EA00083FB0AA90846FFF77FFB013EF9D10AA967
:103EB0006A4663260846FFF7B9F80AA914A8FFF76F
:103EC00073FB14A90846FFF76FFB013EF9D10AAA5C
:103ED00014A931261046FFF7A9F80AA90846FFF7EA
:103EE00063FB0AA90846FFF75FFB013EF9D16A466A
:103EF0000AA96846FFF79AF869466846FFF754FB37
:103F000069466846FFF750FB224669462846FFF798
:103F10008DF828216846FFF755FF0DEB0100FFF7EC
:103F200051FF14A8FFF74EFF1EB070BD10B58CB046
:103F3000044602A80191FFF74DFF02A90846FFF7CA
:103F400033FB02A90846FFF72FFB02A9019A084696
:103F5000FFF76CF802A90846FFF726FB019A02A9B1
:103F60002046FFF763F8282102A8FFF72BFF0CB0CB
:103F700010BD000070B58AB002460B4601F128065C
:103F80006D461868083353F8041C2C46B34203C42A
:103F90002546F6D11321099B684600244B43694608
:103FA00003F180735B160568013408302B4450F828
:103FB000045C052C05EBA3634FEA6363F3D1132084
:103FC000002443430868013408310344052C23F0DE
:103FD0007C4041F8080C51F8040C00EBA3604FEA58
:103FE000606320F07E4041F8040CEBD11046DDE91F
:103FF000003143EA8161FEF77FF90299019B101DB0
:10400000C90441EA9311FEF777F90399029B02F183
:104010000800490341EA5331FEF76EF90499039B06
:1040200002F10C00890141EAD341FEF765F902F182
:104030001000DDE9053143EA4161FEF75DF90799BA
:10404000069B02F11400C90441EAD311FEF754F9AA
:104050000899079B02F11800090341EA5331FEF762
:104060004BF90999089B02F11C00890141EA13519F
:10407000FEF742F928216846FFF7A4FE0AB070BD9A
:104080002DE9F04F2DED028B9DB00C4664220021EE
:1040900008EE100A03A8FDF7FBFE0DF10C08002244
:1040A000DFF8E0E0414604F13C099246CDF800809B
:1040B0005EF8043B251F8C4600269846284650F89B
:1040C000047FD346DCF800300197019FE8FB073BF3
:1040D0009B194BF1000681454CF8043BEFD10132AE
:1040E0000E640431092AE3D10021202203A8FDF740
:1040F000CFFE002103AB8E461A6C0020DFF888A0AB
:104100009C4690460646C1F108095AF8047BF346DE
:10411000DCF8002001300197019FE8FB072B921982
:104120004BF1000648454CF8042BEED30131043323
:104130000829E1D11C3401210020009B1A6855F8A0
:10414000043FD2439B1840EB00025B18009941F8F2
:10415000043B009142F10001A542EED103A90846BB
:10416000FFF722FC082203A918EE100AFEF7DAF87E
:10417000642103A8FFF726FE1DB0BDEC028BBDE84D
:10418000F08F00BF0CC10008B4BB000810B588B0A8
:1041900001466846FFF7EEFE9DF800406846202184
:1041A00004F00104FFF70EFE204608B010BD000029
:1041B00030B59FB00D46044650316846FFF7B6FE55
:1041C0006A4629460AA8FEF731FF6A4605F128012A
:1041D00014A8FEF72BFF14A92046FFF7CBFE0AA870
:1041E000FFF7D4FFE37F282183EAC010E077684619
:1041F000FFF7E8FD0DEB0100FFF7E4FD14A8FFF762
:10420000E1FD1FB030BD000010B590B00446102293
:1042100001466846FEF778F869462046FFF730FF0A
:1042200040216846FFF7CEFD10B010BD10B590B02C
:104230000C4601466846FFF79DFE214608A8FFF799
:1042400099FE08A96846FFF7B3FD20210446684699
:10425000FFF7B8FD0DEB0100FFF7B4FD601C10B0D7
:1042600010BD0000F0B595B004466846FEF79EFC10
:1042700069462046FFF7AEFD21460AA8FFF794F9EC
:104280000AA96A460846FEF7D1FE6846FEF786FC94
:1042900069460AA8FFF7CAFF694606466846FEF760
:1042A0008FFC0AA8FFF7C2FF104A05466846114670
:1042B000FEF786FC69460AA8FFF7B8FF07462146C5
:1042C00068460A4AFEF7B2FE45EA070269462046FA
:1042D000FEF79CFC28210DEB0100FFF773FD6846FB
:1042E000FFF770FD46EA050015B0F0BD64BC00089C
:1042F000DFF880C02DE9F0419046A0B004460E469C
:104300001D4600F108070CF138026346083703CB5D
:10431000934247F8080C47F8041C9C46F5D186EAFE
:104320000522124B0021534000222360104B636092
:104330000023C4E93416C4E91023C4E912238DB163
:104340007C2201A80091FDF7A3FD2A46414668465C
:10435000FDF778FD694604F15000FFF7F7FC802374
:10436000C4F8D03020B0BDE8F08100BF08C9BDF26C
:1043700067E6096A2CBC0008002340211A46FFF7B3
:10438000B7BF00008830FFF7F7BF00002DE9F04706
:1043900004460D4617469AB3D0F8D0604FF0000A95
:1043A00004F150094FF08008764206F07F069642ED
:1043B00028BF164632463544BE1BFFF7D7FC26F011
:1043C0007F072F44AF4213D0D4F8D030802B07D1D1
:1043D0002046FFF7A5FC0021FDF7DEFFC4F8D0A0C2
:1043E00029464846FFF7B2FC8035C4F8D080E9E79B
:1043F00006F07F0239462046BDE8F047FFF7B6BC1D
:10440000BDE8F0878830FFF7C1BF00002DE9F84311
:1044100004460D46D0F8D0607F2E06D832460021E3
:1044200020460136FEF794FBF6E72046A4F1080784
:10443000FFF776FC0121FDF7AFFFD4F8D4202E461C
:1044400022F00708A84446450CD057F8081F30460C
:10445000D7F80490FDF750FF301D08364946FDF7A8
:104460004BFFF0E722F00703D4F8D4209A4217D983
:1044700003F0070223F00700DE08D100204454F8BF
:1044800036204768C1F12006A1F12000CA4007FA92
:1044900006F627FA00F032430243EA540133E3E719
:1044A0002046D821BDE8F843FFF78CBC8830FFF7E1
:1044B000ADBF000010B5B6B004466846FFF718FF60
:1044C0006846DDE93812FFF761FF21466846FFF7CD
:1044D0009DFF36B010BD0000002307B5CDE90012E6
:1044E0001A464021FFF7E6FF03B05DF804FB000029
:1044F00003689B68184700002DE9F0410E4604460A
:1045000015460139024606F13F0042F8043B11F816
:10451000017F814202F8017BF9D16A1E04F1640136
:1045200005F11F0012F8017F824201F8017BF9D1E9
:1045300020465B6898472368314620469B682022C6
:1045400098472368294620469B682022BDE8F04111
:1045500018470000014BFFF7CFBF00BF30C1000874
:10456000FFF7C6BF2DE9F04F8046ADF56F7D0546DC
:1045700058F8043B16A905F1240A05F16409DB6823
:1045800026AC984716A8FFF73FFE0822514604A81C
:10459000FDF7BAFE494630A8FEF74CFB3AA8FEF7F5
:1045A000FDFA30A944A8FEF7FFFF864A44A9204639
:1045B000FEF73CFD44A93AAA0846FEF719FB20463F
:1045C0002146FEF707FB44A92246FEF72FFD2146B0
:1045D0002046FFF747FE28B94FF0FF300DF56F7DFD
:1045E000BDE8F08F224644A92046FEF71FFD204675
:1045F000FFF7CCFD95F88330B0EBD31F03D02146F5
:104600002046FEF7DDFA44A830AA2146FEF70EFD4B
:1046100004A8FFF7B1F90028DED121462046FEF7B5
:10462000CFFA44A94EAF0846FEF7CAFA76AA214649
:104630003846FFF7B7FA21469EA8FFF7EBF99EAA86
:10464000394676A8FFF702FA76A9C6A8FFF7E2F97D
:1046500016A902A8FFF7FAFA03A85146FFF7F6FADF
:104660009DF80B609DF80F3020469E4238BF1E46D5
:10467000FFF7BEF93A4621462046FFF793FA16ABFC
:104680003246032102A8FFF7F3FA054653460521F7
:1046900003A8FFF7EDFA002D834623DD6D10A0225D
:1046A0009EAB02FB053221462046FFF7CFF9BBF156
:1046B000000F3ADD76AB44494FEA6B0B782200934A
:1046C000204602FB0B120CAB2146FFF717FA013E06
:1046D000D0D226A94846FFF76BFD49464046FFF772
:1046E00067FB7BE7E3D005EBD5756FF09F019EABD1
:1046F00080A86D104D435919FEF758FA9EAB05F18D
:10470000280176A81944FEF751FA9EAB05F1500135
:104710008AA81944FEF74AFA9EAB05F1780194A8DD
:104720001944FEF74DFA76AABDE7D0D00BEBDB7348
:10473000254A6FF0770530A95B100CA803FB05250F
:104740002246FEF747FA76A8FEF752FA0CA905F1C1
:1047500028020846FEF76AFC76A92A460846FEF7B4
:1047600065FC76AA0CA930A8FEF734FA2046FEF7BD
:104770003FFA3AAA11461046FEF72CFA44A905F171
:1047800050020846FEF752FC44AA3AA90CA8FEF7CC
:104790002FFA76A8FEF71EFA30AA214644A8FEF7A3
:1047A00045FC76AA21462046FEF740FC30A90CAA1B
:1047B0000846FEF73BFC76AA0CA93AA8FEF736FCA1
:1047C00085E700BFD4BB00088CBC000801218842EB
:1047D00038BF084605F076B908B105F077B97047DB
:1047E00010B5084C01220849002001F0B3FE2378DF
:1047F0003BB1064803F016FD044803F049FD0023D1
:10480000237010BDE833002044C10008C8360020E2
:104810001D482DE9F041036D2BB901224FF4805161
:10482000503005F0DBFA194E33780BB1FFF7D8FFA3
:104830000324174F4FF00008134D15492846C7F8B9
:10484000048003F017FD284603F050FB48B1013CFB
:10485000284603F01DFD14F0FF04EED1204634700D
:104860000FE00C4901220C4801F074FE014618B11A
:10487000284603F0D7FCEAE7084800F011F80120C9
:104880003070BDE8F08100BFC8360020E83300205A
:104890003C22002044C10008EC33002048C100083D
:1048A0000FB4002004B070470068704703460068EA
:1048B000596870470B0A017043700B0C090E837026
:1048C000C1707047110A027003714170110C120E11
:1048D0008170C2701A0A42711A0C1B0E8271C37168
:1048E00070470000C36A0239023B8B4283BF438991
:1048F000006C01FB0300002070470000C2F3072397
:104900008A76CB760378032B01BF120C0A75120A44
:104910004A75704700F10B010022D30143EA5203AC
:1049200010F8012B52FA83F38842DAB2F5D110461F
:104930007047000010B5417804460020013102465E
:104940004901022A16BFA35C032203EBC03302F124
:1049500001021EBF9BB203EB500398B29142F0D804
:1049600010BD000002684AB1134613F8011B1F294D
:104970000DD93A29F9D1911C8B4202D04FF0FF306A
:1049800070471278302AF9D1036000207047014B3C
:10499000187870473836002038B50D46044618B9E7
:1049A000092000232B6038BD0368002BF8D01A784B
:1049B000002AF5D08188DA889142F1D1587804F044
:1049C000EFFB10F00100EBD12368EBE738B50D46A3
:1049D00040F25231144602F0B9F9FF2807D9012CF0
:1049E0000BD9030A022468702B70204638BD30B101
:1049F000002CFAD001242870F7E70024F5E70446DC
:104A0000F3E700002DE9F8430026D0F800800546C2
:104A10000C468E76836B002B4AD098F80030042B1E
:104A20004BD133463546402720E0B7F5187F80F05C
:104A3000C480F90606F1010608BF0237D05B0237D1
:104A40002BB900F5205292B2B2F5006F0DD305F1EB
:104A50001A01C5F1FF0240EA03402144FFF7B6FF07
:104A6000002800F0AA80054400200346D8F8102052
:104A700092F82310B142D8D8002B40F09E80002D30
:104A800000F09B8000232544AB766373D8F8102098
:104A9000137903F03701DB0621730BD402F13800E0
:104AA000FFF704FFC4E9000193896381D38923815F
:104AB000BDE8F88300200146F4E7C36C01335ED102
:104AC000EA6B00232E26551E184615F8011F0130EB
:104AD00020290CD0052908BFE521092804D10B2B7A
:104AE0009EBFE71801337E73E718013379730B28F3
:104AF000EBD1E11800204873A17E00294BD1002B97
:104B000040D06FF00C0604F10D000825361B331859
:104B100010F8011B002938D02E298BB24AD0A3F1FE
:104B20004101192903D8117B0D4200D020330373B2
:104B3000EDE7B9F1000F05D100F520539BB2B3F5B5
:104B4000006F0BD307F11A01C7F1FF0240EA0940D9
:104B50002144FFF73BFF48B107440020023681465D
:104B6000D8F80C30985B0028E3D13846B9F1000F33
:104B70004FF0000218BF002023189A76A0E7B14634
:104B80003746EDE73F23A37601232344002199769E
:104B9000137B03B96373D37A02F11C0003F03F0364
:104BA00023730023FFF780FE20606360D38A638154
:104BB000138B7CE710250B46B9E73F230125A3762D
:104BC00060E7000038B50546002435F8020B08B947
:104BD000204638BD02F0EEF86308C2B203EBC433DE
:104BE00012FA83F39AB2C0F3072303EB520303EBE9
:104BF000C2339CB2E9E7000037B5C37804461BB95D
:104C00000025284603B030BD00F14C01826C012321
:104C10004078019104F0EAFA054680B9A36BE07090
:104C2000A06C226BC31A9342EAD2A3780199022B9B
:104C3000E6D102440123607804F0D8FAE1E70125C7
:104C4000DFE7000038B5836C05460C468B4210D078
:104C5000FFF7D2FF60B92246012305F14C016878C5
:104C600004F0A0FA00281CBF4FF0FF340120AC6410
:104C700038BD0020FCE7000038B500230446C370AF
:104C80004FF0FF338364FFF7DDFF00284BD1B4F80A
:104C90004A524AF655239D4207D10B22254904F179
:104CA0004C0006F099FE00283FD094F84C30EB2BD6
:104CB00003D01833DBB2012B2ED84AF655239D4280
:104CC00006D108221C4904F19E0006F085FE48B377
:104CD000B4F85730B3F5007F1ED194F85930DBB1EA
:104CE0005A1E1A4218D1B4F85A30ABB194F85C305D
:104CF000013B012B10D8B4F85D306BB1B4F85F30D4
:104D00007F2B06D804F16C00FFF7CEFDB0F5803F95
:104D100002D3B4F8623053B94AF6552085420CBF2D
:104D20000220032038BD0420FCE70120FAE7002020
:104D3000F8E700BF74C1000880C1000802392DE9FE
:104D4000F04701F007044FF0010A466C05460AFAE5
:104D500004F41746984606EB1136C1F3C809E4B2CD
:104D6000314628460136FFF76DFF18B10120BDE836
:104D7000F087994605EB090292F84C30234214BFA4
:104D800001210021414513D06340013F82F84C309E
:104D900085F803A0EBD0640014F0FF04EAD109F118
:104DA000010301244FF00009B3F5007FE1D1D7E7FB
:104DB0000220DCE701290246F8B50C4640F28C805F
:104DC0000668F36A8B4240F287803378013B032BFD
:104DD00000F28280DFE803F00229384B04EB54052F
:104DE000B16B304601EB5521FFF72CFF10B14FF0AE
:104DF000FF30F8BD6F1CC5F30805B16B3046354474
:104E000001EB572195F84C50FFF71CFF0028EED11D
:104E1000C7F30807E3073E4496F84C0045EA002034
:104E20004CBF0009C0F30B00E3E7B16B304601EB68
:104E30001421FFF707FF0028D9D1640004F4FF74A0
:104E40002644B6F84C00D4E7B16B304601EBD411E0
:104E5000FFF7F8FE0028CAD1A40006F14C0004F4C4
:104E6000FE742044FFF720FD20F07040C1E7D0E938
:104E70000430D57953EA000101D0916801B95DBBD6
:104E80009168022DA4EB01010DD1013B728940F123
:104E9000FF305B0A43EAC053B3FBF2F399421BD8DD
:104EA0001CD0601CA5E7032D02D193698B42F8D872
:104EB000D3699BB9B16B304601EBD411FFF7C2FE49
:104EC000002894D1A0004C3600F4FE703044FFF767
:104ED000EBFC20F000408CE701208AE76FF00040F7
:104EE00087E70000F8B5066804460D463378042BC2
:104EF0000CBF4FF080524FF400128A4201D80220BA
:104F0000F8BDCA06FBD182680163D2B9022B13D85F
:104F10003389B3EB551FF2D9F36BA363A36B6263C1
:104F2000002BECD003EB55234C36C5F308050020CD
:104F3000A3633544E563E3E7F36BC271002BE7D06D
:104F40001A4677897F02BD42114604D23046FFF7E8
:104F5000C9FCA063E2E72046FFF72CFF431C024692
:104F600006D00128CBD9F36A8342C8D9ED1BEAE702
:104F70000120C5E701292DE9F04706460C461746F2
:104F800008D9C36A8B4205D90378022B62D003D8B3
:104F9000012B22D0022552E0033B012BFAD8816B72
:104FA00001EBD411FFF74EFE0546002847D1A400BF
:104FB00006F14C0304F4FE741C443378042B07D030
:104FC000204627F07047FFF76FFC00F07040074362
:104FD00039462046FFF76EFC2FE001EB5108816B4C
:104FE00001EB5821FFF72EFE054640BB14F00104EB
:104FF00006F14C0908F1010AC8F3080808BFFBB222
:1050000030461FBF19F8083003F00F023B0103F0D0
:10501000F00318BF134309F808300123B16BF37094
:1050200001EB5A21FFF70EFE054640B9CAF3080A04
:1050300044B1C7F3071709F80A700123F370284633
:10504000BDE8F08719F80A30C7F3032723F00F03F0
:105050001F43F0E7816B01EB1421FFF7F3FD0546D9
:105060000028ECD1640006F14C0304F4FF741F55D2
:105070001919C7F307274F70DFE70000F8B504469A
:105080000E461746E3690BB91846F8BD012BA6EB8F
:105090000305206814BFAA1C3A46691CFFF76AFF83
:1050A0000028F2D1E369013BE361EBE701292DE937
:1050B000F84306460C461746056802D80220BDE8AC
:1050C000F883EB6A8B42F9D97AB9A146214630467A
:1050D000A046FFF76FFE0446B0B92B78042B02D12F
:1050E000002F43D1F7710020E9E72B78042B02D180
:1050F000C379022BE9D04FF0FF3239462846FFF73B
:1051000039FF0028E1D0DAE70128D7D0421C01D1CD
:105110000120D4E72B78042B19D1EA6AAB69023A53
:1051200093421CD308F10102A2420CD02B78042B2D
:1051300008D10023A2EB090249462846FFF7FEFDED
:105140000028BCD1A146EB6AA342BFD8C5E7002224
:1051500041462846FFF70EFF0028DED0AFE70133B7
:10516000AB612B7943F001032B71DBE7F3798BB94A
:10517000B468BC4202D10223F371B4E72146304641
:10518000FFF718FE012899D9431CC1D0013484428D
:10519000EFD0A8E7032BA6D1B368BB42A3D8B2696E
:1051A0001344BB429FD3E6E770B5C3790446032B93
:1051B00006D181688369CD18A94203D10023E37128
:1051C000002070BD4E1C20683246FFF7D3FE002839
:1051D000F7D13146F0E700002DE9F743054601918C
:1051E000FFF70AFD0446002849D105F14C09019951
:1051F00028464FF40072FFF775FB2146A864074666
:105200004846FCF745FE6C896402B4F5004F28BFA0
:105210004FF40044B4F5007F2FD9204604F05AFC27
:10522000804630B122460021640A0026FCF730FE99
:1052300009E06408EEE72346BA194146687803F0AE
:10524000D5FF18B926446B899E42F4D3404604F03A
:1052500051FC6889801B18BF012003B0BDE8F083B2
:1052600001366B899E42F4D20123BA194946687807
:1052700003F0BCFF0028F3D0EBE70026F1E70120A4
:10528000EBE70000F8B50446FFF7B6FC054600283A
:1052900042D12378032B37D12779012F34D104F160
:1052A0004C0601464FF400723046FCF7F1FD5523E1
:1052B0004122722184F84A32AA2304F50D7084F841
:1052C0004F2084F84B32522384F8301284F84C304B
:1052D00084F84D30612384F8311284F84E3084F81C
:1052E0003332A16984F83222FFF7E4FA616904F5E8
:1052F0000E70FFF7DFFA626B3B4631460132607891
:10530000A26403F073FF257100226078114603F058
:1053100091FF003818BF0120F8BD000000232DE9DF
:10532000F0430B6085B00F461546FFF71BFB061ECA
:10533000C0F2B281804B53F82640002C00F0AE81C1
:105340003C6005F0FE0523786BB1607803F028FF20
:10535000C70708D41DB110F0040500D00A2528465F
:1053600005B0BDE8F0830023F0B22370607003F055
:1053700003FFC10700F194810DB14207EED4002173
:105380002046FFF779FC022840F099806E4604F22F
:10539000122304F25221324618461033FFF784FAE2
:1053A00042F8040B8B42F7D1002556F8041B002964
:1053B0007DD02046FFF760FC012879D80128A26C37
:1053C00040F0C08004F1570304F18C0113F8015B35
:1053D000002D7BD18B42F9D1B4F8B430B3F5807F86
:1053E00074D194F8B830092B70D104F19400FFF710
:1053F0005DFA4FF0FF33171841F10001BB4275EB26
:10540000010363D304F1A000FFF74EFA94F8BA3019
:105410002063012BA37059D194F8B99003FA09F9CC
:105420001FFA89F36381002B50D0444B04F1A8008C
:10543000FFF73AFA0646984248D8831C626304F1A3
:10544000A400E362FFF730FA00EB020804F19C00CD
:10545000C4F84080FFF728FA10441FFA89F2A063CD
:1054600006FB02F313EB080345EB05029F4271EBC9
:1054700002032BD32E4604F1AC00FFF715FAE063CC
:1054800065B96389B34221D9E16B2046FFF72AFA57
:1054900081192046FFF7D6FB98B90136631993F8B6
:1054A0004C30812B14D02035C5F30805E8E70320E4
:1054B0000135042D7FF479AF042807D101E00428D9
:1054C00001D101254BE701287FF678AF0D2546E78E
:1054D00005F1140004F14C063044FFF7E5F901280A
:1054E0000546F3D9E36A8342F0D96189821E236CB1
:1054F00002FB01336364A16B204601EBD511FFF77A
:10550000A1FB0028DDD105F07F0006EB8000FFF74E
:10551000CBF9431C03D00135A842ECD0D6E70425D3
:10552000C4E90500064A257000251388E5610133AA
:105530009BB21380E38012E73C360020FDFFFF7F23
:1055400040360020B4F85730B3F5007FBED1B4F830
:10555000626026B904F17000FFF7A6F9064694F8D8
:105560005C302663591EA3700129AFD894F85950B6
:105570006581002DAAD0691E2942A7D1B4F85D80AB
:1055800018F00F0FA4F80880A0D1B4F85F0018B984
:1055900004F16C00FFF788F9B4F85A10002995D08F
:1055A00006FB03FE01EB181CF44460458ED3A0EB10
:1055B0000C00A842B0FBF5F388D33E48834285D85F
:1055C0004FF6F57083426DD903259F1C114402EB01
:1055D0000C03032DE7626263A16323644CD1B4F82A
:1055E000763053EA08037FF471AFBB0004F1780012
:1055F000FFF75AF9E06303F2FF13B6EB532FFFF402
:1056000065AF4FF0FF33032DC4E905334FF080033E
:10561000237187D1B4F87C30012B83D1511C2046F3
:10562000FFF710FB00287FF47DAFB4F84A224AF65A
:10563000552320719A427FF475AF1F4B04F14C0043
:10564000FFF732F998427FF46DAF03F1FF5304F591
:105650000C70FFF729F903F50053203398427FF4CB
:1056600061AF04F50D70FFF71FF9A06104F50E702E
:10567000FFF71AF9606155E7B8F1000F3FF426AF64
:105680007144022D4FEA4703E1631EBFD91907F0A9
:10569000010303EB5103AEE70B2560E60C255EE644
:1056A00003255CE640F6F575AB428CBF022501256B
:1056B0008BE700BFF5FFFF0F525261412DE9F84F14
:1056C00007460568884649B96E69C6B1EB6AB342B8
:1056D00098BF0126AB69A3B9002405E0FFF76AFB78
:1056E0000128044603D801242046BDE8F88F421C57
:1056F00000F0D280EB6A8342F6D84646EAE70126FC
:10570000E8E72A78EB6A042A40F08380A6F1020ACF
:10571000023B4FF0010B9A4528BF4FF0000AD146DB
:10572000696C284601EB1931FFF78CFA00283BD150
:1057300009F00703EA6AC9F3C8010BFA03F3901EE4
:10574000DBB26A184C4609F1010992F84C208145F8
:1057500002EA030233BF5B0000234FF40071DBB2A7
:1057600028BF9946B2B90234631E0333BCD8012363
:10577000214628461A46FFF7E1FA0228B3D001284D
:1057800000F08A80B8F1000F13D10223FB710028CA
:10579000A9D130E0CA450AD0002BD2D10131B1F5F0
:1057A000007FBDD20123CCE74FF0FF34DCE70024BB
:1057B000DAE7FB79022B07D1731CA342E7D0BB6861
:1057C000F31ABB610323FB7108F10102FB69A242DA
:1057D00005D113B10133FB61D9E70223FBE70BB914
:1057E0000123FB61224641463846FFF747FC00286B
:1057F0004FD10123FB61EA6AAB69023A6C619342C3
:105800009CBF03F1FF33AB612B7943F001032B7194
:105810006AE7464514D1741C3846A34298BF022457
:105820002146FFF7C7FA01283FF45DAF431C33D090
:10583000E0B16B69012B03D9EA6A934238BF1E4677
:1058400034460134EB6AA34203D8012E7FF644AFFD
:10585000022421463846FFF7ADFA48B101283FF44B
:1058600042AF013018D0B442EBD135E7002CE7D07D
:105870004FF0FF3221462846FFF77CFB48B9B8F1CC
:10588000000FB8D0224641462846FFF773FB002898
:10589000B1D001287FF427AF4FF0FF3424E7000098
:1058A0002DE9F84306680446076B894633782037AC
:1058B000042B0CBF4FF080534FF40013BB429CBF2E
:1058C00000238363836B73B1C7F30808B8F1000F3B
:1058D0003CD10133416B836339B93389B3EB571F33
:1058E00034D80023A36304200AE07389013B13EA40
:1058F00057232BD1FFF75EFA0128054602D8022074
:10590000BDE8F883421C01D10120F9E7F36A834224
:1059100016D8B9F1000FE4D0616B2046FFF7CEFE38
:105920000546C8B10128EAD0431CEDD001463046F7
:10593000FFF752FC0028E7D1E37943F00403E37159
:10594000294630466563FEF7CDFFA0634C36002044
:1059500027634644E663D3E70720D1E7F8B50E4650
:10596000002104460768FFF7BDFA98B90546A16B08
:105970003846FFF767F968B93A78E36B042A1B7871
:105980000CD11B060ED5054601212046FFF788FFE6
:105990000028ECD0042808BF072006E0E52B01D042
:1059A000002BF0D10135B542EED1F8BDC16C4B1CD6
:1059B0002DE9F04104460568066B1FD1E5274FF03D
:1059C0000108A16B2846FFF73DF998B92A78E36BE7
:1059D000042A09BF1A781F7002F07F021A7085F836
:1059E0000380236BB3420DD200212046FFF758FFFE
:1059F0000028E6D0042808BF022003E0FFF772FA6F
:105A00000028DBD0BDE8F0812DE9F04105460068B3
:105A1000A96B0669FFF716F9044620B9EB6B1A78F3
:105A2000852A03D002242046BDE8F081324603F1E6
:105A3000200153F8040B8B4242F8040BF9D177781C
:105A400001377F01A7F16003B3F5007FEAD8002199
:105A50002846FFF725FF04280446E3D00028E2D1BA
:105A6000A96B2868FFF7EEF804460028DBD1EB6B42
:105A70001A78C02AD6D106F1200203F1200153F88A
:105A8000040B8B4242F8040BF9D196F823300F2215
:105A90002C33B3FBF2F3B7EB431FC3D34FF04008F3
:105AA00000212846FFF7FCFE04280446BAD000284F
:105AB000B9D1A96B2868FFF7C5F804460028B2D110
:105AC000EB6B1A78C12AADD1B8F5187F09D206EB75
:105AD000080203F1200153F8040B8B4242F8040B37
:105AE000F9D108F120084745DAD8B8F5187F9AD8D7
:105AF0003046FEF71FFF7388834294D092E7000080
:105B00000B68002210B5036004460B6A83604B6A81
:105B1000C261C37123F0FF03896AC0E90432C16422
:105B2000FFF7E0F920B92046BDE81040FFF76CBF51
:105B300010BD0000F8B50368054601271C69204622
:105B4000FEF7F8FEA070000A6678E0702846E96C5F
:105B5000FFF7C8F920B1022828BF0220C0B2F8BD63
:105B6000A96B2868FFF76EF80028F4D1EB6B04F1FD
:105B7000200254F8041B944243F8041BF9D12B680B
:105B8000DF70002EE7D000212846013EFFF788FE97
:105B9000E0E700002DE9F8434FF0FF0806460768EC
:105BA000042445464FF6FF79B16B11B9002C73D030
:105BB00063E03846FFF746F8044600285DD1F06BF5
:105BC0000378002B6ED03A78042A11D1852B4DD161
:105BD000336B3046F364FFF717FF044600284CD1BF
:105BE0003B691B7903F03F03B3712046BDE8F8839E
:105BF000C27AE52B02F03F02B27143D02E2B41D086
:105C000022F0200108293DD00F2A40D1590637D56E
:105C100003F0BF05336B90F80D80F364437B43457D
:105C200030D1428B72BB03780D21FC6823F0400316
:105C3000DFF874E0013B4B4301211EF801CB30F843
:105C40000CC009B3FF2B1DD824F813C061460133E3
:105C500001320D2AF1D10278520605D521B1FF2B70
:105C600010D8002224F81320013DEDB20021304667
:105C7000FFF716FE0446002896D00023B363B4E76E
:105C8000AB42CBD0FF25F1E7CC45E1D0FAE72DB907
:105C9000FEF740FE404501D10024A6E74FF0FF3358
:105CA000F364A2E70424E8E71CC200082DE9F04FE2
:105CB000002187B00446D0F80090FFF713F9804622
:105CC00070B999F80030042B33D1D9F80C00FEF7E5
:105CD00079FF07462046FFF75DFF054620B1804665
:105CE000404607B0BDE8F08FD9F810309A8CBA4220
:105CF000F0D193F823B040265D4506D1D9F80C3099
:105D000033F81530002BE5D1EAE7F106D9F8103069
:105D100008BF0236985B01F04DF8D9F80C30824686
:105D200033F8150001F046F88245D3D1023601352B
:105D3000E2E74FF0FF0A4FF0FF3B5546C4F84CB086
:105D4000A16B4846FEF77EFF00285CD1E66B3778F2
:105D5000002F77D0F27AE52F02F03F03A37103D032
:105D6000120704D50F2B04D0C4F84CB04FE00F2B12
:105D700054D194F84B3058063FD4790645D5236B5F
:105D800007F0BF0796F80DA0E364737B53453ED13F
:105D9000738B002B3BD135780121D9F80C3005F0FD
:105DA0003F0501930D23013D5D43284B13F8012B63
:105DB000B25A71B3FF2D059329D81046049200F012
:105DC000F9FF6B1C03900293019B33F8150000F060
:105DD000F1FF039981421AD1049A029D1146059B55
:105DE0001B4A9342E2D133785A0604D519B1019B7C
:105DF00033F815305BB97D1EEDB200212046FFF768
:105E00004FFD00289CD080466AE7BD42BDD0FF25EB
:105E1000F3E74FF6FF708242E2D0F8E72DB9304643
:105E2000FEF778FD50453FF45BAF94F84B30DB074D
:105E30009AD40B2204F14001304605F0CDFD002834
:105E400092D14DE74FF004084AE700BF1CC200089A
:105E500029C200082DE9F04F90F84BB099B00446E4
:105E60001BF0A00540F068810668F26832F8153032
:105E7000002B4AD13378042B40F087800F230E3556
:105E80002046B5FBF3F5A91CFFF768FD8146002805
:105E900077D1236B0135A3EB4515E3795A07E56408
:105EA00035D523F004032046E371FFF77DF950BB9D
:105EB0004FF0FF32616B2046FFF7E0F818BBA36894
:105EC0002BB3214604A8FFF71BFEE0B970894FF4FD
:105ED0000071D4E90423E0FB01233069C4E9042301
:105EE0003830FEF7EFFC3069D4E904232830FEF7A0
:105EF000E9FCE379326904A843F0010382F8213018
:105F0000FFF718FE18B181463BE00135AEE7D6E950
:105F10000354402200212046FBF7BAFF85230121CC
:105F200040222370C0234FF0C10C04EB010884F819
:105F3000203000231E469E46571C04F802C0F0B2D3
:105F4000023204F807E021B135F8131009B101332A
:105F5000DBB20F0AA15408F802700232D706F2D160
:105F600035F813700136002FE6D184F82330831CF6
:105F700028466370FEF726FE84F82400000A84F8A1
:105F80002500484619B0BDE8F08F04F140070DF137
:105F9000100A1BF0010F97E807008AE8070000F0DD
:105FA000D38040234FF0010884F84B30BC46F3689F
:105FB000B8F1050F9AE80700ACE803002CF8022BB3
:105FC0004FEA12428CF8002059D9981E424630F808
:105FD000021F002942D10DF10F0C072102F00F0E14
:105FE000914612090EF13000392888BF0EF13700B2
:105FF00001390CF8010902D0B9F10F0FEED818AB36
:106000007E205A1802F8580C38460022914206D0D9
:1060100010F801CB02F1010EBCF1200F31D104F1D7
:106020003F0C072902F1010297BF18AB2020581836
:10603000013198BF10F8580C072A0CF80200F0D96B
:106040002046FFF733FE8146002878D108F1010889
:10605000B8F1640FAAD14FF0070992E74FF0100C86
:1060600001F0010E49080EEB4202D30344BF82F453
:10607000883282F02102BCF1010CF1D1A7E742463F
:10608000A9E77246C2E7216B2046A1EB4511FEF756
:1060900029FF814600287FF474AF4FF6FF78384619
:1060A000FEF738FC0190A16B3046FEF7CBFD814630
:1060B00000287FF466AFE36BE9B2019A4FF00D0C54
:1060C000D6F80CE05A734FF00F02DFF8E0A0DA7256
:1060D0004A1E18730CFB02F284469876D876404527
:1060E0001AF8019B0CF1010C18BF3EF8120003EBEB
:1060F000090B18BF013203F809004FEA10290028E4
:1061000008BF4046BCF10D0F8BF80190E7D1404528
:1061100002D03EF812200AB941F040011970012363
:1061200000212046F370FFF7BBFB814600287FF477
:1061300028AF013DB7D11BE04FF0060921E7042845
:106140007FF41FAF84F84BB01BF0020F20461BBF3B
:106150000C350D210125B5FBF1F518BF0135294698
:10616000FFF7FCFB814600287FF40BAF013D8AD18D
:10617000A16B3046FEF766FD814600287FF401AF33
:1061800001462022E06BFBF783FEE36B03CF186030
:106190005960BA7839889A72198194F84B30E26B59
:1061A00003F0180313730123F370EAE61CC200081E
:1061B00010B504460A463430FEF776FB886004F1D9
:1061C0003800FEF773FBC2E9040194F8213003F0B4
:1061D0000203D3710023D36110BD000003284B8B51
:1061E00004BF8A8A43EA0243184670472DE9F04FFC
:1061F0000B7899B0044689462F2BD0F800B001D017
:106200005C2B09D14A461378914601322F2BFAD0E4
:106210005C2BF8D0002301E0DBF81C30A3600023E6
:10622000E3619BF80030042B1ED1A368E3B1DBF8D7
:106230002030214604A82362DBF824306362DBF8B7
:106240002830A362FFF75CFC0346002854D1DBF83A
:10625000102002F13800FEF727FBC4E9040392F88E
:10626000213003F00203E37199F800301F2B00F294
:10627000358180230021204684F84B3019B0BDE8D9
:10628000F04FFEF72FBE49460B78894601312F2B80
:10629000FAD05C2BF8D01F2B8CBF00250425012FD2
:1062A0002FD113882E2B31D1002322F8173004F17F
:1062B00040029F428CBF2E21202101330B2B02F87C
:1062C000011BF6D145F02005204684F84B50FFF71E
:1062D000EDFC94F84B30002800F0E78004280BD147
:1062E000990603F0040240F1DC80002A00F0F680F9
:1062F0008023002084F84B3019B0BDE8F08F0425CE
:10630000CDE7022F02D153882E2BCAD0911E87BB16
:10631000002322F81730002F00F0118132F813000B
:10632000194601332028F9D009B92E2801D145F0AA
:106330000305901E30F817302E2B01D0013FF9D104
:106340004FF020334FF0000A6364D0462364C4F852
:1063500047300823481C32F811600090F6B1202E17
:1063600003D02E2E0DD1B84210D045F00305009970
:10637000F0E731F81730202B01D02E2BC8D1013F88
:10638000C5E79A4505D20099B9423BD10B2B30D1D4
:1063900001E00B2B27D145F003050B2394F8402097
:1063A000E52A04BF052284F84020082B04BF4FEAE9
:1063B00088085FFA88F808F00C030C2B03D008F06B
:1063C0000303032B01D145F00205A8073FF57CAF7D
:1063D00018F0010F18BF45F0100518F0040F18BF92
:1063E00045F0080570E70099B94202D045F0030571
:1063F000D4D84FEA88080B234FF0080A00975FFAB9
:1064000088F8B4E77F2E15D9304640F25231CDE9F5
:10641000022345F00203019300F098FC10F0800F76
:106420000646DDE9022316D000F07F0646498E5D60
:10643000019D46B331464548CDE9012305F018FBDF
:10644000DDE90123F8B9A6F1410189B219291ED865
:1064500048F0020810E0FF28EAD9591E8A4503D304
:1064600045F003059A4682E704EB0A01000A0AF1A7
:10647000010A019D81F8400004EB0A010AF1010ABA
:1064800081F8406073E745F003055F26F4E7A6F165
:10649000610189B219299EBF203E48F00108B6B2B9
:1064A000EAE7002A08BF052026E75A073FF524AF90
:1064B000A379DB0645D59BF80000042835D1A368F5
:1064C0002146E27923622369DBF8100023F0FF0301
:1064D00013436362E36CA362FFF76AFE236800273D
:1064E000DA6819F8010B00283FF409AF40F2523185
:1064F000009200F04BFC054608B31F28009A7FF677
:10650000FEAE2F283FF4BFAE5C283FF4BCAE7F2820
:1065100005D801460E4805F0ABFA009A78B9FF2F6E
:106520000DD022F817500137DBE7216B0BF14C033C
:10653000C1F308011944FFF751FEA060CEE7062021
:10654000DAE60520D8E600BF9CC1000895C1000826
:106550008CC100081FB5CDE9001003A814460391B3
:10656000FEF700FA002815DB0B4A52F820300BB179
:1065700000211970019B0BB10021197042F82030E5
:106580002CB1002201A96846FEF7C8FE0446204649
:1065900004B010BD0B24FAE73C3600202DE9F0478B
:1065A00098B0904605460191002800F0528102F013
:1065B0003F0603A901A83246FEF7B0FE002840F0CE
:1065C0004681039B4FF48C60049303F083FA0746E3
:1065D000002800F04081039B00F500720199D8600B
:1065E00004A81A61FFF702FE044620B99DF95B304A
:1065F000002BB8BF062418F01C0F00F0CD80002C33
:106600004CD0042C40D104A8FFF724FC04460028F9
:106610003AD146F00806039B1A78042A40F083809A
:10662000186929462B60FFF7C3FD039B1E2200213A
:1066300018690230FBF72CFC039C00211A22206908
:106640002630FBF725FC236920221A71246903F008
:106650007BFA0146012208342046FEF72BF9039B02
:1066600004A81B6983F82120FFF764FA044658B98F
:10667000A96801B302462846FEF718FDAB68039AE5
:106680000446013B5361B4B1384603F033FA0CB110
:1066900000232B60204618B0BDE8F0879DF8163027
:1066A00013F0110F40F0848018F0040F40F0C980FF
:1066B00018F0080FAFD1039A31071399936C48BFB4
:1066C00046F04006E964AB641078042872D1069B5A
:1066D0009DF817102B62089B106923F0FF030B43F2
:1066E00029466B62179BAB62FFF762FDDDF80CA0D9
:1066F0000024002205F15008BAF806302146404631
:10670000C5F800A0AB80002385F8306085F83140E3
:106710006C64C5E90E234FF40072FBF7B9FBB206B7
:1067200053D40024B0E703F00FFA01460090139809
:106730000E30FEF7BFF8139800991630FEF7BAF83E
:10674000039C13992078FFF749FD202300228046FF
:10675000CB7220461399FEF7D1F8139B002201213A
:106760001A775A779A77DA77039BD970B8F1000FC6
:10677000A1D0414604A8D3F84890FEF797FC044600
:10678000002881D149460398FEF75CFA039B044632
:1067900008F1FF30586176E7002C7FF475AF9DF863
:1067A0001630DC064FD418F0020F84D0D80782D5FB
:1067B000072469E7FFF712FD0023A86001F11C0020
:1067C000FEF772F86B61286190E7D5E9046956EA33
:1067D0000903A6D0BAF80AA0A9684FEA4A2AC5E96F
:1067E0000E69B24574EB09031BD300242964002C05
:1067F0007FF44AAFC6F30803002B92D0039C2046D7
:10680000FEF770F808B3760A0123414646EAC956F6
:1068100082196A64607802F0C5FC041E18BF012466
:1068200032E72846FEF7C6FAB6EB0A06014669F1DA
:106830000009012803D9431CD3D10124D6E702243F
:10684000D4E7082420E704241EE702241CE70446BA
:106850001EE709241EE711241CE700002DE9F04F74
:10686000994685B00023884603A90446C9F800303C
:106870001646FEF791F8054680BB94F831506DBB83
:1068800094F8303013F00103009300F0A68004F177
:10689000500AD4E90432D4E90E011B1A62EB01025A
:1068A000B34272F1000238BF1E46BEB1D4E90E10E9
:1068B000C1F30803002B40F08280039B5A894B0AE6
:1068C000013A43EAC0531A401BD151EA000309D1EF
:1068D000A06801280DD8022584F83150284605B05B
:1068E000BDE8F08F216C20460192FEF763FA019A11
:1068F000EFE7431C04D10123009D84F83130EDE71C
:106900002064DDF80CB0216C5846FDF7EBFF002841
:10691000E1D0B6F5007F02EB000731D3BBF80A10D7
:1069200002EB5620730A88429BF8010088BF8B1A3D
:106930003A464146019302F035FC0028DBD194F938
:106940003020019B002A0BDA606CC01B984207D2F2
:106950004FF40072514608EB4020FBF773FA019B9D
:106960005F02D9F80030F61BB8443B44C9F8003048
:10697000D4E90E32DB1942F10002C4E90E3294E789
:10698000626CBA421AD094F93030002B0DDA012330
:1069900051469BF8010002F029FC0028ABD194F885
:1069A000303003F07F0384F83030039801233A46F7
:1069B0005146407802F0F6FB00289CD16764A16B39
:1069C0004046C1F30801C1F500775144B74228BFE2
:1069D00037463A46FBF736FAC3E707257EE700005D
:1069E00070B596B00E460022019002A901A8FEF7EC
:1069F00095FC0446E0B94FF48C6003F06BF8054653
:106A0000D8B1029B00F500720199D86002A81A6102
:106A1000FFF7ECFB044640B99DF95330002B0ADB2D
:106A20001EB1314602A8FDF7EDFF284603F062F8DB
:106A3000204616B070BD0624F7E71124F8E70000E1
:106A400070B5B8B00222019003A901A8FEF766FC58
:106A5000044608BB039B4FF48C60109303F03AF894
:106A60000546002866D0039B00F500720199D860A6
:106A700010A81A61FFF7BAFB044650B99DF88B3095
:106A8000980655D4190653D49DF84630DA0706D532
:106A90000724284603F02EF8204638B070BD039B2B
:106AA00004931878042814D104A91869FFF780FB0F
:106AB000069E9DF84630DB0610D410A8FEF776FF40
:106AC00004460028E5D156BB0398FEF7DBFB0446DD
:106AD000DFE71F99FFF782FB0646EAE7039BDA69C7
:106AE000B242D5D024930021269624A81B78042BEB
:106AF00001BFDDE90823CDE928239DF817308DF883
:106B00009730FEF7EFF904460028C2D124A8FFF71A
:106B100041F804460028BBD00428BAD1CDE702468C
:106B2000314604A8FEF7C2FA04460028B1D1CBE7EB
:106B30000624AEE71124AFE7F0B5BDB0CDE90010F3
:106B40006846FDF70FFF022203A901A8FEF7E6FB46
:106B50000446002841D1039B4FF48C60149302F04B
:106B6000B9FF0546002800F0EE80039B00F5007297
:106B700014AE0199D8601A613046FFF737FB04461E
:106B800040BB9DF89B3013F0A00F40F0D880039BD2
:106B9000009F1A78042A68D11B6904AC03F1400CE9
:106BA0001868083353F8041C2246634503C2144690
:106BB000F6D15022314628A8FBF744F9394628A8D7
:106BC000FFF714FB044600284CD12A9A169B9A42E0
:106BD00006D00824284602F08DFF20463DB0F0BDC7
:106BE000349A209B9A42F4D128A8FFF733F904463F
:106BF0000028EFD1039B04AF1B6993F801E093F8E1
:106C000023C09C8C3A46083303CAB24243F8080CAE
:106C100043F8041C1746F5D1039B28A81B6983F889
:106C200001E0039B1A6982F823C01A6982F82440A4
:106C3000240A82F825401A691379D9065CBF43F00B
:106C400020031371FEF776FF04460028C2D13046B8
:106C5000FEF7ACFE04460028BCD10398FEF712FBF9
:106C60000446B7E70428B5D1BEE7239A04AB02F186
:106C7000200C1068083252F8041C1C46624503C4FC
:106C80002346F6D15022314628A8FBF7DBF83946D7
:106C900028A8FFF7ABFA044600284CD12A9A169B85
:106CA0009A4296D1349A209B9A4292D128A8FFF713
:106CB000D1F8044600288DD137990DF11D030DF14F
:106CC0002D0001F10D0253F8044B834242F8044BAE
:106CD000F9D11888012710809B7893709DF81B309C
:106CE000039CDA0658BF43F02003CB72E770CB7ADF
:106CF000DB06ACD5169A2A9B9A42A8D02078FFF7DB
:106D00006DFA01462046FDF7EDFD0146C8B120466B
:106D1000FDF798FF044600287FF45CAF039890F8D5
:106D20006D302E2B93D12A9A00F16C01FDF7E6FD10
:106D3000039BDF708BE704287FF44CAFB6E7062493
:106D400048E7022446E7112447E700007F2810B5F2
:106D500001D880B210BDB0F5803F13D240F252335B
:106D600099420FD10849002231F8024B93B2844274
:106D700003D103F18000C0B2ECE70132802AF3D1E5
:106D80001346F6E70020E5E7DCC400087F280DD9AC
:106D900040F25233994208D1FF2806D800F1004052
:106DA000034B803833F8100070470020704700BF55
:106DB000DCC40008B0F5803FF0B522D21F4A83B290
:106DC0001F49B0F5805F28BF0A46141D34F8042C13
:106DD0002146AAB1934213D334F8025C2E0AEFB2D3
:106DE00052FA85F5A84222DA082E09D8DFE806F023
:106DF000050A10121416181A1C00801A34F81030E4
:106E00001846F0BD981A00F001001B1A9BB2F7E774
:106E1000103BFBE7203BF9E7303BF7E71A3BF5E790
:106E20000833F3E7503BF1E7A3F5E353EEE704340F
:106E3000002ECBD101EB4702C7E700BF2CC20008F0
:106E400020C4000808B5074B074A196801F03D0146
:106E5000996053680BB190689847BDE8084003F00B
:106E6000ADB800BF000002404436002008B5084B12
:106E70001968890901F03D018A019A60054AD368C1
:106E80000BB110699847BDE8084003F097B800BF00
:106E9000000002404436002008B5084B1968090C70
:106EA00001F03D010A049A60054A53690BB19069EB
:106EB0009847BDE8084003F081B800BF00000240D9
:106EC0004436002008B5084B1968890D01F03D01D2
:106ED0008A059A60054AD3690BB1106A9847BDE8E4
:106EE000084003F06BB800BF0000024044360020A9
:106EF00008B5074B074A596801F03D01D960536A4C
:106F00000BB1906A9847BDE8084003F057B800BF3E
:106F1000000002404436002008B5084B5968890932
:106F200001F03D018A01DA60054AD36A0BB1106BAA
:106F30009847BDE8084003F041B800BF0000024098
:106F40004436002008B5084B5968090C01F03D0192
:106F50000A04DA60054A536B0BB1906B9847BDE8A1
:106F6000084003F02BB800BF000002404436002068
:106F700008B5084B5968890D01F03D018A05DA60B2
:106F8000054AD36B0BB1106C9847BDE8084003F07D
:106F900015B800BF000002404436002008B5074B7A
:106FA000074A196801F03D019960536C0BB1906C70
:106FB0009847BDE8084003F001B800BF0004024054
:106FC0004436002008B5084B1968890901F03D01D5
:106FD0008A019A60054AD36C0BB1106D9847BDE8E1
:106FE000084002F0EBBF00BF00040240443600201E
:106FF00008B5084B1968090C01F03D010A049A60B4
:10700000054A536D0BB1906D9847BDE8084002F0FA
:10701000D5BF00BF000402404436002008B5084B2D
:107020001968890D01F03D018A059A60054AD36D02
:107030000BB1106E9847BDE8084002F0BFBF00BF1B
:10704000000402404436002008B5074B074A59683F
:1070500001F03D01D960536E0BB1906E9847BDE8C9
:10706000084002F0ABBF00BF0004024044360020DD
:1070700008B5084B5968890901F03D018A01DA60B9
:10708000054AD36E0BB1106F9847BDE8084002F077
:1070900095BF00BF000402404436002008B5084BED
:1070A0005968090C01F03D010A04DA60054A536F82
:1070B0000BB1906F9847BDE8084002F07FBF00BF5A
:1070C000000402404436002008B5084B5968890D79
:1070D00001F03D018A05DA60054AD36F13B1D2F899
:1070E00080009847BDE8084002F068BF00040240F5
:1070F0004436002000230C4910B51A460B4C0B6097
:1071000054F82300026001EB430004334260402B3B
:10711000F6D1074A4FF0FF339360D360C2F80834CA
:10712000C2F80C3410BD00BF44360020DCC5000896
:10713000000002400F28F8B510D9102810D01128EF
:1071400011D0122808D10F240720DFF8B4E001265F
:10715000DEF80050A04208D9002649E00446F4E7D2
:107160000F240020F1E70724FBE706FA00F73D4271
:1071700040D1214C4FEA001C3D4304EB00160EEBBE
:10718000C000CEF80050C0E90123FBB24BB11B4850
:10719000836B43F001038363036E43F001030366D3
:1071A000036E17F47F4F09D01448836B43F002033A
:1071B0008363036E43F002030366036E54F80C000E
:1071C000036823F01F030360056815F00105FBD178
:1071D00004EB0C033D2493F80CC05F6804FA0CF434
:1071E0003C6021240560446112B1987B00F0B4FC3E
:1071F0003046F8BD0130ADE7DCC500080045025857
:107200004436002010B5302484F31188FFF792FF34
:10721000002383F3118810BD10B50446807B00F075
:10722000B1FC01231049627B03FA02F20B6823EAE6
:107230000203DAB20B604AB90C4A916B21F00101EA
:107240009163116E21F001011166126E13F47F4FEC
:1072500009D1064B9A6B22F002029A631A6E22F051
:1072600002021A661B6E10BD44360020004502580B
:1072700008B5302383F31188FFF7CEFF002383F393
:10728000118808BD836CC26A8B42506810B506D95C
:107290005A1E4C0002EB4103B3FBF4F3184410BD3B
:1072A00001F001038A0748BF43F002034A0748BFC1
:1072B00043F008030A0748BF43F00403CA0648BF67
:1072C00043F010038A06426B48BF43F02003134388
:1072D0004363704710B5074C204600F0BFFF064BD4
:1072E0000022C4E91023054BA364054BE363054B5F
:1072F000E36410BDC83600200070005200B4C4041E
:107300001C3700201C390020C36A0BB90E4BC36226
:107310000379012B0CD10D4B984209D10C4B5A6BC0
:1073200042F480325A63DA6D42F48032DA65DB6D02
:10733000436C00221A65DA621A605A605A624FF092
:10734000FF329A63704700BFDCC60008C8360020D1
:10735000004502580379012B16D0436C00221A65B0
:10736000DA621A605A605A624FF0FF329A63074B32
:10737000984209D1064B5A6B22F480325A63DA6D77
:1073800022F48032DA65DB6D704700BFC83600201A
:107390000045025810B5446C0649FFF773FF606062
:1073A000236842F2107043F003032360BDE81040ED
:1073B00001F05ABD801A06000129F8B5466C0B4F42
:1073C00009D175680A493D40FFF75CFF054345F464
:1073D00080557560F8BD746806493C40FFF752FF60
:1073E000044344F480547460F4E700BF00ECFFFFF2
:1073F00080F0FA0240787D01436C00225A601A60E6
:1074000070470000426C0129536823F4404304D0C4
:10741000022905D001B95360704743F48043FAE76D
:1074200043F40043F7E70000436C41F480519A6055
:10743000D9605A6B1206FCD580229A63704700000F
:1074400010B541F48851446CA260E160616B11F0A9
:107450004502FBD0A26311F0040203D0FFF720FF26
:10746000012010BD616910461960FAE710B541F4BA
:107470008851446CA260E160616B11F04502FBD061
:10748000A26311F0050203D0FFF70AFF012010BD2F
:10749000616910461960FAE773B5134604460E4653
:1074A000302282F31188426CD26B32B14FF0FF313F
:1074B0004030019301F0E4FC019B606C0022026506
:1074C000C263C262456B15F4807504D185F31188DF
:1074D000012002B070BD4FF0FF31816382F311884B
:1074E000012E06D90C21204602B0BDE87040FFF7FE
:1074F000BDBF1046EDE7000073B5446C0E46002595
:107500000192616BA1632565E562FFF7C9FE012E5B
:1075100007D9019B2A460C2102B0BDE87040FFF755
:10752000A5BF02B070BD000010B541F49851446C85
:10753000A260E160616B11F04502FBD0A26311F023
:107540003F0203D0FFF7ACFE012010BD216A1046B8
:107550001960E1695960A16999606169D960F4E7CE
:107560002DE9F74304460191006D01A9174698469D
:1075700002F04CFC064600284AD0626C2046DDF83A
:1075800004905568C5F3090501356B00A56CB5FB82
:10759000F3F54FF47A73B5FBF3F55D43556200F0F4
:1075A00023FE50BB636C4FF0FF3201254146C3F808
:1075B000589020461D659A634FF49572DA6342F243
:1075C00007029F62DA62E36C0A9AFFF74FFFA0B9E5
:1075D000E26C104B11680B407BB929462046FFF73F
:1075E0005BFF054648B92E463A460199206D02F0E8
:1075F00045FC304603B0BDE8F0833A460199206D62
:1076000002F03CFCE26C01212046FFF775FFF0E739
:107610000126EEE708E0FFFD2DE9F7431F46436C26
:1076200001924FF47A725D6804468846C5F30905F5
:1076300001356E00856CB5FBF6F5B5FBF2F55543EB
:107640005D6200F0D1FD20B10125284603B0BDE800
:10765000F0837E0201A9206D324602F0D7FB054679
:107660000028F1D0636C019AD4F84C909A650122FD
:107670001A654FF0FF329A634FF49572DA639E6297
:10768000236BDB064B4658BF4FEA4828012F424682
:107690001BD912212046FFF7E9FEC0B9D9F8002016
:1076A000104B13409BB9636C42F29302394620465B
:1076B000DA62E26CFFF7F0FE804640B9324601998B
:1076C000206D454602F0DAFBBFE71121E2E73246C2
:1076D0000199206D02F0D2FBE26C39462046FFF79B
:1076E0000BFFB2E708E0FFFD2DE9F3411F46436CB5
:1076F00001924FF47A725D6804468846C5F3090525
:1077000001356E00856CB5FBF6F5B5FBF2F555431A
:107710005D6200F069FD20B10125284602B0BDE898
:10772000F0817E0201A9206D324602F0B5FB0546CC
:107730000028F1D0636C019A9A6501221A654FF016
:10774000FF329A634FF48D72DA639E62236BE66CAC
:10775000DB06334658BF4FEA4828012F424619D965
:1077600019212046FFF782FEB0B932680F4B134053
:1077700093B9636C42F2910239462046DA62E26CB8
:10778000FFF78AFE064638B901993546206D02F0AA
:10779000BFFBC2E71821E4E70199206D02F0B8FBB6
:1077A000E26C39462046FFF7A7FEB6E708E0FFFD8A
:1077B00012F0030F2DE9F04107460C4615461E4610
:1077C00017D00E44B44202D10020BDE8F08101235D
:1077D000FA6B21463846FFF71FFF0028F5D12846EF
:1077E0004FF40072F96B05F500750134FAF72AFBC6
:1077F000E8E7BDE8F041FFF70FBF000012F0030F0C
:107800002DE9F04107460C4615461E4617D00E449A
:10781000B44202D10020BDE8F08129464FF4007245
:10782000F86B05F50075FAF70DFB0123FA6B21469D
:107830003846FFF759FF0028EDD10134E8E7BDE8ED
:10784000F041FFF751BF000000207047302310B512
:1078500083F311880024436C40302146DC6301F03F
:107860001DFB84F3118810BD026843681143016059
:1078700003B1184770470000024A136843F0C00381
:107880001360704700440040024A136843F0C0038D
:107890001360704700480040024A136843F0C00379
:1078A0001360704700780040044B9A6C02439A645E
:1078B0001A6F104318671B6F704700BF00450258CE
:1078C00037B5274C274D204600F028FD04F1140061
:1078D000009400234FF40072234900F0C3F94FF4E1
:1078E0000072224904F138000094214B00F03CFA68
:1078F000204BC4E91735204C204600F00FFD04F161
:107900001400009400234FF400721C4900F0AAF9FF
:107910004FF400721A4904F138000094194B00F03A
:1079200023FA194BC4E91735184C204600F0F6FC31
:1079300004F1140000234FF400721549009400F084
:1079400091F9144B4FF40072134904F1380000947C
:1079500000F00AFA114BC4E9173503B030BD00BF7F
:107960002039002000E1F505643A00206440002041
:1079700079780008004400408C390020643C0020E5
:10798000644200208978000800480040F83900204F
:10799000643E00209978000864440020007800408C
:1079A00038B5264D0446037C002918BF0D46012B2F
:1079B00006D1234B984230D14FF40030FFF774FFCB
:1079C0002A68236EE16D03EB5203A566B3FBF2F365
:1079D0006A68100442BF23F0070003F0070343EA7C
:1079E0004003CB60AB6843F040034B60EB6843F06F
:1079F00001038B6042F4967343F001030B604FF078
:107A0000FF330B62510505D512F0102211D0B2F1EF
:107A1000805F10D084F8643038BD0A4B984205D09E
:107A2000094B9842CCD14FF08040C7E74FF48020FB
:107A3000C4E77F23EEE73F23ECE700BFE4C600087E
:107A4000203900208C390020F83900202DE9F0473A
:107A5000C66D05463768F469210734621AD014F000
:107A6000080118BF4FF48071E20748BF41F02001C0
:107A7000A3074FF0300348BF41F04001600748BF03
:107A800041F0800183F31188281DFFF7EDFE0023EC
:107A900083F31188E2050AD5302383F311884FF46C
:107AA0008061281DFFF7E0FE002383F311884FF06B
:107AB00030094FF0000A14F0200838D13B0616D5E3
:107AC0004FF0300905F1380A200610D589F31188E6
:107AD000504600F07DF9002836DA0821281DFFF70E
:107AE000C3FE27F080033360002383F311887906F7
:107AF00014D5620612D5302383F31188D5E91323F8
:107B00009A4208D12B6C33B127F040071021281D71
:107B1000FFF7AAFE3760002383F31188E30618D528
:107B2000AA6E1369ABB15069BDE8F047184789F3F5
:107B30001188736A284695F86410194000F008FC13
:107B40008AF31188F469B6E7B06288F31188F469A2
:107B5000BAE7BDE8F0870000090100F160430122A7
:107B600003F56143C9B283F8001300F01F039A4084
:107B700043099B0003F1604303F56143C3F880218F
:107B80001A60704700F01F0301229A40430900F178
:107B900060409B0000F5614003F1604303F56143E1
:107BA000C3F88020C3F88021002380F80033704799
:107BB000F8B51546826804460B46AA4200D285688D
:107BC000A1692669761AB5420BD218462A46FAF7F9
:107BD00039F9A3692B44A3612846A3685B1BA36002
:107BE000F8BD0CD9AF1B18463246FAF72BF93A46C6
:107BF000E1683044FAF726F9E3683B44EBE71846BE
:107C00002A46FAF71FF9E368E5E700008368934224
:107C1000F7B50446154600D28568D4E90460361AE3
:107C2000B5420BD22A46FAF70DF963692B4463611A
:107C30002846A3685B1BA36003B0F0BD0DD9324694
:107C4000AF1B0191FAF7FEF801993A46E06831441A
:107C5000FAF7F8F8E3683B44E9E72A46FAF7F2F85E
:107C6000E368E4E710B50A440024C361029B846022
:107C7000C16002610362C0E90000C0E9051110BDE6
:107C800008B5D0E90532934201D1826882B9826891
:107C9000013282605A1C426119700021D0E904321D
:107CA0009A4224BFC368436101F012F9002008BD65
:107CB0004FF0FF30FBE7000070B5302304460E465E
:107CC00083F31188A568A5B1A368A269013BA360ED
:107CD000531CA36115782269934224BFE368A36112
:107CE000E3690BB120469847002383F311882846A7
:107CF00007E03146204601F0DBF80028E2DA85F3A0
:107D0000118870BD2DE9F74F04460E461746984678
:107D1000D0F81C904FF0300A8AF311884FF0000B16
:107D2000154665B12A4631462046FFF741FF034616
:107D300060B94146204601F0BBF80028F1D000238D
:107D400083F31188781B03B0BDE8F08FB9F1000F01
:107D500003D001902046C847019B8BF31188ED1A90
:107D60001E448AF31188DCE7C160C361009B826016
:107D70000362C0E905111144C0E9000001617047C8
:107D8000F8B504460D461646302383F31188A768DC
:107D9000A7B1A368013BA36063695A1C62611D70AF
:107DA000D4E904329A4224BFE3686361E3690BB10A
:107DB00020469847002080F3118807E0314620468E
:107DC00001F076F80028E2DA87F31188F8BD0000A8
:107DD000D0E9052310B59A4201D182687AB9826848
:107DE0000021013282605A1C82611C7803699A4228
:107DF00024BFC368836101F06BF8204610BD4FF0CB
:107E0000FF30FBE72DE9F74F04460E46174698462C
:107E1000D0F81C904FF0300A8AF311884FF0000B15
:107E2000154665B12A4631462046FFF7EFFE034668
:107E300060B94146204601F03BF80028F1D000230C
:107E400083F31188781B03B0BDE8F08FB9F1000F00
:107E500003D001902046C847019B8BF31188ED1A8F
:107E60001E448AF31188DCE70379052B05BF836A7A
:107E7000002001204B6004BF4FF400730B6070477B
:107E800070B55D1E866A04460D44B54205D9436B44
:107E900043F080034363012070BD06250571FFF7A1
:107EA00087FC05232371F7E770B55D1E866A0446DB
:107EB0000D44B54205D9436B43F080034363012071
:107EC00070BD07250571FFF799FC05232371F7E7BE
:107ED00038B505790446052D05D108230371FFF750
:107EE000B3FC257138BD0120FCE700000323F0B589
:107EF000037185B00446FFF74DFA00222046114673
:107F0000FFF792FA4FF4D57203AB08212046FFF732
:107F1000ADFA0246B8B901232363039BC3F30323DD
:107F2000012B09D103AB37212046FFF79FFA18B97F
:107F3000A44B039A1340ABB120460125FFF75CFA2E
:107F40000223237137E103AB002237212046FFF7DC
:107F50008DFA28B99B4A039B1A40002A00F0A7809B
:107F600002232363236B03F00F03022B40F0A9804D
:107F70006425954E42F2107000F076FF03AB324656
:107F800001212046FFF75CFA0028D5D1039B002B86
:107F900080F293805A0003D5236B43F010032363D0
:107FA000002204F1080302212046FFF7BDFA024631
:107FB0000028C1D104F1380303212046FFF756FA07
:107FC0000028B9D104F11805A26B092120462B46DF
:107FD000FFF7AAFA0028AFD102ABA26B0721204617
:107FE000FFF744FA06460028A6D1236B03F00F03DF
:107FF000022B40F08F807E227F21284603F03AFA40
:10800000012840F28780E76B42F2107000F02CFFED
:1080100008234FF40072394620460096FFF7A0FA75
:10802000002889D1384603F073FA236BA06203F06D
:108030000F03022B72D103AB644A06212046FFF7DF
:1080400015FA002871D15F49039B1940B1FA81F1FB
:1080500049092046FFF7B0F902AB4FF40072102136
:108060002046FFF703FA054600287FF465AF554E1A
:10807000029B33427FF460AF236B13F00E0F03F0CB
:108080000F0273D0022A7FF457AFE36A19780129EF
:1080900000F09480022900F09380002900F089808C
:1080A0004B4F2046FFF7AEF903AB3A4676E0114658
:1080B00020462263FFF7B8F954E7013D7FF45AAF39
:1080C0003AE7444D6426444A3E4F012B18BF1546FB
:1080D00003AB002237212046FFF7C8F900287FF4C0
:1080E0002BAF039B3B427FF427AF03AB2A462921EA
:1080F0002046FFF7A5F900287FF41EAF039B002B55
:10810000FFF648AF013E3FF417AF42F2107000F0A7
:10811000ABFEDDE7284603F0CFF986E77E227F211C
:108120002846E66B03F0A6F908B9002191E7002381
:1081300040223146204600930623FFF711FA00281B
:10814000F3D1B3895BBA9B07EFD5244B402231466C
:10815000204600930623FFF703FA0028E5D1317C7F
:1081600001F00F010F3918BF012172E7E36A197896
:10817000F9B101297FF4E0AE2046FFF743F903ABE4
:10818000A26B37212046FFF771F900287FF4D4AEA7
:10819000039B33427FF4D0AE03AB0222062120467C
:1081A000FFF764F900287FF4C7AE039B33427FF4E6
:1081B000C3AE05232371284605B0F0BD084F70E714
:1081C000084F6EE708E0FFFD0080FFC00001B90323
:1081D0000000B7030080FF5000001080F1FFFF8017
:1081E0000001B7030002B70337B504460C4D01ABDD
:1081F000A26B0D212046FFF739F978B9019B2B427C
:108200000BD1C3F34323042B08D0053B022B04D826
:108210004FF47A7000F028FEE9E7012003B030BD8A
:1082200008E0FFFD70B53023054683F3118803791C
:108230000024022B03D184F31188204670BD04234F
:10824000037184F311880226FFF7CEFF0446284607
:10825000FFF7D2F82E71F0E7FFF73CB8044B03604C
:108260000123037100234363C0E90A33704700BF51
:10827000FCC6000810B53023044683F31188C162A0
:10828000FFF742F802230020237180F3118810BD0C
:1082900010B53023044683F31188FFF75BF8002301
:1082A0000122E362227183F3118810BD02684368E2
:1082B0001143016003B11847704700001430FFF705
:1082C00021BD00004FF0FF331430FFF71BBD00004D
:1082D0003830FFF797BD00004FF0FF333830FFF71D
:1082E00091BD00001430FFF7E7BC00004FF0FF31F4
:1082F0001430FFF7E1BC00003830FFF741BD00004B
:108300004FF0FF323830FFF73BBD0000012914BFAA
:108310006FF0130000207047FFF7D2BA044B0360E0
:1083200000234360C0E9023301230374704700BF98
:1083300020C7000810B53023044683F31188FFF7E7
:108340002FFB02230020237480F3118810BD00004E
:1083500038B5C36904460D461BB904210844FFF72C
:10836000A5FF294604F11400FFF78AFC002806DA6D
:10837000201D4FF40061BDE83840FFF797BF38BDBE
:10838000026843681143016003B118477047000059
:1083900013B5406B00F58054D4F8A4381A681178EE
:1083A000042914D1017C022911D1197901231289E0
:1083B0008B4013420BD101A94C3002F089FFD4F855
:1083C000A4480246019B2179206800F0DFF902B041
:1083D00010BD0000143002F00BBF00004FF0FF335F
:1083E000143002F005BF00004C3002F0DDBF000089
:1083F0004FF0FF334C3002F0D7BF0000143002F0D2
:10840000D9BE00004FF0FF31143002F0D3BE00009F
:108410004C3002F0A9BF00004FF0FF324C3002F0A8
:10842000A3BF00000020704710B500F58054D4F8B9
:10843000A4381A681178042917D1017C022914D1B3
:108440005979012352898B4013420ED1143002F026
:108450006BFE024648B1D4F8A4484FF440736179EA
:108460002068BDE8104000F07FB910BD406BFFF7F9
:10847000DBBF0000704700007FB5124B01250426CA
:10848000044603600023057400F18402436029461A
:10849000C0E902330C4B0290143001934FF4407347
:1084A000009602F01DFE094B04F69442294604F1A1
:1084B0004C000294CDE900634FF4407302F0E4FEF7
:1084C00004B070BD48C700086D840008918300089F
:1084D0000A68302383F311880B790B3342F82300A9
:1084E0004B79133342F823008B7913B10B3342F8E5
:1084F000230000F58053C3F8A4180223037400205E
:1085000080F311887047000038B5037F044613B12B
:1085100090F85430ABB90125201D0221FFF730FF40
:1085200004F114006FF00101257700F0DDFC04F187
:108530004C0084F854506FF00101BDE8384000F061
:10854000D3BC38BD10B5012104460430FFF718FF35
:108550000023237784F8543010BD000038B504465A
:108560000025143002F0D4FD04F14C00257702F010
:10857000A3FE201D84F854500121FFF701FF20467F
:10858000BDE83840FFF750BF90F8803003F060033B
:10859000202B06D190F881200023212A03D81F2AFE
:1085A00006D800207047222AFBD1C0E91D3303E022
:1085B000034A426707228267C3670120704700BFF2
:1085C0004422002037B500F58055D5F8A4381A6844
:1085D000117804291AD1017C022917D119790123B4
:1085E00012898B40134211D100F14C04204602F055
:1085F00023FF58B101A9204602F06AFED5F8A4482D
:108600000246019B2179206800F0C0F803B030BD1C
:1086100001F10B03F0B550F8236085B004460D4618
:10862000FEB1302383F3118804EB8507301D082148
:10863000FFF7A6FEFB6806F14C005B691B681BB1E7
:10864000019002F053FE019803A902F041FE024698
:1086500048B1039B2946204600F098F8002383F395
:10866000118805B0F0BDFB685A691268002AF5D080
:108670001B8A013B1340F1D104F18002EAE70000BC
:10868000133138B550F82140ECB1302383F3118811
:1086900004F58053D3F8A4281368527903EB8203BE
:1086A000DB689B695D6845B104216018FFF768FECF
:1086B000294604F1140002F041FD2046FFF7B4FE04
:1086C000002383F3118838BD7047000001F070BDAE
:1086D00001234022002110B5044600F8303BF9F791
:1086E000D7FB0023C4E9013310BD000010B53023CF
:1086F000044683F311882422416000210C30F9F7ED
:10870000C7FB204601F076FD02230020237080F392
:10871000118810BD70B500EB8103054650690E4607
:108720001446DA6018B110220021F9F7B1FBA069F4
:1087300018B110220021F9F7ABFB31462846BDE8FD
:10874000704001F057BE000083682022002103F032
:10875000011310B5044683601030F9F799FB2046E9
:10876000BDE8104001F0D2BEF0B4012500EB810459
:1087700047898D40E4683D43A46945812360002317
:10878000A2606360F0BC01F0EFBE0000F0B4012510
:1087900000EB810407898D40E4683D4364690581ED
:1087A00023600023A2606360F0BC01F065BF00009D
:1087B00070B5022300250446242203702946C0F820
:1087C00088500C3040F8045CF9F762FB204684F8CE
:1087D000705001F0A3FD63681B6823B12946204651
:1087E000BDE87040184770BD0378052B10B50446EE
:1087F0000AD080F88C300523037043681B680BB1E6
:10880000042198470023A36010BD000001780529CA
:1088100006D190F88C20436802701B6803B118479A
:108820007047000070B590F87030044613B1002313
:1088300080F8703004F18002204601F08BFE6368FE
:108840009B68B3B994F8803013F0600535D00021EF
:10885000204602F07DF90021204602F06DF96368A0
:108860001B6813B1062120469847062384F8703010
:1088700070BD204698470028E4D0B4F88630A26F37
:108880009A4288BFA36794F98030A56F002B4FF000
:10889000300380F20381002D00F0F280092284F879
:1088A000702083F3118800212046D4E91D23FFF7AF
:1088B0006DFF002383F31188DAE794F8812003F039
:1088C0007F0343EA022340F20232934200F0C58064
:1088D00021D8B3F5807F48D00DD8012B3FD0022B93
:1088E00000F09380002BB2D104F18802626702226B
:1088F000A267E367C1E7B3F5817F00F09B80B3F522
:10890000407FA4D194F88230012BA0D1B4F88830F4
:1089100043F0020332E0B3F5006F4DD017D8B3F542
:10892000A06F31D0A3F5C063012B90D863682046B7
:1089300094F882205E6894F88310B4F88430B047CD
:10894000002884D0436863670368A3671AE0B3F51F
:10895000106F36D040F6024293427FF478AF5C4B02
:1089600063670223A3670023C3E794F88230012BD7
:108970007FF46DAFB4F8883023F00203A4F8883098
:10898000C4E91D55E56778E7B4F88030B3F5A06F0A
:108990000ED194F88230204684F88A3001F01CFD14
:1089A00063681B6813B10121204698470323237095
:1089B0000023C4E91D339CE704F18B0363670123A3
:1089C000C3E72378042B10D1302383F3118820468A
:1089D000FFF7BAFE85F311880321636884F88B5092
:1089E00021701B680BB12046984794F88230002B09
:1089F000DED084F88B300423237063681B68002B5F
:108A0000D6D0022120469847D2E794F884302046F9
:108A10001D0603F00F010AD501F08EFD012804D0D8
:108A200002287FF414AF2B4B9AE72B4B98E701F009
:108A300075FDF3E794F88230002B7FF408AF94F8CB
:108A4000843013F00F01B3D01A06204602D502F08D
:108A500097F8ADE702F088F8AAE794F88230002B87
:108A60007FF4F5AE94F8843013F00F01A0D01B060C
:108A7000204602D502F06CF89AE702F05DF897E71D
:108A8000142284F8702083F311882B462A46294645
:108A90002046FFF769FE85F31188E9E65DB11522EE
:108AA00084F8702083F3118800212046D4E91D2327
:108AB000FFF75AFEFDE60B2284F8702083F311883D
:108AC0002B462A4629462046FFF760FEE3E700BF13
:108AD00078C7000870C7000874C7000838B590F858
:108AE00070300446002B3ED0063BDAB20F2A34D851
:108AF0000F2B32D8DFE803F0373131082232313121
:108B00003131313131313737856FB0F886309D42A0
:108B100014D2C3681B8AB5FBF3F203FB12556DB97F
:108B2000302383F311882B462A462946FFF72EFE71
:108B300085F311880A2384F870300EE0142384F83A
:108B40007030302383F31188002320461A461946DB
:108B5000FFF70AFE002383F3118838BDC36F03B10A
:108B600098470023E7E70021204601F0F1FF0021AC
:108B7000204601F0E1FF63681B6813B1062120461F
:108B800098470623D7E7000010B590F870300446E8
:108B9000142B29D017D8062B05D001D81BB110BD36
:108BA000093B022BFBD80021204601F0D1FF002118
:108BB000204601F0C1FF63681B6813B106212046FF
:108BC0009847062319E0152BE9D10B2380F8703064
:108BD000302383F3118800231A461946FFF7D6FD88
:108BE000002383F31188DAE7C3689B695B68002B75
:108BF000D5D1C36F03B19847002384F87030CEE716
:108C00000023826880F8243083691B689968914248
:108C1000FBD25A68036042601060586070470000E1
:108C20000023826880F8243083691B689968914228
:108C3000FBD85A68036042601060586070470000BB
:108C400008B50846302383F3118891F82430032BAC
:108C500005D0042B0DD02BB983F3118808BD8B6A86
:108C600000221A604FF0FF338362FFF7C9FF002331
:108C7000F2E7D1E9003213605A60F3E7034610B51A
:108C80001B68984203D09C688A689442F8D25A685C
:108C90000B604A601160596010BD0000FFF7B0BF63
:108CA000064BD96881F824001868026853601A607E
:108CB0000122D86080F82420F7F748BC68460020DD
:108CC0000C4B30B5DD684B1C87B004460FD02B46EB
:108CD000094A684600F09CF92046FFF7E1FF009B37
:108CE00013B1684600F09EF9A86A07B030BDFFF7DF
:108CF000D7FFF9E768460020418C0008044B1A684A
:108D0000DB6890689B68984294BF00200120704700
:108D100068460020094B10B51C68D868226853606B
:108D20001A600122DC6084F82420FFF779FF0146F5
:108D30002046BDE81040F7F709BC00BF6846002098
:108D4000044B1A68DB6892689B689A4201D9FFF766
:108D5000E1BF70476846002038B50123084C002564
:108D60002370656002F002FC02F028FC0549064809
:108D700002F0FEFC0223237085F3118838BD00BF8A
:108D80001049002080C700086846002000F080B924
:108D9000034A516853685B1A9842FBD8704700BF7A
:108DA000001000E08B604B630023CA6100F12802D1
:108DB0000B6302230A618B840123886181F82630CA
:108DC00001F11003C26A4A611360C36201F12C030E
:108DD0000846CB6270470000D0E90131026841F8D3
:108DE000183CA1F19C033839CB60036941F8243C5D
:108DF000436941F8203C034B41F8043CC3680248F6
:108E0000FFF7D0BF650500086846002008B5FFF7EA
:108E1000E3FFBDE80840FFF741BF000038B50E4B47
:108E2000DC6804F12C05A062E06AA8420FD194F836
:108E300026303BB994F825309B0702BFD4E90432B1
:108E400013605A600F20BDE83840FFF729BF036860
:108E5000E362FFF723FFE7E768460020302383F350
:108E60001188FFF7DBBF000008B50146302383F30C
:108E700011880820FFF724FF002383F3118808BD21
:108E8000054BDB6821B1036098620320FFF718BF30
:108E90004FF0FF30704700BF6846002003682BB1D9
:108EA0000022026018469962FFF7F8BE7047000082
:108EB000064BDB6839B1426818605A601360436042
:108EC0000420FFF7FDBE4FF0FF30704768460020DA
:108ED0000368984206D01A6802605060184699628A
:108EE000FFF7DCBE7047000038B504460D46206829
:108EF000844200D138BD036823605C608562FFF75F
:108F0000CDFEF4E7036810B59C68A2420CD85C68FB
:108F10008A600B604C602160596099688A1A9A6077
:108F20004FF0FF33836010BD121B1B68ECE700009D
:108F30000A2938BF0A2170B504460D460A26601971
:108F400002F00EFB02F0F6FA041BA54203D8751CD2
:108F500004462E46F3E70A2E04D90120BDE87040EE
:108F600002F0CEBC70BD0000F8B5144B0D460A2AC5
:108F70004FF00A07D96103F11001826038BF0A225D
:108F8000416019691446016048601861A81802F030
:108F9000D7FA02F0CFFA431B0646A34206D37C1C45
:108FA00028192746354602F0DBFAF2E70A2F04D9E2
:108FB0000120BDE8F84002F0A3BCF8BD68460020DF
:108FC000F8B506460D4602F0B5FA0F4A134653F8B7
:108FD000107F9F4206D12A4601463046BDE8F84040
:108FE000FFF7C2BFD169BB68441A2C1928BF2C46B1
:108FF000A34202D92946FFF79BFF22463146034888
:10900000BDE8F840FFF77EBF6846002078460020A4
:10901000C0E90323002310B45DF8044B4361FFF75C
:10902000CFBF000010B5194C236998420DD081685C
:10903000D0E9003213605A609A680A449A600023AB
:1090400003604FF0FF33A36110BD0268234643F86D
:10905000102F53600022026022699A4203D1BDE8BA
:10906000104002F077BA936881680B44936002F075
:1090700061FA2269E1699268441AA242E4D9114472
:10908000BDE81040091AFFF753BF00BF6846002033
:109090002DE9F047DFF8BC8008F110072C4ED8F816
:1090A000105002F047FAD8F81C40AA68031B9A42F5
:1090B0003ED814444FF00009D5E90032C8F81C40EE
:1090C00013605A60C5F80090D8F81030B34201D14F
:1090D00002F040FA89F31188D5E903312846984710
:1090E000302383F311886B69002BD8D002F022FA69
:1090F0006A69A0EB040982464A450DD2022002F0BB
:10910000FFFB0022D8F81030B34208D15146284660
:10911000BDE8F047FFF728BF121A2244F2E712EB2E
:1091200009092946384638BF4A46FFF7EBFEB5E73E
:10913000D8F81030B34208D01444C8F81C00211AE3
:10914000A960BDE8F047FFF7F3BEBDE8F08700BFB8
:10915000784600206846002038B502F0EBF9054A51
:10916000D2E90845031B181945F10001C2E90801BD
:1091700038BD00BF6846002010B560B907480479C3
:109180000368053C9B6818BF0124984708B144F068
:109190000404204610BD0124FBE700BFC8360020B0
:1091A000FFF7EABF2DE9F047884617469A4604467E
:1091B000B0B90D4E3579052D05D003240DE0013DE4
:1091C00015F0FF050ED03268534639463046D2F8C6
:1091D00014904246C8470028F1D12046BDE8F087E8
:1091E0000424FAE70124F8E7C83600202DE9F04707
:1091F000884617469A460446B0B90D4E3579052D76
:1092000005D003240DE0013D15F0FF050ED03268B6
:10921000534639463046D2F818904246C84700288F
:10922000F1D12046BDE8F0870424FAE70124F8E7ED
:10923000C836002037B50C46154670B951B1012922
:109240000BD10748694603681B6A984710B9019B10
:1092500004462B60204603B030BD0424FAE700BF6B
:10926000C836002000207047FEE70000704700006D
:109270004FF0FF30704700004B6843608B6883609D
:10928000CB68C3600B6943614B6903628B694362BE
:109290000B6803607047000008B53C4B40F2FF715B
:1092A0003B48D3F888200A43C3F88820D3F88820A5
:1092B00022F4FF6222F00702C3F88820D3F8883036
:1092C000344B1A6C0A431A649A6E0A439A66324AFD
:1092D0009B6E1146FFF7D0FF00F5806002F11C0184
:1092E000FFF7CAFF00F5806002F13801FFF7C4FF05
:1092F00000F5806002F15401FFF7BEFF00F58060C9
:1093000002F17001FFF7B8FF00F5806002F18C01F7
:10931000FFF7B2FF00F5806002F1A801FFF7ACFF94
:1093200000F5806002F1C401FFF7A6FF00F5806040
:1093300002F1E001FFF7A0FF00F5806002F1FC01FF
:10934000FFF79AFF02F58C7100F58060FFF794FF3C
:1093500001F0AAFC114BD3F8902242F00102C3F8AD
:109360009022D3F8942242F00102C3F894220522FD
:10937000C3F898204FF06052C3F89C20084AC3F805
:10938000A020BDE8084000F001BD00BF0044025825
:10939000000002580045025894C7000800ED00E0A4
:1093A0001F00080308B501F087FEFFF7D5FC0D4B41
:1093B000DA6B42F04002DA635A6E22F040025A66DB
:1093C0005B6E094B1A6842F008021A601A6842F094
:1093D00004021A6000F0A4FD00F040FBBDE8084064
:1093E00000F0B4B800450258001802480120704748
:1093F000002070477047000002290CD0032904D0D8
:109400000129074818BF00207047032A05D80548DE
:1094100000EBC2007047044870470020704700BF4F
:10942000A4C900085422002058C9000870B59AB099
:1094300005460846144601A900F0C2F801A8F8F74D
:109440001FFD431C0022C6B25B001046C5E9003474
:1094500023700323023404F8013C01ABD1B202347F
:109460008E4201D81AB070BD13F8011B013204F806
:10947000010C04F8021CF1E708B5302383F31188CE
:109480000348FFF79FF8002383F3118808BD00BF4E
:109490001849002090F8803003F01F02012A07D1FC
:1094A00090F881200B2A03D10023C0E91D3315E079
:1094B00003F06003202B08D1B0F884302BB990F86A
:1094C0008120212A03D81F2A04D8FFF75DB8222A59
:1094D000EBD0FAE7034A426707228267C36701209D
:1094E000704700BF4B22002007B5052917D8DFE8D9
:1094F00001F0191603191920302383F31188104A3B
:1095000001210190FFF706F9019802210D4AFFF7AA
:1095100001F90D48FFF722F8002383F3118803B007
:109520005DF804FB302383F311880748FEF7ECFF56
:10953000F2E7302383F311880348FFF703F8EBE7E2
:10954000F8C800081CC900081849002038B50C4D9F
:109550000C4C2A460C4904F10800FFF767FF05F19F
:10956000CA0204F110000949FFF760FF05F5CA724D
:1095700004F118000649BDE83840FFF757BF00BFA7
:10958000F061002054220020C8C80008D2C800089A
:10959000ECC8000870B5044608460D46F8F770FCA4
:1095A000C6B22046013403780BB9184670BD324666
:1095B0002946F8F751FC0028F3D10120F6E7000016
:1095C0002DE9F04705460C46F8F75AFC2C49C6B27F
:1095D0002846FFF7DFFF08B10C36F6B229492846C6
:1095E000FFF7D8FF08B11036F6B2632E0BD8DFF8BC
:1095F0009080DFF89090244FDFF898A02E7846B93D
:109600002670BDE8F08729462046BDE8F04702F005
:109610003DBA252E30D1072241462846F8F71CFCDA
:1096200080B91A4B224603F1100153F8040B8B4208
:1096300042F8040BF9D1198807359B78133411804F
:109640009370DBE7082249462846F8F705FC98B9ED
:10965000A21C0F4B197802320909C95D02F8041CDB
:1096600013F8011B01F00F015345C95D02F8031CFB
:10967000F0D118340835C1E7013504F8016BBDE7B6
:10968000C4C90008ECC80008E0C90008CCC900083B
:1096900000E8F11F0CE8F11FBFF34F8F044B1A696C
:1096A0005107FCD1D3F810215207F8D1704700BF01
:1096B0000020005208B50D4B1B78ABB9FFF7ECFF4B
:1096C0000B4BDA68D10704D50A4A5A6002F1883296
:1096D0005A60D3F80C21D20706D5064AC3F80421F4
:1096E00002F18832C3F8042108BD00BF4E64002097
:1096F000002000522301674508B5114B1B78F3B9D0
:10970000104B1A69510703D5DA6842F04002DA605B
:10971000D3F81021520705D5D3F80C2142F04002AE
:10972000C3F80C21FFF7B8FF064BDA6842F00102DC
:10973000DA60D3F80C2142F00102C3F80C2108BD15
:109740004E640020002000520F289ABF00F5806070
:1097500040040020704700004FF4003070470000C4
:10976000102070470F2808B50BD8FFF7EDFF00F564
:1097700000330268013204D104308342F9D1012060
:1097800008BD0020FCE700000F2838B505463FD88B
:10979000FFF782FF1F4CFFF78DFF4FF0FF330728C5
:1097A0006361C4F814311DD82361FFF775FF03020C
:1097B00043F02403E360E36843F08003E36023693C
:1097C0005A07FCD42846FFF767FFFFF7BDFF4FF4A9
:1097D000003100F0B7FA2846FFF78EFFBDE83840A9
:1097E000FFF7C0BFC4F81031FFF756FFA0F1080320
:1097F0001B0243F02403C4F80C31D4F80C3143F0BD
:109800008003C4F80C31D4F810315B07FBD4D9E7DE
:10981000002038BD002000522DE9F84F04460D46C7
:10982000104644EA0203DE0602D00020BDE8F88FAD
:1098300020F01F00DFF8D4B0DFF8D4A0FFF73AFF24
:1098400005EB0008454503D10120FFF755FFEDE783
:1098500020222946204602F0BFF810B920342035D6
:10986000F0E7234604F120021F68791CDDD10433A0
:109870009342F9D104F178432048214EB3F5801F7B
:10988000204B38BF184603F1F80332BFD946D14602
:109890001E46FFF701FF0760A4EB050C336805F1D6
:1098A0001C0143F0020333602B1FD9F8007017F03E
:1098B0000507FAD153F8042F8B424CF80320F4D15A
:1098C000BFF34F8FFFF7E8FE4FF0FF3303603368BD
:1098D00023F002033360BFF34F8F0B4BC3F85C429E
:1098E000BFF34F8FBFF36F8F20222946204602F02F
:1098F00073F80028B2D03846A7E700BF1421005201
:109900000C2000521420005200ED00E01020005204
:109910001021005210B5084C237828B11BB9FFF76D
:10992000C9FE0123237010BD002BFCD02070BDE8C0
:109930001040FFF7E1BE00BF4E6400202DE9F04F5C
:109940000D4685B0814658B111F00D0614BF202296
:10995000082211F00803019304D0431E034269D08A
:10996000002435E0002E37D009F11F0121F01F0936
:109970004FF00108314F05F00403DFF8CCA005EAF1
:10998000080BBBF1000F32D07869C0072FD408F163
:1099900001080C37B8F1060FF3D19EB9284D49469E
:1099A000A819019201F02CFE0446002839D1203676
:1099B000019AA02EF3D1494601F022FE0446002868
:1099C0002FD1019A49461F4801F01AFE044660BB98
:1099D000204605B0BDE8F08F0029C9D101462846D0
:1099E000029201F00DFE0446D8B9029AC0E713B105
:1099F00078694107CBD5AC0702D578698007C6D511
:109A0000019911B178690107C1D549460AEB48109F
:109A1000CDE9022301F0F4FD0446DDE9022300282C
:109A2000B5D04A460021204601E04A460021F8F719
:109A30002FFACDE70246002E96D199E7F4C9000827
:109A40009064002050640020706400200021FFF723
:109A500075BF00000121FFF771BF000070B5144D04
:109A60000124144E40F2FF3200210120F8F710FAD1
:109A700006EB441001342A6955F80C1F01F0ACFDC7
:109A8000062CF5D137254FF4C0542046FFF7E2FFEE
:109A9000014628B122460848BDE8704001F09CBD4F
:109AA000C4EBC404013D4FEAD404EED170BD00BF45
:109AB000F4C9000870640020506400200421FFF7FE
:109AC0003DBF00004843FFF7C1BF000008B101F0EF
:109AD00009BE7047B0F5805F10B5044607D8FFF7A0
:109AE000EDFF28B92046BDE81040FFF7AFBF0020CA
:109AF00010BD0000FFF7EABF70B5AAB140EA01034C
:109B000013F01F030FD1094C0144A5686D0706D55A
:109B10002568A84203D366683544A94204D90333B3
:109B20000C34122BF1D10022104670BDF4C900088C
:109B300008B501F0EDFE034AD2E90032C01842EB4D
:109B4000010108BD30650020434BD3E900232DE916
:109B5000F34113437CD0FFF7EBFF404A002300277B
:109B6000F6F70EFD06460D463D4A0023F6F708FDC2
:109B70000023144630462946394AF6F701FD4FF4D2
:109B800061613C23ADF80170B4FBF1F5B4FBF3F671
:109B900001FB154103FB16464624B1FBF3F1314BA3
:109BA000F6B28DF8004098423CD84FF0640C4FF468
:109BB000C87EA30704F26C7225D1B2FBFCF30CFB48
:109BC000132313BBB2FBFEF30EFB1322B2FA82F394
:109BD0005B0903F26D18621C8045D2B217D90FB130
:109BE0008DF800400022204C4FF00C0C17460CFB67
:109BF0000343D4B2013213F804C084450CD8A0EB5F
:109C00000C000127F5E70023E3E70123E1E7A0EBE0
:109C1000080014460127CCE70FB18DF80140431C22
:109C20008DF802309DF80100431C9DF8000050386B
:109C3000400640EA43509DF8023040EA034040EAC3
:109C4000560040EAC52040EA411002B0BDE8F0816C
:109C50004FF40410F9E700BF3065002040420F00C8
:109C60008051010090230B003CCA00080244074BBE
:109C7000D2B210B5904200D110BD441C00B253F8CE
:109C8000200041F8040BE0B2F4E700BF5040005858
:109C90000E4B30B51C6F240405D41C6F1C671C6F61
:109CA00044F400441C670A4C02442368D2B243F4D3
:109CB00080732360074B904200D130BD441C51F8A3
:109CC000045B00B243F82050E0B2F4E700440258CD
:109CD000004802585040005807B5012201A9002051
:109CE000FFF7C4FF019803B05DF804FB13B5044609
:109CF000FFF7F2FFA04205D0012201A90020019444
:109D0000FFF7C6FF02B010BD10B56424013C4FF44C
:109D10007A70FFF7A9F814F0FF04F7D1084B4FF061
:109D2000807214249A6103F5805308229A61013CE1
:109D30004FF47A70FFF798F814F0FF04F7D110BDD4
:109D4000000002580144BFF34F8F064B884204D3F2
:109D5000BFF34F8FBFF36F8F7047C3F85C022030A3
:109D6000F4E700BF00ED00E00144BFF34F8F064B66
:109D7000884204D3BFF34F8FBFF36F8F7047C3F890
:109D800070022030F4E700BF00ED00E0114BDA690B
:109D900052021ED59A69D00704D50F4A9A6002F183
:109DA00044329A600B4BDA69D107FCD41A6A22F468
:109DB00080021A629A6942F002029A61DA69D20755
:109DC000FCD49A6942F001029A61024AD369DB0726
:109DD000FCD47047002000523B2A190870B5054694
:109DE00016460C4601201021FFF76CFE28604673D2
:109DF0003CB1204636B1FFF761FE2B68186000B118
:109E00009C6070BDFFF726FEF7E70000F8B50F462F
:109E10001546044648B905F11F010126386821F0AE
:109E20001F01FFF78FFF3046F8BD427B2946386897
:109E3000FFF762FE06460028EDD13B686360A36829
:109E4000AB4210D213B12068FFF740FE637B284677
:109E50002BB1FFF733FE206020B9A060E3E7FFF7E6
:109E6000F9FDF8E7A560206805F11F01012621F042
:109E70001F013860FFF766FF2673D4E710B504466C
:109E800040B10068884205D1606808B1F7F7DAFF91
:109E90000023237310BD0000F8B50F461446054695
:109EA00048B904F11F010126386821F01F01FFF7AE
:109EB0005BFF3046F8BD427B21463868FFF71CFE49
:109EC00006460028EDD1AB68A34210D213B1286832
:109ED000FFF7FCFD6B7B20462BB1FFF7EFFD286001
:109EE00020B9A860E5E7FFF7B5FDF8E7AC60396891
:109EF00019B122462868F7F7A5FF286804F11F0169
:109F0000012621F01F013860FFF72EFF2E73D0E7E6
:109F100020B103688B4204BF002303737047000025
:109F2000034B1A681AB9034AD2F8D0241A60704752
:109F3000386500200040025808B5FFF7F1FF024BDA
:109F40001868C0F3806008BD38650020EFF309830E
:109F5000054968334A6B22F001024A6383F309889A
:109F6000002383F31188704700EF00E0302080F376
:109F7000118862B60D4B0E4AD96821F4E0610904DC
:109F8000090C0A430B49DA60D3F8FC2042F08072D6
:109F9000C3F8FC20084AC2F8B01F116841F0010163
:109FA00011602022DA7783F82200704700ED00E08C
:109FB0000003FA0555CEACC5001000E0302310B503
:109FC00083F311880E4B5B6813F4006314D0F1EE39
:109FD000103AEFF309844FF08073683CE361094B5A
:109FE000DB6B236684F30988FEF788FE10B1064B0D
:109FF000A36110BD054BFBE783F31188F9E700BFB0
:10A0000000ED00E000EF00E0770500087A050008A9
:10A0100070B5BFF34F8FBFF36F8F1A4A0021C2F89C
:10A020005012BFF34F8FBFF36F8F536943F4003368
:10A030005361BFF34F8FBFF36F8FC2F88410BFF32C
:10A040004F8FD2F8803043F6E074C3F3C900C3F3F6
:10A050004E335B0103EA0406014646EA8175013985
:10A06000C2F86052F9D2203B13F1200FF2D1BFF3B6
:10A070004F8F536943F480335361BFF34F8FBFF366
:10A080006F8F70BD00ED00E0FEE70000214B22481D
:10A09000224A70B5904237D3214BC11EDA1C121AE6
:10A0A00022F003028B4238BF00220021F7F7F0FEB6
:10A0B0001C4A0023C2F88430BFF34F8FD2F880309F
:10A0C00043F6E074C3F3C900C3F34E335B0103EA04
:10A0D0000406014646EA81750139C2F86C52F9D28C
:10A0E000203B13F1200FF2D1BFF34F8FBFF36F8FDF
:10A0F000BFF34F8FBFF36F8F0023C2F85032BFF30F
:10A100004F8FBFF36F8F70BD53F8041B40F8041BD3
:10A11000C0E700BF44CB000834670020346700204C
:10A120003467002000ED00E0054B996B21EA000147
:10A1300099631A6E22EA00021A661B6E704700BF0E
:10A140000045025870B5D0E9244300224FF0FF3596
:10A150009E6804EB42135101D3F80009002805DA88
:10A16000D3F8000940F08040C3F80009D3F8000B91
:10A17000002805DAD3F8000B40F08040C3F8000B4C
:10A18000013263189642C3F80859C3F8085BE0D25D
:10A190004FF00113C4F81C3870BD0000890141F074
:10A1A0002001016103699B06FCD41220FEF7F0BD7B
:10A1B00010B50A4C2046FEF78BFA094BC4F89030D4
:10A1C000084BC4F89430084C2046FEF781FA074B40
:10A1D000C4F89030064BC4F8943010BD3C650020A4
:10A1E0000000084078CA0008D8650020000004403C
:10A1F00084CA000870B503780546012B58D13F4B3F
:10A20000D0F89040984254D13D4B0E2165209A6B76
:10A2100042F000629A631A6E42F000621A661B6E88
:10A22000384BD3F8802042F00062C3F88020D3F886
:10A23000802022F00062C3F88020D3F88030FDF740
:10A240008BFC314BE360314BC4F800380023D5F868
:10A250009060C4F8003EC02323604FF40413A3634E
:10A260003369002BFCDA01230C203361FEF790FDEB
:10A270003369DB07FCD41220FEF78AFD3369002B1B
:10A28000FCDA00262846A660FFF75CFF6B68C4F87E
:10A290001068DB68C4F81468C4F81C6863BB1C4B06
:10A2A000A3614FF0FF336361A36843F00103A36030
:10A2B00070BD184B9842C9D1114B4FF080609A6B1A
:10A2C00042F000729A631A6E42F000721A661B6EB8
:10A2D0000C4BD3F8802042F00072C3F88020D3F8F2
:10A2E000802022F00072C3F88020D3F88030FFF77E
:10A2F0001BFF0E214D20A2E7074BD1E73C65002054
:10A300000045025800440258401400400300200257
:10A31000003C30C0D8650020083C30C0F8B5D0F80B
:10A320009040054600214FF000662046FFF736FFBB
:10A33000D5F8941000234FF001128F684FF0FF30D2
:10A34000C4F83438C4F81C2804EB431201339F428C
:10A35000C2F80069C2F8006BC2F80809C2F8080B1D
:10A36000F2D20B68D5F89020C5F8983063621023BC
:10A370001361166916F01006FBD11220FEF708FDD6
:10A38000D4F8003823F4FE63C4F80038A36943F41A
:10A39000402343F01003A3610923C4F81038C4F824
:10A3A00014380B4BEB604FF0C043C4F8103B094B23
:10A3B000C4F8003BC4F81069C4F80039D5F89830E7
:10A3C00003F1100243F48013C5F89820A362F8BD8E
:10A3D00054CA000840800010D0F8902090F88A10ED
:10A3E000D2F8003823F4FE6343EA0113C2F80038C0
:10A3F000704700002DE9F84300EB8103D0F890503E
:10A400000C468046DA680FFA81F94801166806F0B2
:10A410000306731E022B05EB41134FF0000194BF9E
:10A42000B604384EC3F8101B4FF0010104F11003BD
:10A4300098BF06F1805601FA03F3916998BF06F5BB
:10A44000004600293AD0578A04F1580137434901A0
:10A450006F50D5F81C180B430021C5F81C382B1879
:10A460000127C3F81019A7405369611E9BB3138AD3
:10A47000928B9B08012A88BF5343D8F898209818DC
:10A4800042EA034301F140022146C8F898002846F9
:10A4900005EB82025360FFF781FE08EB8900C36879
:10A4A0001B8A43EA845348341E4364012E51D5F875
:10A4B0001C381F43C5F81C78BDE8F88305EB491725
:10A4C000D7F8001B21F40041C7F8001BD5F81C1871
:10A4D00021EA0303C0E704F13F030B4A2846214663
:10A4E00005EB83035A60FFF759FE05EB4910D0F8DE
:10A4F000003923F40043C0F80039D5F81C3823EAAA
:10A500000707D7E70080001000040002D0F894206D
:10A510001268C0F89820FFF715BE00005831D0F837
:10A52000903049015B5813F4004004D013F4001F2D
:10A530000CBF0220012070474831D0F8903049010B
:10A540005B5813F4004004D013F4001F0CBF02202A
:10A550000120704700EB8101CB68196A0B6813601A
:10A560004B6853607047000000EB810330B5DD6835
:10A57000AA691368D36019B9402B84BF40231360C4
:10A580006B8A1468D0F890201C4402EB4110013C07
:10A5900009B2B4FBF3F46343033323F0030343EA48
:10A5A000C44343F0C043C0F8103B2B6803F00303DF
:10A5B000012B0ED1D2F8083802EB411013F4807F42
:10A5C000D0F8003B14BF43F0805343F00053C0F871
:10A5D000003B02EB4112D2F8003B43F00443C2F8C7
:10A5E000003B30BD2DE9F041D0F8906005460C46A7
:10A5F00006EB4113D3F8087B3A07C3F8087B08D56C
:10A60000D6F814381B0704D500EB8103DB685B68C0
:10A610009847FA071FD5D6F81438DB071BD505EB8A
:10A620008403D968CCB98B69488A5A68B2FBF0F6C2
:10A6300000FB16228AB91868DA6890420DD2121A05
:10A64000C3E90024302383F3118821462846FFF70D
:10A650008BFF84F31188BDE8F081012303FA04F233
:10A660006B8923EA02036B81CB68002BF3D0214670
:10A670002846BDE8F041184700EB81034A0170B558
:10A68000DD68D0F890306C692668E66056BB1A44E5
:10A690004FF40020C2F810092A6802F00302012AD0
:10A6A0000AB20ED1D3F8080803EB421410F4807FED
:10A6B000D4F8000914BF40F0805040F00050C4F8B6
:10A6C000000903EB4212D2F8000940F00440C2F83E
:10A6D00000090122D3F8340802FA01F10143C3F85A
:10A6E000341870BD19B9402E84BF40202060206806
:10A6F0001A442E8A8419013CB4FBF6F440EAC440A3
:10A7000040F00050C6E700002DE9F843D0F8906013
:10A7100005460C464F0106EB4113D3F8088918F0A3
:10A72000010FC3F808891CD0D6F81038DB0718D5FC
:10A7300000EB8103D3F80CC0DCF81430D3F800E050
:10A74000DA68964530D2A2EB0E024FF000091A608B
:10A75000C3F80490302383F31188FFF78DFF89F34A
:10A76000118818F0800F1DD0D6F834380126A64085
:10A77000334217D005EB84030134D5F89050D3F859
:10A780000CC0E4B22F44DCF8142005EB0434D2F8FA
:10A7900000E05168714514D3D5F8343823EA060631
:10A7A000C5F83468BDE8F883012303FA01F2038990
:10A7B00023EA02030381DCF80830002BD1D098474C
:10A7C000CFE7AEEB0103BCF81000834228BF03467D
:10A7D000D7F8180980B2B3EB800FE3D89068A0F1E6
:10A7E000040959F8048FC4F80080A0EB09089844C4
:10A7F000B8F1040FF5D818440B4490605360C8E7D3
:10A800002DE9F84FD0F8905004466E69AB691E40B0
:10A8100016F480586E6103D0BDE8F84FFDF7C8BF4D
:10A82000002E12DAD5F8003E9B0705D0D5F8003E81
:10A8300023F00303C5F8003ED5F80438204623F082
:10A840000103C5F80438FDF7E1FF370505D52046BB
:10A85000FFF778FC2046FDF7C7FFB0040CD5D5F80C
:10A86000083813F0060FEB6823F470530CBF43F461
:10A87000105343F4A053EB6031071BD56368DB68CA
:10A880001BB9AB6923F00803AB612378052B0CD10E
:10A89000D5F8003E9A0705D0D5F8003E23F0030313
:10A8A000C5F8003E2046FDF7B1FF6368DB680BB1D9
:10A8B00020469847F30200F1BA80B70226D5D4F8B3
:10A8C000909000274FF0010A09EB4712D2F8003BA5
:10A8D00003F44023B3F5802F11D1D2F8003B002BB5
:10A8E0000DDA62890AFA07F322EA0303638104EBB3
:10A8F0008703DB68DB6813B1394620469847013788
:10A90000D4F89430FFB29B689F42DDD9F00619D588
:10A91000D4F89000026AC2F30A1702F00F0302F49F
:10A92000F012B2F5802F00F0CA80B2F5402F09D1A5
:10A9300004EB8303002200F58050DB681B6A97421A
:10A9400040F0B0803003D5F8185835D5E90303D569
:10A9500000212046FFF746FEAA0303D50121204629
:10A96000FFF740FE6B0303D502212046FFF73AFEB6
:10A970002F0303D503212046FFF734FEE80203D559
:10A9800004212046FFF72EFEA90203D5052120460B
:10A99000FFF728FE6A0203D506212046FFF722FEB4
:10A9A0002B0203D507212046FFF71CFEEF0103D53C
:10A9B00008212046FFF716FE700340F1A780E90743
:10A9C00003D500212046FFF79FFEAA0703D50121EA
:10A9D0002046FFF799FE6B0703D502212046FFF7BB
:10A9E00093FE2F0703D503212046FFF78DFEEE06C9
:10A9F00003D504212046FFF787FEA80603D50521CD
:10AA00002046FFF781FE690603D506212046FFF7A1
:10AA10007BFE2A0603D507212046FFF775FEEB05CE
:10AA200074D520460821BDE8F84FFFF76DBED4F875
:10AA300090904FF0000B4FF0010AD4F894305FFA79
:10AA40008BF79B689F423FF638AF09EB4713D3F86B
:10AA5000002902F44022B2F5802F20D1D3F800293A
:10AA6000002A1CDAD3F8002942F09042C3F80029EA
:10AA7000D3F80029002AFBDB3946D4F89000FFF711
:10AA80008DFB22890AFA07F322EA0303238104EBF0
:10AA90008703DB689B6813B13946204698470BF162
:10AAA000010BCAE7910701D1D0F80080072A02F113
:10AAB00001029CBF03F8018B4FEA18283FE704EB23
:10AAC000830300F58050DA68D2F818C0DCF808205B
:10AAD000DCE9001CA1EB0C0C00218F4208D1DB68E3
:10AAE0009B699A683A449A605A683A445A6029E7DE
:10AAF00011F0030F01D1D0F800808C4501F1010164
:10AB000084BF02F8018B4FEA1828E6E7BDE8F88F0A
:10AB100008B50348FFF774FEBDE80840FFF74EBADA
:10AB20003C65002008B50348FFF76AFEBDE8084011
:10AB3000FFF744BAD8650020D0F8903003EB4111FC
:10AB4000D1F8003B43F40013C1F8003B704700000C
:10AB5000D0F8903003EB4111D1F8003943F40013E1
:10AB6000C1F8003970470000D0F8903003EB411174
:10AB7000D1F8003B23F40013C1F8003B70470000FC
:10AB8000D0F8903003EB4111D1F8003923F40013D1
:10AB9000C1F8003970470000044BDA6B0243DA63F6
:10ABA0005A6E104358665B6E704700BF00450258EE
:10ABB00008B53C4B4FF0FF31D3F8802062F00042E3
:10ABC000C3F88020D3F8802002F00042C3F8802030
:10ABD000D3F88020D3F88420C3F88410D3F88420DD
:10ABE0000022C3F88420D3F88400D86F40F0FF40DF
:10ABF00040F4FF0040F4DF4040F07F00D867D86F9A
:10AC000020F0FF4020F4FF0020F4DF4020F07F0020
:10AC1000D867D86FD3F888006FEA40506FEA505079
:10AC2000C3F88800D3F88800C0F30A00C3F888008E
:10AC3000D3F88800D3F89000C3F89010D3F89000B0
:10AC4000C3F89020D3F89000D3F89400C3F8941080
:10AC5000D3F89400C3F89420D3F89400D3F8980064
:10AC6000C3F89810D3F89800C3F89820D3F8980048
:10AC7000D3F88C00C3F88C10D3F88C00C3F88C2068
:10AC8000D3F88C00D3F89C00C3F89C10D3F89C1028
:10AC9000C3F89C20D3F89C30FCF72CFABDE80840A0
:10ACA00000F0D2B90044025808B50122504BC3F855
:10ACB0000821504B5A6D42F002025A65DA6F42F099
:10ACC0000202DA670422DB6F4B4BDA605A689104A8
:10ACD000FCD54A4A1A6001229A60494ADA60002289
:10ACE0001A614FF440429A61434B9A699204FCD531
:10ACF0001A6842F480721A60424B1A6F12F4407F55
:10AD000004D04FF480321A6700221A671A6842F0A2
:10AD100001021A603B4B1A685007FCD500221A61E9
:10AD20001A6912F03802FBD1012119604FF08041FD
:10AD300059605A67344ADA62344A1A611A6842F42E
:10AD400080321A602F4B1A689103FCD51A6842F4BE
:10AD500080521A601A689204FCD52D4A2D499A62D5
:10AD600000225A63196301F57C01DA6301F5E7718A
:10AD700099635A64284A1A64284ADA621A6842F0C7
:10AD8000A8521A601F4B1A6802F02852B2F1285FCD
:10AD9000F9D148229A614FF48862DA6140221A623E
:10ADA0001F4ADA641F4A1A651F4A5A651F4A9A6584
:10ADB00032231F4A1360136803F00F03022BFAD1EA
:10ADC000104A136943F003031361136903F0380356
:10ADD000182BFAD14FF00050FFF7DEFE4FF0804005
:10ADE000FFF7DAFE4FF00040BDE80840FFF7D4BEA1
:10ADF00000800051004502580048025800C000F091
:10AE000004000001004402580000FF01008890087F
:10AE10003220600063020901470E0508DD0BBF0107
:10AE200020000020000001100910E00000010110C6
:10AE3000002000524FF0B04208B5D2F8883003F03D
:10AE40000103C2F8883023B1044A13680BB150687B
:10AE50009847BDE80840FFF7B1B800BFB4660020CE
:10AE60004FF0B04208B5D2F8883003F00203C2F8C0
:10AE7000883023B1044A93680BB1D0689847BDE885
:10AE80000840FFF79BB800BFB46600204FF0B04207
:10AE900008B5D2F8883003F00403C2F8883023B133
:10AEA000044A13690BB150699847BDE80840FFF7A1
:10AEB00085B800BFB46600204FF0B04208B5D2F8A4
:10AEC000883003F00803C2F8883023B1044A93693C
:10AED0000BB1D0699847BDE80840FFF76FB800BFD5
:10AEE000B46600204FF0B04208B5D2F8883003F0C5
:10AEF0001003C2F8883023B1044A136A0BB1506AB8
:10AF00009847BDE80840FFF759B800BFB466002075
:10AF10004FF0B04310B5D3F8884004F47872C3F80A
:10AF20008820A30604D5124A936A0BB1D06A9847C9
:10AF3000600604D50E4A136B0BB1506B984721067F
:10AF400004D50B4A936B0BB1D06B9847E20504D53F
:10AF5000074A136C0BB1506C9847A30504D5044AFB
:10AF6000936C0BB1D06C9847BDE81040FFF726B842
:10AF7000B46600204FF0B04310B5D3F8884004F415
:10AF80007C42C3F88820620504D5164A136D0BB1C4
:10AF9000506D9847230504D5124A936D0BB1D06DBF
:10AFA0009847E00404D50F4A136E0BB1506E9847D2
:10AFB000A10404D50B4A936E0BB1D06E984762047E
:10AFC00004D5084A136F0BB1506F9847230404D57A
:10AFD000044A936F0BB1D06F9847BDE81040FEF75D
:10AFE000EDBF00BFB466002008B50348FCF72EFC97
:10AFF000BDE80840FEF7E2BFC836002008B50348A8
:10B00000FCF724FDBDE80840FEF7D8BF203900203A
:10B0100008B50348FCF71AFDBDE80840FEF7CEBFAF
:10B020008C39002008B50348FCF710FDBDE8084046
:10B03000FEF7C4BFF839002008B500F0B7FCBDE842
:10B040000840FEF7BBBF0000062108B50846FCF724
:10B0500083FD06210720FCF77FFD06210820FCF771
:10B060007BFD06210920FCF777FD06210A20FCF76D
:10B0700073FD06211720FCF76FFD06212820FCF741
:10B080006BFD09217A20FCF767FD09213120FCF7CF
:10B0900063FD07213220FCF75FFD0C212620FCF721
:10B0A0005BFD0C212720FCF757FD0C215220BDE849
:10B0B0000840FCF751BD000008B5FFF779FD00F02E
:10B0C00043FCFDF729F9FDF7C7F8FDF7FFFAFDF797
:10B0D000D1F9FEF78FF9BDE8084000F029BA000069
:10B0E00030B50433039C0172002104FB0325C160C9
:10B0F000C0E90653049B0363059BC0E90000C0E957
:10B100000422C0E90842C0E90A11436330BD0000CF
:10B110000022416AC260C0E90411C0E90A226FF04E
:10B120000101FDF7E1BE0000D0E90432934201D1F4
:10B13000C2680AB9181D704700207047036919607A
:10B140000021C2680132C260C2691344826993421D
:10B15000036124BF436A0361FDF7BABE38B50446F4
:10B160000D46E3683BB162690020131D1268A362BB
:10B170001344E36207E0237A33B929462046FDF7FA
:10B1800097FE0028EDDA38BD6FF00100FBE7000004
:10B19000C368C269013BC360436913448269934237
:10B1A000436124BF436A436100238362036B03B19D
:10B1B0001847704770B53023044683F31188866AB8
:10B1C0003EB9FFF7CBFF054618B186F31188284634
:10B1D00070BDA36AE26A13F8015B9342A36202D3D3
:10B1E0002046FFF7D5FF002383F31188EFE7000027
:10B1F0002DE9F84F04460E46174698464FF03009A1
:10B2000089F311880025AA46D4F828B0BBF1000FB5
:10B2100009D141462046FFF7A1FF20B18BF31188E9
:10B220002846BDE8F88FD4E90A12A7EB050B521A9D
:10B23000934528BF9346BBF1400F1BD9334601F11C
:10B24000400251F8040B914243F8040BF9D1A36A70
:10B25000403640354033A362D4E90A239A4202D3F0
:10B260002046FFF795FF8AF31188BD42D8D289F3B3
:10B270001188C9E730465A46F6F7E4FDA36A5E44F2
:10B280005D445B44A362E7E710B5029C043301729E
:10B2900003FB0421C460C0E906130023C0E90A339C
:10B2A000039B0363049BC0E90000C0E90422C0E9DA
:10B2B0000842436310BD0000026A6FF00101C260E2
:10B2C000426AC0E904220022C0E90A22FDF70CBE4E
:10B2D000D0E904239A4201D1C26822B9184650F835
:10B2E000043B0B60704700231846FAE7C36800214F
:10B2F000C2690133C3604369134482699342436165
:10B3000024BF436A4361FDF7E3BD000038B504463E
:10B310000D46E3683BB1236900201A1DA262E26971
:10B320001344E36207E0237A33B929462046FDF748
:10B33000BFFD0028EDDA38BD6FF00100FBE700002B
:10B3400003691960C268013AC260C2691344826924
:10B350009342036124BF436A036100238362036B4A
:10B3600003B118477047000070B530230D460446FE
:10B37000114683F31188866A2EB9FFF7C7FF10B113
:10B3800086F3118870BDA36A1D70A36AE26A013357
:10B390009342A36204D3E16920460439FFF7D0FF4A
:10B3A000002080F31188EDE72DE9F84F04460D46A3
:10B3B000904699464FF0300A8AF311880026B3462A
:10B3C000A76A4FB949462046FFF7A0FF20B187F38F
:10B3D00011883046BDE8F88FD4E90A073A1AA8EB7D
:10B3E0000607974228BF1746402F1BD905F1400397
:10B3F00055F8042B9D4240F8042BF9D1A36A40363E
:10B400004033A362D4E90A239A4204D3E169204677
:10B410000439FFF795FF8BF311884645D9D28AF39B
:10B420001188CDE729463A46F6F70CFDA36A3D445C
:10B430003E443B44A362E5E7D0E904239A4217D196
:10B44000C3689BB1836A8BB1043B9B1A0ED0136017
:10B45000C368013BC360C3691A4483699A420261AD
:10B4600024BF436A036100238362012318467047A7
:10B470000023FBE701F01F03F0B502F01F0456099B
:10B480005A1C0123B6EB511F50F8265003FA02F361
:10B490004FEA511703F1FF333DBF50F82720C4F1A5
:10B4A0002000134003EA05003BBF03FA00F225FA2F
:10B4B00004F0E0401043F0BD70B57E227F210546C8
:10B4C000FFF7D8FF18B1012819D0002070BD3E2227
:10B4D00049212846FFF7CEFF2F2204463121284676
:10B4E000FFF7C8FF06460134502202365321284692
:10B4F000B440FFF7BFFF093804FA00F0E6E7302256
:10B5000045212846FFF7B6FF01308002DEE7000044
:10B5100090F8D63090F8D7201B0403EB026390F824
:10B52000D42090F8D500134403EB002070470000AE
:10B5300000F018BA014B586A704700BF000C004079
:10B54000034B002258631A610222DA60704700BF81
:10B55000000C0040014B0022DA607047000C0040F4
:10B56000014B5863704700BF000C0040024B034A78
:10B570001A60034A5A6070478C66002038670020C2
:10B5800000000220074B494210B55C68201A0840B1
:10B590001968821A8A4203D3A24201D85A6010BDA8
:10B5A0000020FCE78C66002008B5302383F3118867
:10B5B000FFF7E8FF002383F3118808BD0448054B1B
:10B5C00003600023C0E901330C3000F017B900BF5D
:10B5D00094660020A9B50008CB1D083A23F00703A4
:10B5E000591A521A10B4D2080024C0E900438460EA
:10B5F0000C301C605A605DF8044B00F0FFB800008E
:10B600002DE9F74F364FCD1D8846002818BF074655
:10B61000082A4FEAD50538BF082207F10C003C1D67
:10B620009146019000F02CF9019809F10701C9F148
:10B63000000E2246246864B900F02CF93B68CBB3B5
:10B6400008224946E8009847044698B340E9027842
:10B6500030E004EB010CD4F804A00CEA0E0C0AF163
:10B660000106ACF1080304EBC6069E42E1D9A6EB45
:10B670000C0CB5EBEC0F4FEAEC0BDAD89C421DD268
:10B6800004F10802AB45A3EB02024FEAE20262605A
:10B6900009D9691CED4303EBC1025D44556025687F
:10B6A00043F8315022601C46C3F8048044F8087BFC
:10B6B00000F0F0F8204603B0BDE8F08FAA452168FD
:10B6C00002D111602346EEE7013504EBC50344F8CF
:10B6D000351003F10801761AF6105E601360F1E789
:10B6E0009466002073B50446A0F1080550F8080CD4
:10B6F00054F8043C061D0C3007330190DB0844F875
:10B70000043C00F0BDF8334601989E421A6801D00F
:10B71000AB4228D20AB1954225D244F8082C54F8FD
:10B72000042C1D60013254F8081C05EBC206B1421E
:10B7300006D14E68324444F8042C0A6844F8082CB8
:10B740005E68711C03EBC1018D4207D154F8042CD3
:10B75000013232445A6054F8082C1A6002B0BDE835
:10B76000704000F097B81346CFE70000FEE70000F6
:10B7700070B51E4B0025044686B058600E46056322
:10B780008163FEF7F3FB04F12803A5606563C4E958
:10B790000A3304F11003C4E904334FF0FF33C4E962
:10B7A0000044C4E90635FFF7C5FE2B46024604F106
:10B7B0003C012046C4E9082380230D4A6567FDF754
:10B7C000F1FA7368E0600B4A03620123009280F88B
:10B7D00024306846F26801923269CDE90223064BB3
:10B7E000CDE90435FDF712FB06B070BD104900200D
:10B7F00098CA000890CA00086DB700080023C0E985
:10B80000000083600361704770B51C4B0546846877
:10B81000DE685CB3B44213D103690133036170BDC8
:10B82000A36094F8243083B1062B15D1A06A214679
:10B83000D4E9003213605A60FDF720FAA36A9C68CD
:10B84000B368A2689A42EBD306E0D4E900322046FE
:10B8500013605A60FDF722FA28463146FDF70EFACA
:10B86000B5620620BDE87040FDF71ABA036986602C
:10B8700001330361336BC3603063D0E76846002057
:10B8800008B5302383F31188FFF7BEFF002383F34D
:10B89000118808BD194BD96883688B4210B520D137
:10B8A000302383F311880269013A0261B2B9046856
:10B8B000C368A0420B631ED04A6B9BB901238A6008
:10B8C000036103681A68026050601A6B8360C2608B
:10B8D00018631846FDF7E2F9FDF732FA002383F307
:10B8E000118810BD1C68A34203D0A468A24238BFCF
:10B8F0002246DB68E1E78260F0E700BF684600208F
:10B90000024A536B18435063704700BF68460020DB
:10B9100038B5EFF311859DB9EFF30584C4F308043E
:10B92000302334B183F31188FDF716FC85F31188B9
:10B9300038BD83F31188FDF70FFC84F3118838BDFF
:10B94000BDE83840FDF708BC0023054A194601331D
:10B95000102BC2E9001102F10802F8D1704700BFB4
:10B96000B46600200E4B9A6C42F008029A641A6F7B
:10B9700042F008021A670B4A1B6FD36B43F00803AF
:10B98000D363C722084B9A624FF0FF32DA6200227B
:10B990009A615A63DA605A6001225A611A607047EC
:10B9A000004502580010005C000C0040094A08B530
:10B9B0001169D3680B40D9B29B076FEA010111618D
:10B9C00007D5302383F31188FDF7E0F9002383F3D3
:10B9D000118808BD000C004010B5013902449042A6
:10B9E00001D1002005E0037811F8014FA34201D0F6
:10B9F000181B10BD0130F2E72DE9F041A3B1C91ABF
:10BA000017780144044603F1FF3C8C42204601D9DB
:10BA1000002009E00578BD4204F10104F5D10CEBEA
:10BA20000405D618A54201D1BDE8F08115F8018DB5
:10BA300016F801EDF045F5D0E7E70000884210B5B3
:10BA400001EB020402D98442234607D8431EA142D7
:10BA500008D011F8012B03F8012FF8E70244014642
:10BA60008A4200D110BD13F8014D02F8014DF7E7ED
:10BA7000C9B2034610F8012B1AB18A42F9D118460F
:10BA80007047002918BF0023F9E70000034611F8AA
:10BA9000012B03F8012B002AF9D1704710B50139A9
:10BAA000034632B111F8014F03F8014B013A002C63
:10BAB000F7D11A440021934200D110BD03F8011BB5
:10BAC000F9E700004D4435002D2D0A002F61726406
:10BAD0007570696C6F742E6162696E002F6172649B
:10BAE0007570696C6F742D7665726966792E616206
:10BAF000696E002F6172647570696C6F742D666C6D
:10BB00006173682E6162696E002F6172647570697D
:10BB10006C6F742D666C61736865642E6162696E0A
:10BB20000000000000000000000000005D100008A0
:10BB3000F9100008A912000831110008F1100008DE
:10BB40000000000000000000591000080511000866
:10BB5000E1120008551000086110000853544D33DD
:10BB60003248373F3F3F0053544D333248373378E4
:10BB70002F3732780053544D3332483734332F3710
:10BB800035332F373530000001105A0003105900AB
:10BB9000012058000320560041A3E5F26569920791
:10BBA0000040A2E4F164689106000000E576000020
:10BBB00000000000EDD3F55C1A631258D69CF7A282
:10BBC000DEF9DE14000000000000000000000000AC
:10BBD00000000010B67859FF8572D300BD6E15FFC6
:10BBE0000F0A6A0029C0010098E879FFBC3CA0FF59
:10BBF0009971CEFF00B7E2FEB40D48FF59F1B2FED5
:10BC00000AE5A6FF7BDD2AFE1E14D4005280030045
:10BC100030D1F300777940FF32E39CFF006EC5011D
:10BC2000671B900008C9BCF367E6096A3BA7CA8492
:10BC300085AE67BB2BF894FE72F36E3CF1361D5F48
:10BC40003AF54FA5D182E6AD7F520E511F6C3E2BC7
:10BC50008C68059B6BBD41FBABD9831F79217E139B
:10BC600019CDE05BB0A00EFED3C986FF9E188F00F1
:10BC70007F693500600CBD00A7D7FBFF9F4C80FE9D
:10BC80006A65E1FF1EFC0400920CAE00853B8C014E
:10BC9000BDF124FFF825C30160DC3700B74C3EFF3F
:10BCA000C3423D00324CA401E1A44CFF4C3DA3FF34
:10BCB000753E1F00519140FF76410E00A273D6FFE2
:10BCC000068A2E007CE6F4FF0A8A8F00341AC2002E
:10BCD000B8F44C00818F2901BEF413FF7BAA7AFFD0
:10BCE0006281440079D5930056651EFFA1679B00D1
:10BCF0008C5943FFEFE5BE01430BB500C6F089FE4A
:10BD0000EE45BCFF4397EE00132A6CFFE555710129
:10BD1000324487FF116A0900326701FF5001A80110
:10BD200023981EFF10A8B9013859E8FF65D2FC001E
:10BD300029FA4700CCAA4FFF0E2EEFFF504DEF001F
:10BD4000BDD64BFF118DF90026504CFFBE55750036
:10BD500056E4AA009CD8D001C3CFA4FF96424CFF62
:10BD6000AFE110FF8D5062014CDBF200C6A2720001
:10BD70002EDA98009B2BF1FE9BA068FF33BBA50039
:10BD80000211AF004254A001F73A1E00234135FED4
:10BD900045ECBF002D86F501A37BDD00206E14FF6E
:10BDA0003417A500BAD64700E9B06000F2EF3601BB
:10BDB00039598A00530054FF88A064005C8E78FED5
:10BDC000687CBE00B5B13EFFFA29550098822A0171
:10BDD00060FCF60097973FFEEF853E0020389C0000
:10BDE0002DA7BDFF8E85B3018356D300BBB396FE4E
:10BDF000FAAA0EFFD2A34E0025349700634D1A0015
:10BE0000EE9CD5FFD5C0D101492E54001441290123
:10BE100036CE4F00C98392FEAA6F18FFB12132FEC1
:10BE2000AB26CBFF4EF77400D1DD99008580B201BF
:10BE30003A2C1900C9273B01BD13FC0031E5D201A2
:10BE400075BB7500B5B3B8010072DB00305E9300BE
:10BE5000F52938007D0DCCFEF4AD77002CDD20FEF9
:10BE600054EA1400F9A0C601EC7EEAFF2F63A8FE95
:10BE7000AAE299FF66B3D800E28D7AFF7A4299FE72
:10BE8000B6F58600E3E41901D639EBFFD8AD38FFEB
:10BE9000B5E7D20077809DFF815F88FF6E7E33001B
:10BEA00002A9B7FF078262FE45B05EFF7404E3019A
:10BEB000D9F291FFCAAD1F01690127FF2EAF4500DE
:10BEC000E42F3AFFD7E045FECF3845FF10FE8BFF49
:10BED00017CFD4FFCA147EFF5FD560FF09B02100E1
:10BEE000C805CFFFF12A80FE2321C0FFF8E5C40179
:10BEF00081117800FB6797FF073470FF8C3842FF91
:10BF000028E2F5FFD94625FEACD609FF4843860155
:10BF100092C0D6FF2C26700044B84BFFCE5AFB00CF
:10BF200095EB8D00B5AA3A0074F4EF005C9D020019
:10BF300066AD6200E98960017F31CB00059B94000A
:10BF4000179409FFD37A0C0022861AFFDBCC8800F5
:10BF5000860829FFE0532BFE5519F7006D7F00FE80
:10BF6000A9883000EE77DBFFE7ADD500CE12FEFEEC
:10BF700008BA07FF7E0907016F2A48006F34ECFEFC
:10BF8000603F8D0093BF7FFECD4EC0FF0E6AED0176
:10BF9000BBDB4C00AFF3BBFE6959AD00551959012D
:10BFA000A2F394000276D1FE219E09008BA32EFFFE
:10BFB0005D4628006C2A8EFE6FFC8EFF9BDF900092
:10BFC00033E5A7FF49FC9BFF5E740CFF98A0DAFFE6
:10BFD0009CEE25FFB3EACFFFC500B3FF9AA48D0006
:10BFE000E1C468000A2319FED1D4F2FF61FDDEFE30
:10BFF000B865E500DE127F01A48887FF1ECF8CFEA6
:10C000009261F30081C01AFEC95421FF6F0A4EFFEE
:10C010009351B2FF04041800A1EED7FF068D210052
:10C0200035D70EFF29B5D0FFE78B9D00B3CBDDFFE1
:10C03000FFB97100BDE2ACFF7142D6FFCA3E2DFFD1
:10C04000664008FF4EAE10FE857544FF00010203F6
:10C050000405060708090A0B0C0D0E0F0E0A04084A
:10C06000090F0D06010C00020B0705030B080C005D
:10C0700005020F0D0A0E0306070109040709030153
:10C080000D0C0B0E0206050A04000F080900050737
:10C0900002040A0F0E010B0C0608030D020C060A1F
:10C0A000000B0803040D07050F0E01090C05010F15
:10C0B0000E0D040A000706030902080B0D0B070EFC
:10C0C0000C01030905000F040806020A060F0E09F9
:10C0D0000B0300080C020D0701040A050A020804FC
:10C0E000070601050F0B090E030C0D0000010203EA
:10C0F0000405060708090A0B0C0D0E0F0E0A0408AA
:10C10000090F0D06010C00020B0705031B132C0A77
:10C11000A3E59CEDA72963085D210621EBFFFFFF46
:10C12000FFFFFFFFFFFFFFFFFFFFFFFF0F0000000C
:10C13000D94400088543000805440008AD440008C0
:10C14000600100002F000000537563636573736620
:10C15000756C6C79206D6F756E7465642053444303
:10C160006172642028736C6F77646F776E3D2575FC
:10C17000290A0000EB7690455846415420202000C3
:10C180004641543332202020000000002A3A3C3E31
:10C190007C223F7F002B2C3B3D5B5D00435545419E
:10C1A0004141414345454549494941414592924FA5
:10C1B0004F4F5555594F554F9C4F9E9F41494F5595
:10C1C000A5A5A6A7A8A9AAABACADAEAFB0B1B2B3B6
:10C1D000B4414141B8B9BABBBCBDBEBFC0C1C2C306
:10C1E000C4C54141C8C9CACBCCCDCECFD1D14545BC
:10C1F0004549494949D9DADBDCDD49DF4FE14F4F99
:10C200004F4FE6E8E85555555959EEEFF0F1F2F386
:10C21000F4F5F6F7F8F9FAFBFCFDFEFF010305075C
:10C22000090E10121416181C1E00000061001A03DB
:10C23000E0001703F8000703FF0001007801000188
:10C24000300132010601390110014A012E01790144
:10C25000060180014D0043028101820182018401B7
:10C26000840186018701870189018A018B018B0185
:10C270008D018E018F019001910191019301940133
:10C28000F60196019701980198013D029B019C01DE
:10C290009D0120029F01A001A001A201A201A40111
:10C2A000A401A601A701A701A901AA01AB01AC0144
:10C2B000AC01AE01AF01AF01B101B201B301B301F5
:10C2C000B501B501B701B801B801BA01BB01BC01A4
:10C2D000BC01BE01F701C001C101C201C301C4011B
:10C2E000C501C401C701C801C701CA01CB01CA0108
:10C2F000CD011001DD0101008E01DE011201F3010B
:10C300000300F101F401F401F801280122021201F5
:10C310003A020900652C3B023B023D02662C3F02BB
:10C3200040024102410246020A01530240008101DB
:10C330008601550289018A0158028F015A02900133
:10C340005C025D025E025F0293016102620294017F
:10C350006402650266026702970196016A02622C16
:10C360006C026D026E029C01700271029D017302EB
:10C3700074029F0176027702780279027A027B02C8
:10C380007C02642C7E027F02A60181028202A90146
:10C390008402850286028702AE014402B101B20125
:10C3A00045028D028E028F0290029102B7017B033B
:10C3B0000300FD03FE03FF03AC03040086038803B0
:10C3C00089038A03B1031103C2030200A303A30379
:10C3D000C4030803CC0303008C038E038F03D8032C
:10C3E0001801F2030A00F903F303F403F503F6035B
:10C3F000F703F703F903FA03FA03300420035004A8
:10C400001007600422018A043601C1040E01CF0422
:10C410000100C004D00444016105260400000000AE
:10C420007D1D0100632C001E9601A01E5A01001FF5
:10C430000806101F0606201F0806301F0806401FAA
:10C440000606511F0700591F521F5B1F541F5D1F17
:10C45000561F5F1F601F0806701F0E00BA1FBB1F0C
:10C46000C81FC91FCA1FCB1FDA1FDB1FF81FF91F08
:10C47000EA1FEB1FFA1FFB1F801F0806901F08060C
:10C48000A01F0806B01F0400B81FB91FB21FBC1FB1
:10C49000CC1F0100C31FD01F0206E01F0206E51FCC
:10C4A0000100EC1FF31F0100FC1F4E21010032218F
:10C4B00070211002842101008321D0241A05302C20
:10C4C0002F04602C0201672C0601752C0201802CC0
:10C4D0006401002D260841FF1A030000C700FC007C
:10C4E000E900E200E400E000E500E700EA00EB001C
:10C4F000E800EF00EE00EC00C400C500C900E60053
:10C50000C600F400F600F200FB00F900FF00D600C0
:10C51000DC00F800A300D800D7009201E100ED0094
:10C52000F300FA00F100D100AA00BA00BF00AE008B
:10C53000AC00BD00BC00A100AB00BB009125922562
:10C54000932502252425C100C200C000A90063254F
:10C55000512557255D25A200A50010251425342559
:10C560002C251C2500253C25E300C3005A25542515
:10C5700069256625602550256C25A400F000D000B3
:10C58000CA00CB00C8003101CD00CE00CF00182575
:10C590000C2588258425A600CC008025D300DF004B
:10C5A000D400D200F500D500B500FE00DE00DA00B0
:10C5B000DB00D900FD00DD00AF00B400AD00B1002C
:10C5C0001720BE00B600A700F700B800B000A80012
:10C5D000B700B900B300B200A025A00010000240CF
:10C5E000080002400008024000000B002800024042
:10C5F000080002400408024006010C00400002400E
:10C60000080002400808024010020D0058000240D5
:10C61000080002400C08024016030E0070000240A1
:10C620000C0002401008024000040F008800024085
:10C630000C0002401408024006051000A000024051
:10C640000C0002401808024010061100B800024019
:10C650000C0002401C08024016072F001004024084
:10C660000804024020080240000838002804024064
:10C670000804024024080240060939004004024030
:10C680000804024028080240100A3A0058040240F8
:10C69000080402402C080240160B3B0070040240C4
:10C6A0000C04024030080240000C3C0088040240A8
:10C6B0000C04024034080240060D4400A00402406D
:10C6C0000C04024038080240100E4500B804024035
:10C6D0000C0402403C080240160F46000100000016
:10C6E00000000000009600000000000000000000B4
:10C6F000000000000000000000000000000000003A
:10C70000ED930008F1930008ED7E000825820008F3
:10C71000817E0008A97E0008D17E0008697E00089D
:10C7200000000000D9820008C582000801830008CB
:10C73000ED820008F9820008E5820008D182000835
:10C74000BD8200080D83000800000000F18300088E
:10C75000DD8300081984000805840008118400089E
:10C76000FD830008E9830008D583000825840008BC
:10C770000000000001000000000000006330000025
:10C780007CC700080000000000000000E046002018
:10C79000104900200000812A00000000AAAAAAAACD
:10C7A00000000024FFFE00000000000000A00A00BE
:10C7B0000001000000000000AAAAAAAA00000000D0
:10C7C000FFFF000000000000000000001400AA5657
:10C7D00000000000AAAAAAAA14005554FFFF0000F6
:10C7E00000000000CCCC0C0020681A000000000003
:10C7F000AAAA8AAA10541500FFFF0000000C7007B7
:10C80000770000004081020100100000AAAAAAAA35
:10C8100000410100F7FF0000000000700700000069
:10C820000000000000000000AAAAAAAA0000000060
:10C83000FFFF0000000000000000000000000000FA
:10C8400000000000AAAAAAAA00000000FFFF000042
:10C8500000000000000000000000000000000000D8
:10C86000AAAAAAAA00000000FFFF00000000000022
:10C87000000000000000000000000000AAAAAAAA10
:10C8800000000000FFFF00000000000000000000AA
:10C890000000000000000000AAAAAAAA00000000F0
:10C8A000FFFF00000000000000000000000000008A
:10C8B00000000000AAAAAAAA00000000FFFF0000D2
:10C8C00000000000000000004375626550696C6F55
:10C8D0007400437562654F72616E67652B2D5365F9
:10C8E000637572652D424C2D7631300025534552CB
:10C8F00049414C250000000002000000000000003B
:10C90000118600088186000840004000C0610020B8
:10C91000D0610020020000000000000003000000C1
:10C9200000000000C98600080000000010000000A0
:10C93000E061002000000000010000000000000095
:10C940003C65002001010200E9940008F993000809
:10C9500095940008799400084300000060C900081D
:10C9600009024300020100C0320904000001020272
:10C970000100052400100105240100010424020225
:10C980000524060001070582030800FF09040100D1
:10C99000020A0000000705010240000007058102AD
:10C9A0004000000012000000ACC900081201100194
:10C9B00002000040AE2D58100002010203010000E9
:10C9C0000403090425424F41524425004375626522
:10C9D0004F72616E6765506C75732D4F444944000A
:10C9E00030313233343536373839414243444546A5
:10C9F0000000000000000020000002000200000013
:10CA000000000030000004000800000000000024C6
:10CA100000000800040000000004000000FC00000A
:10CA20000200000000000430008000000800000048
:10CA30000000003800000100010000001F1C1F1E44
:10CA40001F1E1F1F1E1F1E1F1F1D1F1E1F1E1F1FFD
:10CA50001E1F1E1F0000000025880008DD8A000838
:10CA6000898B000840004000746600207466002036
:10CA700001000000846600208000000040010000EA
:10CA80000800000000010000001000000800000085
:10CA900069646C65000000006D61696E002C0438EB
:10CAA000040438080C10141C202425260000000063
:10CAB000000064040100040000000000000C0010ED
:10CAC00028303400EC3AFF7F010000000000000035
:10CAD000B32700000000000000001E00000000005E
:10CAE000FF00000018490020203900208C39002068
:10CAF000F8390020000000005CBB0008830400003F
:10CB000067BB00085004000075BB0008010000006E
:10CB100000000000009600000000080096000000E1
:10CB20000008000004000000C0C900080000000068
:10CB300000000000000000000000000000000000F5
:04CB400000000000F1
:00000001FF
